osm_id,osm_type,name,category,category_key,category_group,osm_tag,street_address,city,province,postcode,phone,email,website,opening_hours,lat,lon,distance_km,website_tier,social_platform,site_checked,site_verdict,site_verdict_reason,http_status,final_url,https,viewport_meta,page_weight_bytes,site_evidence
node/13909964701,node,Common House Cafe,cafe,amenity,Food & drink,amenity=cafe,71 Main Street West,,,,,,http://sippyhousecoffeeroasters.ca,Mo-Fr 08:00-16:00,43.2556199,-79.8729631,0.052,has_website,,yes,dead,not reachable — getaddrinfo ENOTFOUND sippyhousecoffeeroasters.ca,0,http://sippyhousecoffeeroasters.ca,,,,network
node/13599643702,node,Café on Bay,cafe,amenity,Food & drink,amenity=cafe,100 Main Street West,,,,,,https://hospitality.mcmaster.ca/locations/our-locations/,Mo-Fr 07:30-15:30,43.2569325,-79.8740185,0.133,has_website,,yes,ok,"reachable, HTTPS, responsive, no age signals (138885 bytes of HTML)",200,https://hospitality.mcmaster.ca/locations/our-locations/,yes,yes,138885,"HTTP 200 | 138885 bytes | title: ""Our Locations - Hospitality Services"" | generator: WordPress 7.1.2"
node/7923501699,node,Michael Lamont Personal Injury Law,lawyer,office,Professional services,office=lawyer,,,,,,,,,43.2554945,-79.8710574,0.16,no_website,,no,,,,,,,,
node/419357117,node,Anchor Bar and Grill,pub,amenity,Food & drink,amenity=pub,120 King Street West,Hamilton,,,,,,,43.2578889,-79.8725868,0.202,no_website,,no,,,,,,,,
node/3985385485,node,The Himalayan Hearth Bar & Grill,restaurant,amenity,Food & drink,amenity=restaurant,110,,,,+1-905-570-0975,,,Mo-Su 12:00-10:00,43.2574829,-79.8712478,0.203,no_website,,no,,,,,,,,
node/2605626551,node,Starbucks,cafe,amenity,Food & drink,amenity=cafe,,,,,,,,,43.2578986,-79.871979,0.214,no_website,,no,,,,,,,,
node/2619392694,node,Toby's Good Eats,restaurant,amenity,Food & drink,amenity=restaurant,,,,,,,,,43.2573268,-79.870764,0.219,no_website,,no,,,,,,,,
node/6655835488,node,Pita Pit,fast_food,amenity,Food & drink,amenity=fast_food,,,,,,,,,43.2578275,-79.8715583,0.221,no_website,,no,,,,,,,,
node/12879292931,node,I.D.A.,pharmacy,healthcare,Health & clinics,healthcare=pharmacy,,,,,,,,,43.2579114,-79.8716849,0.225,no_website,,no,,,,,,,,
node/6655676633,node,Long-Distance Phone Card,mobile_phone,shop,Retail shops,shop=mobile_phone,,,,,,,,,43.258001,-79.8718653,0.228,no_website,,no,,,,,,,,
node/6655773477,node,Medical Centre Optical,optician,shop,Retail shops,shop=optician,,,,,,,,,43.2577311,-79.871191,0.228,no_website,,no,,,,,,,,
node/6655761593,node,Power Deals Dollar Store,variety_store,shop,Retail shops,shop=variety_store,,,,,,,,,43.2581066,-79.8723953,0.228,no_website,,no,,,,,,,,
node/6655773469,node,Kimberly Fashion,clothes,shop,Retail shops,shop=clothes,,,,,,,,,43.2579787,-79.8717699,0.229,no_website,,no,,,,,,,,
node/6655676635,node,Wireless+,mobile_phone,shop,Retail shops,shop=mobile_phone,,,,,,,,,43.2579519,-79.8716574,0.23,no_website,,no,,,,,,,,
node/6655794674,node,Booster Juice,fast_food,amenity,Food & drink,amenity=fast_food,,,,,,,,,43.2576781,-79.8710072,0.232,no_website,,no,,,,,,,,
node/4026684210,node,Pardon Applications of Canada,lawyer,office,Professional services,office=lawyer,"21 King Street West, Unit 5th Floor",Hamilton,Ontario,L4P 4W7,+1 905-545-2022,info@pardonapplications.ca,https://www.pardonapplications.ca/,Mo-Su 09:00-19:00,43.2567921,-79.8701083,0.236,has_website,,yes,ok,"reachable, HTTPS, responsive, no age signals (233114 bytes of HTML)",200,https://www.pardonapplications.ca/,yes,yes,233114,"HTTP 200 | 233114 bytes | title: ""Canadian Pardon &amp; U.S. Waiver Experts | Pardon Applications"" | generator: Site Kit by Google 1.188.0"
node/14156015427,node,Best Western Shoe Repair,shoe_repair,shop,Retail shops,shop=shoe_repair,"116 King Street West, Unit 5A (close by Sheraton Hotel and Starbucks)",Hamt,Ontario,L8P4V3,+1-905-522-3241,,https://www.instagram.com/bestwesternshoerepai,Tu-Fr 09:00-18:00; Sa 10:00-17:00,43.2581063,-79.8719357,0.237,social_only,instagram,no,,,,,,,,
node/13122026398,node,Hamilton Natural Therapy Centre,massage,shop,Salons & barbers,shop=massage,,,,,,,,"Mo-Fr 10:00-19:00; Sa,Su 10:00-18:00",43.2581711,-79.8734015,0.237,no_website,,no,,,,,,,,
node/6655761599,node,HT Jewellery,jewelry,shop,Retail shops,shop=jewelry,,,,,,,,,43.2580509,-79.8717003,0.238,no_website,,no,,,,,,,,
node/6655676644,node,Shoe Corner,shoes,shop,Retail shops,shop=shoes,,,,,,,,,43.2580293,-79.8716075,0.239,no_website,,no,,,,,,,,
node/6655773468,node,Ardene,clothes,shop,Retail shops,shop=clothes,,,,,,,,,43.2580235,-79.8715127,0.242,no_website,,no,,,,,,,,
node/6655676641,node,Sunglass Stop,optician,shop,Retail shops,shop=optician,,,,,,,,,43.2578631,-79.8710742,0.245,no_website,,no,,,,,,,,
node/6655676638,node,1001 Nights,clothes,shop,Retail shops,shop=clothes,,,,,,,,,43.2579884,-79.8713293,0.246,no_website,,no,,,,,,,,
way/122209434,way,Gowling WLG,lawyer,office,Professional services,office=lawyer,,,,,,,,Mo-Fr 08:30-17:00,43.2551697,-79.8700725,0.247,no_website,,no,,,,,,,,
node/9173519330,node,Ross & McBride LLP,lawyer,office,Professional services,office=lawyer,,,,,,,,,43.2566279,-79.8699065,0.247,no_website,,no,,,,,,,,
node/6655761587,node,Dollarama,variety_store,shop,Retail shops,shop=variety_store,,,,,,,,Mo-We 08:00-19:00; Th-Fr 08:00-21:00; Sa 08:00-20:00; Su 10:00-17:00,43.2579293,-79.8710956,0.25,no_website,,no,,,,,,,,
node/14126958338,node,Rosie’s Burgers,restaurant,amenity,Food & drink,amenity=restaurant,100 King Street West,Toronto,Ontario,M5H 1H1,,FCP@rosiesburgers.ca,https://rosiesburgers.ca/,Su-Th 11:00-21:00; Fr-Sa 11:00-23:00,43.2573798,-79.8703417,0.25,has_website,,yes,ok,"reachable, HTTPS, responsive, no age signals (134799 bytes of HTML)",200,https://rosiesburgers.ca/,yes,yes,134799,"HTTP 200 | 134799 bytes | title: ""Rosie&#039;s Burgers - Rosie&#039;s Burgers"""
node/7263917846,node,The Window Experts,window_construction,craft,Trades & contractors,craft=window_construction,1 King St W,Hamilton,,L8P 4X8,+1-289-206-5233,,https://thewindowexperts.ca/windows-and-doors-hamilton/,Mo-Fr 08:00-19:00; Sa 09:00-17:00,43.2566285,-79.8698348,0.252,has_website,,yes,dead,homepage returns HTTP 404,404,https://thewindowexperts.ca/windows-and-doors-hamilton/,yes,,52788,HTTP 404
node/13825067901,node,Hamilton Endoscopy Centre,clinic,healthcare,Health & clinics,healthcare=clinic,40 James Street South,,,L8P 2X8,+1-905-297-8434,,http://www.hamiltonendoscopycentre.com/,,43.2555783,-79.8698162,0.253,has_website,,yes,outdated,"outdated signals — doctype: <!DOCTYPE HTML PUBLIC ""-//W3C//DTD HTML 4.01 Transitional//E; footer copyright stops at 2012; served over http:// only (no HTTPS)",200,http://www.hamiltonendoscopycentre.com/,no,yes,23556,"HTTP 200 | 23556 bytes | title: ""Hamilton Endoscopy Centre- Colonoscopy, Gastroscopy"" | doctype: <!DOCTYPE HTML PUBLIC ""-//W3C//DTD HTML 4.01 Transitional//E | footer copyright stops at 2012 | served over http:// only (no HTTPS)"
node/6655761602,node,Anna Bella,clothes,shop,Retail shops,shop=clothes,,,,,,,,,43.2580393,-79.8712045,0.256,no_website,,no,,,,,,,,
node/3985385484,node,Zone Barbershop,hairdresser,shop,Salons & barbers,shop=hairdresser,,,,,,,,,43.2582006,-79.8740771,0.256,no_website,,no,,,,,,,,
node/6655798297,node,Tim Hortons,cafe,amenity,Food & drink,amenity=cafe,,,,,+1-905-525-7021,,https://locations.timhortons.ca/en/on/hamilton/2-king-street-west-jackson-square-unit-162/,Mo-Fr 06:00-20:00; Sa-Su 08:30-17:00,43.2583809,-79.8731901,0.257,has_website,,yes,outdated,outdated signals — footer copyright stops at 2023,200,https://locations.timhortons.ca/en/on/hamilton/2-king-street-west-jackson-square-unit-162/,yes,yes,109591,"HTTP 200 | 109591 bytes | title: ""Hamilton, 2 King Street West Jackson Square, Unit 162 Location | Tim Hortons Can"" | generator: Astro v4.10.0 | footer copyright stops at 2023"
node/6655773479,node,Naturals,hairdresser,shop,Salons & barbers,shop=hairdresser,,,,,,,,,43.2580219,-79.8710854,0.259,no_website,,no,,,,,,,,
node/6655798295,node,Tim Hortons,cafe,amenity,Food & drink,amenity=cafe,,,,L8P 1A1,+1-289-426-0605,,https://locations.timhortons.ca/en/on/hamilton/unit-450-2-king-street-west/,Mo-Fr 07:00-18:00; Sa 09:00-18:00; Su 09:00-17:00,43.2575096,-79.8702863,0.262,has_website,,yes,outdated,outdated signals — footer copyright stops at 2023,200,https://locations.timhortons.ca/en/on/hamilton/unit-450-2-king-street-west/,yes,yes,105462,"HTTP 200 | 105462 bytes | title: ""Hamilton, Unit 450, 2 King Street West Location | Tim Hortons Canada"" | generator: Astro v4.10.0 | footer copyright stops at 2023"
node/6655773481,node,Primrose Optical,optician,shop,Retail shops,shop=optician,,,,,,,,,43.2581297,-79.8711754,0.266,no_website,,no,,,,,,,,
node/13950758874,node,Tim Hortons,fast_food,amenity,Food & drink,amenity=fast_food,,,,,,,,,43.2584519,-79.8732796,0.266,no_website,,no,,,,,,,,
node/6655676636,node,WirelessWave,mobile_phone,shop,Retail shops,shop=mobile_phone,,,,,,,,,43.258077,-79.8710598,0.266,no_website,,no,,,,,,,,
node/13599700801,node,A One Convenience & Vape,convenience,shop,Retail shops,shop=convenience,140 Main Street West,,,,,,,Mo-Fr 08:00-23:00; Sa-Su 08:30-23:00,43.2574347,-79.8756017,0.268,no_website,,no,,,,,,,,
node/6655773476,node,Maverick Studio for Men,hairdresser,shop,Salons & barbers,shop=hairdresser,,,,,,,,,43.2577117,-79.870271,0.277,no_website,,no,,,,,,,,
node/3985385488,node,West End Pharmacy,pharmacy,healthcare,Health & clinics,healthcare=pharmacy,174 King Street West,,,,,,,,43.2582947,-79.8744209,0.277,no_website,,no,,,,,,,,
node/6655648447,node,Cellrox,mobile_phone,shop,Retail shops,shop=mobile_phone,,,,,,,,,43.2581045,-79.8708459,0.278,no_website,,no,,,,,,,,
node/6655773478,node,Nails for You,beauty,shop,Salons & barbers,shop=beauty,,,,,,,,,43.258267,-79.8711814,0.279,no_website,,no,,,,,,,,
node/1353859671,node,Downtown Main Dental Clinic,dentist,healthcare,Health & clinics,healthcare=dentist,,,,,,,,,43.2567742,-79.8761762,0.28,no_website,,no,,,,,,,,
node/6655761598,node,Golden Gate Jewellery,jewelry,shop,Retail shops,shop=jewelry,,,,,,,,,43.2580069,-79.8706348,0.28,no_website,,no,,,,,,,,
node/6655773470,node,Me Boutique,clothes,shop,Retail shops,shop=clothes,,,,,,,,,43.2580931,-79.8707801,0.28,no_website,,no,,,,,,,,
node/6655794682,node,KFC,fast_food,amenity,Food & drink,amenity=fast_food,,,,,,,,,43.2583354,-79.8712888,0.281,no_website,,no,,,,,,,,
node/6655761600,node,Mike's Jewellery,jewelry,shop,Retail shops,shop=jewelry,,,,,,,,,43.2579869,-79.8705429,0.283,no_website,,no,,,,,,,,
node/12879077286,node,Abundance Healthcare,clinic,healthcare,Health & clinics,healthcare=clinic,,,,,,,,,43.2571474,-79.876043,0.284,no_website,,no,,,,,,,,
node/6655794683,node,Taco Bell,fast_food,amenity,Food & drink,amenity=fast_food,,,,,,,,,43.2583695,-79.8712954,0.284,no_website,,no,,,,,,,,
node/6655798289,node,Stitches,clothes,shop,Retail shops,shop=clothes,,,,,,,,,43.2574977,-79.8699193,0.285,no_website,,no,,,,,,,,
node/6655676645,node,Shoe Point,shoes,shop,Retail shops,shop=shoes,,,,,,,,,43.2578127,-79.8702411,0.286,no_website,,no,,,,,,,,
node/6655835486,node,New York Fries,fast_food,amenity,Food & drink,amenity=fast_food,,,,,,,https://www.newyorkfries.com/locations/lloyd-d.-jackson-square,,43.2584096,-79.8713048,0.288,has_website,,yes,ok,"reachable, HTTPS, responsive, no age signals (536428 bytes of HTML)",200,https://www.newyorkfries.com/locations/lloyd-d.-jackson-square,yes,yes,536428,"HTTP 200 | 536428 bytes | title: ""Lloyd D. Jackson Square"" | generator: Wix.com Website Builder"
node/6655676634,node,Best Buy Express,electronics,shop,Retail shops,shop=electronics,,,,,,,,,43.2580114,-79.8704781,0.289,no_website,,no,,,,,,,,
node/6655798286,node,Bluenotes,clothes,shop,Retail shops,shop=clothes,,,,,,,,,43.2582764,-79.8709559,0.289,no_website,,no,,,,,,,,
node/12219914835,node,Bousfields,consulting,office,Professional services,office=consulting,,,,,,,,,43.2554329,-79.8694025,0.289,no_website,,no,,,,,,,,
node/6655648445,node,Batteries & Gadgets,electronics,shop,Retail shops,shop=electronics,,,,,,,,,43.2579917,-79.8703971,0.291,no_website,,no,,,,,,,,
node/6655773473,node,Suzy Shier,clothes,shop,Retail shops,shop=clothes,,,,,,,,,43.2581326,-79.8706272,0.291,no_website,,no,,,,,,,,
node/6655794680,node,Jimmy the Greek,fast_food,amenity,Food & drink,amenity=fast_food,,,,,,,,,43.2584497,-79.8713169,0.292,no_website,,no,,,,,,,,
node/6655798285,node,Heroes N' Legends,sports,shop,Retail shops,shop=sports,,,,,,,,,43.2578839,-79.8702087,0.294,no_website,,no,,,,,,,,
node/6655773472,node,Sirens,clothes,shop,Retail shops,shop=clothes,,,,,,,,,43.2576208,-79.8699136,0.294,no_website,,no,,,,,,,,
node/13950758870,node,Wok Express,fast_food,amenity,Food & drink,amenity=fast_food,,,,,,,,,43.2584812,-79.8713243,0.294,no_website,,no,,,,,,,,
node/10948786281,node,Genki ya sushi,restaurant,amenity,Food & drink,amenity=restaurant,1 James Street South,,,L8P 4R5,+1 289-389-2988,,https://genkiyasushi.ca/,Mo-Fr 09:30-21:00,43.2558943,-79.869198,0.297,has_website,,yes,ok,"reachable, HTTPS, responsive, no age signals (33388 bytes of HTML)",200,https://genkiyasushi.ca/,yes,yes,33388,"HTTP 200 | 33388 bytes | title: ""Genki Ya Sushi | Sushi, Japanese - Hamilton, Canada"""
node/6655798291,node,Country Style,cafe,amenity,Food & drink,amenity=cafe,100 King Street West,,,L8P 1A2,,,https://locations.countrystyle.com/stores/king-street-hamilton-country-style/,Mo-Fr 06:00-17:00; Sa 07:30-17:00,43.2579502,-79.870194,0.3,has_website,,yes,ok,"reachable, HTTPS, responsive, no age signals (93773 bytes of HTML)",200,https://locations.countrystyle.com/stores/king-street-hamilton-country-style/,yes,yes,93773,"HTTP 200 | 93773 bytes | title: ""King Street Hamilton Country Style | locations.countrystyle.com"" | generator: WordPress 7.1.2"
node/13950758871,node,Pie Me,fast_food,amenity,Food & drink,amenity=fast_food,,,,,,,,,43.2585389,-79.8713149,0.301,no_website,,no,,,,,,,,
node/6655648440,node,Hamilton Suzuki School of Music,music_school,amenity,Services,amenity=music_school,,,,,,,,,43.2581265,-79.8704078,0.302,no_website,,no,,,,,,,,
node/10221509292,node,Scarfone Hawkins LLP,lawyer,office,Professional services,office=lawyer,"1 James Street South, Unit 14th Floor",,,L8N 3P9,+1 905 523 1333,info@shlaw.ca,https://shlaw.ca/,,43.2559809,-79.8691289,0.302,has_website,,yes,ok,"reachable, HTTPS, responsive, no age signals (116791 bytes of HTML)",200,https://shlaw.ca/,yes,yes,116791,"HTTP 200 | 116791 bytes | title: ""Scarfone Hawkins LLP - Home - Scarfone Hawkins LLP"""
node/2821258534,node,Jackson Square Food Court,food_court,amenity,Food & drink,amenity=food_court,,,,,,,,,43.2584469,-79.8710153,0.303,no_website,,no,,,,,,,,
node/13912570902,node,Blackbird Studios,clothes,shop,Retail shops,shop=clothes,100 James Street South,,,,,,,,43.253929,-79.8705162,0.305,no_website,,no,,,,,,,,
node/12879258778,node,Brothers Burger,fast_food,amenity,Food & drink,amenity=fast_food,,,,,,,,,43.2583875,-79.8708153,0.305,no_website,,no,,,,,,,,
node/6655773475,node,Joseph's Coiffures,hairdresser,shop,Salons & barbers,shop=hairdresser,,,,,,,,,43.2572285,-79.86942,0.306,no_website,,no,,,,,,,,
node/6655794675,node,Burger King,fast_food,amenity,Food & drink,amenity=fast_food,,,,,,,,,43.2585718,-79.8712311,0.307,no_website,,no,,,,,,,,
node/6655773484,node,Total Image,hairdresser,shop,Salons & barbers,shop=hairdresser,,,,,,,,,43.2580599,-79.8702064,0.308,no_website,,no,,,,,,,,
node/12879224528,node,Pita Lite,fast_food,amenity,Food & drink,amenity=fast_food,,,,,,,,,43.2585876,-79.8711699,0.311,no_website,,no,,,,,,,,
node/13950758873,node,Mumuso,variety_store,shop,Retail shops,shop=variety_store,,,,,,,,,43.2583298,-79.8705518,0.312,no_website,,no,,,,,,,,
node/261124883,node,Modern Indian Buffet,restaurant,amenity,Food & drink,amenity=restaurant,,,,,+1-905-524-2815,,,,43.2568652,-79.8765655,0.313,no_website,,no,,,,,,,,
node/13950758872,node,Aichi Japan,fast_food,amenity,Food & drink,amenity=fast_food,,,,,,,,,43.2586023,-79.8711178,0.314,no_website,,no,,,,,,,,
way/837658537,way,Alisa Williams Family Law,lawyer,office,Professional services,office=lawyer,138 Hunter Street West,,,,,,,,43.2552095,-79.8765613,0.315,no_website,,no,,,,,,,,
node/6655794681,node,JusTeas Bubble Tea & Special Eats,fast_food,amenity,Food & drink,amenity=fast_food,,,,,,,,,43.2584101,-79.870515,0.321,no_website,,no,,,,,,,,
node/6655798287,node,International Clothiers,clothes,shop,Retail shops,shop=clothes,,,,,,,,,43.2577033,-79.8695667,0.322,no_website,,no,,,,,,,,
node/6655761601,node,Time & Jewel Centre,jewelry,shop,Retail shops,shop=jewelry,,,,,,,,,43.25779,-79.8695607,0.328,no_website,,no,,,,,,,,
node/6655648436,node,Angel Beauty Bar,beauty,shop,Salons & barbers,shop=beauty,,,,,,,,,43.2576039,-79.8693698,0.329,no_website,,no,,,,,,,,
node/6655773474,node,Help My Hearing,hearing_aids,shop,Retail shops,shop=hearing_aids,,,,,,,,,43.2584406,-79.8703469,0.332,no_website,,no,,,,,,,,
node/6655773482,node,Rexall,pharmacy,healthcare,Health & clinics,healthcare=pharmacy,"2 King Street West, Unit 18",,,,+1-905-529-6216,1404rx@rexall.ca,https://www.rexall.ca/storelocator/store/1404,Mo-Sa 08:00-20:00; Su 09:00-18:00,43.2582028,-79.8699706,0.332,has_website,,yes,ok,"reachable, HTTPS, responsive, no age signals (140403 bytes of HTML)",200,https://www.rexall.ca/storelocator/store/1404,yes,yes,140403,"HTTP 200 | 140403 bytes | title: ""King Street West in Hamilton, Ontario Pharmacy &amp; Drug Store | Rexall"""
node/2605626552,node,King & James Convenience,convenience,shop,Retail shops,shop=convenience,,,,,,,,,43.2567652,-79.8688568,0.333,no_website,,no,,,,,,,,
node/6655676629,node,Fido,mobile_phone,shop,Retail shops,shop=mobile_phone,,,,,,,,,43.2576796,-79.8693647,0.334,no_website,,no,,,,,,,,
way/374039617,way,A&W,fast_food,amenity,Food & drink,amenity=fast_food,196 King Street West,,,,,,,24/7,43.2586218,-79.8751205,0.337,no_website,,no,,,,,,,,
node/13912593201,node,National Pizza,fast_food,amenity,Food & drink,amenity=fast_food,,,,,,,,,43.2567572,-79.8688051,0.337,no_website,,no,,,,,,,,
node/6655773483,node,Summer Sun Tanning Salon,beauty,shop,Salons & barbers,shop=beauty,,,,,,,,,43.2588481,-79.8711614,0.337,no_website,,no,,,,,,,,
node/6655648448,node,Chatr,mobile_phone,shop,Retail shops,shop=mobile_phone,,,,,,,,,43.2584195,-79.8700886,0.343,no_website,,no,,,,,,,,
node/6655676631,node,Telus,mobile_phone,shop,Retail shops,shop=mobile_phone,2 King Street West,Hamilton,ON,L8P 1A1,+12897684014,,,Mo-Sa 10:00-18:00; Su 12:00-17:00,43.25755,-79.8691365,0.343,no_website,,no,,,,,,,,
node/442755579,node,Gino's Pizza,fast_food,amenity,Food & drink,amenity=fast_food,7 King Street East,,,L8N 1A1,,,https://www.ginospizza.ca/locations?city=hamilton&store=0011,Su-We 11:00-23:00; Th 11:00-00:00; Fr-Sa 11:00-01:00,43.2567271,-79.8687075,0.344,has_website,,yes,ok,not assessed — server answered HTTP 403 to automated requests (bot protection or login wall),403,https://www.ginospizza.ca/locations?city=hamilton&store=0011,yes,,59,HTTP 403
node/12879219868,node,Happy Nails & Pedi Spa,beauty,shop,Salons & barbers,shop=beauty,,,,,,,,,43.2569417,-79.8687672,0.345,no_website,,no,,,,,,,,
node/6655676630,node,Freedom Mobile,mobile_phone,shop,Retail shops,shop=mobile_phone,,,,,,,,,43.2576492,-79.8691425,0.348,no_website,,no,,,,,,,,
node/12878971977,node,Popeyes,fast_food,amenity,Food & drink,amenity=fast_food,11 King Street East,,,L8N 1A1,,,https://www.popeyeschicken.ca/restaurants/restaurant_87236/info,Mo-Su 11:00-23:00,43.2567086,-79.8686529,0.348,has_website,,yes,ok,"reachable, HTTPS, responsive, no age signals (18235 bytes of HTML)",200,https://www.popeyeschicken.ca/restaurants/restaurant_87236/info,yes,yes,18235,HTTP 200 | 18235 bytes
node/9412758393,node,The Standard,restaurant,amenity,Food & drink,amenity=restaurant,10 James Street North,,,L8R 2J9,,,,,43.2570189,-79.8687493,0.349,no_website,,no,,,,,,,,
node/3985385458,node,Alley,clothes,shop,Retail shops,shop=clothes,,,,,,,,,43.2566947,-79.8686021,0.351,no_website,,no,,,,,,,,
node/6655676637,node,GoodLife Fitness,fitness_centre,leisure,Fitness & leisure,leisure=fitness_centre,,,,,,,,,43.2589924,-79.8711242,0.353,no_website,,no,,,,,,,,
node/11610994852,node,May's Thai Kitchen,fast_food,amenity,Food & drink,amenity=fast_food,,,,,,,http://maysthaikitchen.ca,We-Sa 10:00-17:00,43.2588846,-79.870759,0.355,has_website,,yes,ok,"reachable, HTTPS, responsive, no age signals (56622 bytes of HTML)",200,https://www.maysthaikitchen.ca/,yes,yes,56622,"HTTP 200 | 56622 bytes | title: ""Home | May's Thai Kitchen"" | generator: Square Online"
node/12879038295,node,Mix+ Foodmart,convenience,shop,Retail shops,shop=convenience,,,,,,,,,43.2583043,-79.8759961,0.355,no_website,,no,,,,,,,,
node/11610994855,node,Blackberry Hill Farm,bakery,shop,Retail shops,shop=bakery,,,,,,,,,43.2589202,-79.8708214,0.356,no_website,,no,,,,,,,,
node/8948967730,node,Latin Food and Products,convenience,shop,Retail shops,shop=convenience,,,,,,,,,43.2588553,-79.8706256,0.358,no_website,,no,,,,,,,,
node/11610994853,node,Eldercamp at the Market,fast_food,amenity,Food & drink,amenity=fast_food,,,,,,,,,43.2589554,-79.8708046,0.36,no_website,,no,,,,,,,,
node/3985385483,node,Subway,fast_food,amenity,Food & drink,amenity=fast_food,15 King Street East,,,L8N 1A1,+1-905-523-7827,,https://restaurants.subway.com/canada/on/hamilton/15-king-st-e,Mo-Fr 08:00-23:00; Sa 09:00-22:00; Su 09:00-21:00,43.2566547,-79.8684809,0.36,has_website,,yes,outdated,outdated signals — footer copyright stops at 2019,200,https://restaurants.subway.com/canada/on/hamilton/15-king-st-e,yes,yes,452342,"HTTP 200 | 452342 bytes | title: ""Subway® Restaurants - Sandwiches, Salads, Wraps & More | SUBWAY at 15 King St E "" | footer copyright stops at 2019"
node/11610994850,node,British Baked Goods,bakery,shop,Retail shops,shop=bakery,,,,,,,,,43.2589397,-79.8707436,0.361,no_website,,no,,,,,,,,
node/6484630456,node,Persona,restaurant,amenity,Food & drink,amenity=restaurant,14 James Street North,,,,,,,,43.2571881,-79.8686615,0.362,no_website,,no,,,,,,,,
way/122209263,way,Vida-la-Pita,restaurant,amenity,Food & drink,amenity=restaurant,217 King Street West,,,,,,,,43.2583509,-79.8760747,0.363,no_website,,no,,,,,,,,
node/11610994856,node,Chaton,bakery,shop,Retail shops,shop=bakery,,,,,,,,,43.2589246,-79.8706363,0.364,no_website,,no,,,,,,,,
node/12879076582,node,YMCA Employment Services,employment_agency,office,Professional services,office=employment_agency,,,,,,,http://YtoWork.ca,,43.2551928,-79.868538,0.364,has_website,,yes,ok,"reachable, HTTPS, responsive, no age signals (268275 bytes of HTML)",200,https://www.ymcahbb.ca/education-training-settlement/job-seeker-employer-services,yes,yes,268275,"HTTP 200 | 268275 bytes | title: ""Job Seeker &amp; Employer Services | YMCA Hamilton | Burlington | Brantford"" | generator: Drupal 10 (https://www.drupal.org); Commerce 3"
node/11610994857,node,Indonesian's Flavour,fast_food,amenity,Food & drink,amenity=fast_food,,,,,,,http://indonesiansflavour.ca,,43.2589124,-79.8705786,0.365,has_website,,yes,outdated,served over http:// only (no HTTPS) (no other age signals found),200,http://indonesiansflavour.ca/,no,yes,280053,"HTTP 200 | 280053 bytes | title: ""Home | Indonesian&#39;s Flavour"" | served over http:// only (no HTTPS)"
node/2407324913,node,SimpsonWigle Law LLP,lawyer,office,Professional services,office=lawyer,,,,,,,,,43.2537885,-79.8696317,0.365,no_website,,no,,,,,,,,
node/8948967732,node,Dilly's Farmacy,greengrocer,shop,Retail shops,shop=greengrocer,,,,,,,,,43.2588094,-79.8703332,0.366,no_website,,no,,,,,,,,
node/14115542977,node,Hellamaid Cleaning Services Hamilton,cleaning,craft,Trades & contractors,craft=cleaning,"1 Hunter St E, Unit Suite G100",Hamilton,ON,L8N 3W1,+1 289-812-8155,weclean@hellamaid.com,https://hellamaid.ca/house-cleaning-service-hamilton/,Mo-Su 07:00-19:00,43.253776,-79.8696291,0.366,has_website,,yes,ok,"reachable, HTTPS, responsive, no age signals (469024 bytes of HTML)",200,https://hellamaid.ca/house-cleaning-service-hamilton/,yes,yes,469024,"HTTP 200 | 469024 bytes | title: ""Cleaning Services Hamilton, ON | House Cleaning | Hellamaid"" | generator: WordPress 7.1.2"
node/11610994842,node,The Cookie Doh Factory,bakery,shop,Retail shops,shop=bakery,,,,,,,,,43.2588856,-79.8704915,0.366,no_website,,no,,,,,,,,
node/8948967746,node,Market Bakery,bakery,shop,Retail shops,shop=bakery,,,,,,,,,43.2586941,-79.8700617,0.368,no_website,,no,,,,,,,,
way/253558797,way,MVA Claims Ontario (Oatley Vigmond Lawyers),lawyer,office,Professional services,office=lawyer,"1 Hunter Street East, Unit G100",Hamilton,Ontario,L8N 3W1,,,,,43.2537863,-79.8695807,0.368,no_website,,no,,,,,,,,
node/11610994851,node,Apothecary Kitchen,fast_food,amenity,Food & drink,amenity=fast_food,,,,,,,https://www.healwithplants.ca/,,43.2590614,-79.8708341,0.37,has_website,,yes,outdated,outdated signals — footer copyright stops at 2023,200,https://www.healwithplants.ca/,yes,yes,508497,"HTTP 200 | 508497 bytes | title: ""Apothecary Kitchen"" | footer copyright stops at 2023"
node/8948967731,node,CC Produce,greengrocer,shop,Retail shops,shop=greengrocer,,,,,,,,,43.2587777,-79.8701401,0.372,no_website,,no,,,,,,,,
node/8270845707,node,Liberty Tax,tax_advisor,office,Professional services,office=tax_advisor,19 King Street East,,,,+1-905-529-1432,,,"Mo, We, Sa 10:00-16:00",43.2566393,-79.8683346,0.372,no_website,,no,,,,,,,,
node/8100994903,node,Jag Virk Criminal Lawyers,lawyer,office,Professional services,office=lawyer,1 Hunter Street East,Hamilton,Ontario,L8N 3W8,+1-888-524-8475,office@jagvirklawyers.com,https://jagvirklawyers.com/hamilton-office/,24/7,43.2537617,-79.8695,0.375,has_website,,yes,ok,"reachable, HTTPS, responsive, no age signals (124505 bytes of HTML)",200,https://jagvirklawyers.com/hamilton-office/,yes,yes,124505,"HTTP 200 | 124505 bytes | title: ""Criminal Defence Lawyer Hamilton | Jag Virk Lawyers"" | generator: WordPress 7.1.2"
node/13131704057,node,Passport Health Hamilton Travel Clinic,clinic,healthcare,Health & clinics,healthcare=clinic,"20 Hughson Street South, Unit 709",Hamilton,ON,L8N 2A1,,,,,43.255245,-79.8683694,0.375,no_website,,no,,,,,,,,
node/11610994845,node,Lee's Fresh Produce,greengrocer,shop,Retail shops,shop=greengrocer,,,,,,,,,43.2588089,-79.8701146,0.376,no_website,,no,,,,,,,,
node/8270845706,node,Kenzo Ramen,restaurant,amenity,Food & drink,amenity=restaurant,21 King Street East,,,,,,,Mo-Sa 11:30-21:00,43.2566065,-79.8682582,0.377,no_website,,no,,,,,,,,
node/11610994846,node,Truong's Produce,greengrocer,shop,Retail shops,shop=greengrocer,,,,,,,,,43.258785,-79.8700503,0.377,no_website,,no,,,,,,,,
node/13951049032,node,The Iron Cow Public House,restaurant,amenity,Food & drink,amenity=restaurant,101 York Boulevard,,,L8R 3L4,,info@ironcowpublichouse.com,https://www.ironcowpublichouse.com/,"Tu 16:00-21:00; We 15:00-21:00; Th 17:00-21:00; Fr,Sa 17:00-22:00",43.2593202,-79.871386,0.379,has_website,,yes,ok,"reachable, HTTPS, responsive, no age signals (602456 bytes of HTML)",200,https://www.ironcowpublichouse.com/,yes,yes,>=602456,HTTP 200 | 602456 bytes | generator: Wix.com Website Builder
node/8868862220,node,Mexican Kitchen,fast_food,amenity,Food & drink,amenity=fast_food,,,,,,,,,43.25912,-79.8707074,0.38,no_website,,no,,,,,,,,
node/8948967757,node,Buttram Family Farm,greengrocer,shop,Retail shops,shop=greengrocer,,,,,,,,,43.2589452,-79.8702849,0.381,no_website,,no,,,,,,,,
node/3985385477,node,City Mart Inc.,convenience,shop,Retail shops,shop=convenience,23 King Street East,,,,,,,Mo-We 06:00-22:00; Th-Fr 06:00-23:00; Sa-Su 07:00-22:00,43.2565831,-79.8682016,0.381,no_website,,no,,,,,,,,
node/11610994849,node,Nonno's Butcher,fast_food,amenity,Food & drink,amenity=fast_food,,,,,,,,,43.2587943,-79.8699899,0.381,no_website,,no,,,,,,,,
node/9358625197,node,Derek Wilson Personal Injury Law,lawyer,office,Professional services,office=lawyer,"19 Bold Street, Unit 1",Hamilton,Ontario,L8P 1T3,+1-905-769-0418,dwilson@derekwilsonlaw.ca,https://derekwilsonlaw.ca/,Mo-Fr 09:00-17:00,43.2527205,-79.8717479,0.384,has_website,,yes,ok,"reachable, HTTPS, responsive, no age signals (424013 bytes of HTML)",200,https://derekwilsonlaw.ca/,yes,yes,424013,"HTTP 200 | 424013 bytes | title: ""Personal Injury Lawyer Hamilton ON | Injury Lawyer Hamilton | Car Accident Lawye"""
way/837658697,way,Big Bee,convenience,shop,Retail shops,shop=convenience,155 Hunter Street West,,,,,,,,43.2550507,-79.8774056,0.386,no_website,,no,,,,,,,,
node/11610994858,node,RLY Farms,greengrocer,shop,Retail shops,shop=greengrocer,,,,,,,,,43.2590765,-79.8704358,0.387,no_website,,no,,,,,,,,
node/8948967727,node,Williams Brothers,greengrocer,shop,Retail shops,shop=greengrocer,,,,,,,,,43.2590399,-79.8703346,0.387,no_website,,no,,,,,,,,
node/7921693170,node,City of Hamilton - Career Development,employment_agency,office,Professional services,office=employment_agency,,,,,,,,,43.257022,-79.8774679,0.388,no_website,,no,,,,,,,,
node/12978810902,node,First BarberShop,hairdresser,shop,Salons & barbers,shop=hairdresser,King Street West,,,,,,,Tu-Fr 10:30-19:00; Sa 10:30-18:00,43.2587571,-79.8759296,0.388,no_website,,no,,,,,,,,
node/2407341356,node,Shoppers Drug Mart,pharmacy,healthcare,Health & clinics,healthcare=pharmacy,181 Main Street West,,,,+1-905-528-8765,asdm1547@shoppersdrugmart.ca,https://www.shoppersdrugmart.ca/en/store-locator/store/1547,Mo-Fr 10:00-19:00; Sa 09:30-17:00,43.2570626,-79.8774634,0.389,has_website,,yes,ok,"reachable, HTTPS, responsive, no age signals (604001 bytes of HTML)",200,https://www.shoppersdrugmart.ca/en/stores/1547-shoppers-drug-mart-hess-tower/,yes,yes,>=604001,"HTTP 200 | 604001 bytes | title: ""Shoppers Drug Mart Hess Tower"""
node/8948967760,node,Thango Meats,butcher,shop,Retail shops,shop=butcher,,,,,,,,,43.2591297,-79.8704861,0.39,no_website,,no,,,,,,,,
node/8946769433,node,Cozy Sushi,fast_food,amenity,Food & drink,amenity=fast_food,6 Bold Street,,,,,,,,43.2527887,-79.8710667,0.394,no_website,,no,,,,,,,,
node/7923501698,node,Doane Grant Thornton,accountant,office,Professional services,office=accountant,,,,,,,,,43.2551394,-79.868158,0.395,no_website,,no,,,,,,,,
node/8948967756,node,Josie Syer's Plants & Flowers,florist,shop,Retail shops,shop=florist,,,,,,,,,43.2589906,-79.870063,0.395,no_website,,no,,,,,,,,
node/8948967755,node,Lina's Coffee,cafe,amenity,Food & drink,amenity=cafe,,,,,,,,,43.2589706,-79.8699926,0.396,no_website,,no,,,,,,,,
node/8948967754,node,Lina's European Pastries,bakery,shop,Retail shops,shop=bakery,,,,,,,,,43.2589339,-79.8699376,0.396,no_website,,no,,,,,,,,
node/13912557903,node,James Street Convenience,convenience,shop,Retail shops,shop=convenience,,,,,,,,,43.2527896,-79.8709456,0.397,no_website,,no,,,,,,,,
node/2820851778,node,Electric Diner,restaurant,amenity,Food & drink,amenity=restaurant,28 James Street North,,,,+1 289 389 3929,info@electricdinerhamilton.com,https://www.electricdinerhamilton.com/,Su-Mo 09:00-22:00; Tu-Th 09:00-23:00; Fr-Sa 09:00-00:00,43.2576646,-79.8684548,0.398,has_website,,yes,outdated,outdated signals — footer copyright stops at 2023,200,https://electricdiner.ca/,yes,yes,90251,"HTTP 200 | 90251 bytes | title: ""Home - Electric Diner"" | generator: WordPress 7.1.2 | footer copyright stops at 2023"
node/13663653501,node,Hui Lau Shan,cafe,amenity,Food & drink,amenity=cafe,35 King Street East,,,L8N 4A9,+1-289-389-0597,,,Mo-Su 00:00-23:00,43.2564845,-79.8679556,0.4,no_website,,no,,,,,,,,
way/311356135,way,Tim Hortons,cafe,amenity,Food & drink,amenity=cafe,235 King Street West,,,,,,,,43.2585037,-79.8765322,0.401,no_website,,no,,,,,,,,
way/392652951,way,Islands,fast_food,amenity,Food & drink,amenity=fast_food,228 King Street West,Hamilton,,L8P 1A9,,,,,43.2588497,-79.8760899,0.404,no_website,,no,,,,,,,,
node/11552520609,node,Ami Meal Cafe,fast_food,amenity,Food & drink,amenity=fast_food,,,,,+1 204 952 4461,ami.mealcafe@gmail.com,https://hamiltonfarmersmarket.ca/vendors/cafe-baffico/,,43.2589918,-79.869817,0.407,has_website,,yes,outdated,outdated signals — <center> tag,200,https://hamiltonfarmersmarket.ca/vendors/ami-meal-cafe/,yes,yes,124187,"HTTP 200 | 124187 bytes | title: ""Ami Meal Cafe - Hamilton Farmers&#039; Market"" | generator: Site Kit by Google 1.188.0 | <center> tag"
way/312542970,way,Tangles,hairdresser,shop,Salons & barbers,shop=hairdresser,230 King Street West,Hamilton,,L8P 1A9,,,,,43.2588657,-79.8761525,0.409,no_website,,no,,,,,,,,
node/2811400601,node,Tim Hortons,cafe,amenity,Food & drink,amenity=cafe,35 King Street East,,,L8N 4A9,+1-905-540-1533,,https://locations.timhortons.ca/en/on/hamilton/35-king-st-east/,Mo-Su 06:00-23:00,43.2564401,-79.8678326,0.409,has_website,,yes,outdated,outdated signals — footer copyright stops at 2023,200,https://locations.timhortons.ca/en/on/hamilton/35-king-st-east/,yes,yes,102581,"HTTP 200 | 102581 bytes | title: ""Hamilton, 35 King St East Location | Tim Hortons Canada"" | generator: Astro v4.10.0 | footer copyright stops at 2023"
node/12978811102,node,Tondou Ramen,restaurant,amenity,Food & drink,amenity=restaurant,234 King Street West,,,,,,,Th-Tu 12:00-21:30,43.2588356,-79.8762766,0.413,no_website,,no,,,,,,,,
node/11596821002,node,Mezza Cafe,cafe,amenity,Food & drink,amenity=cafe,,,,,,,,,43.2575729,-79.8681781,0.414,no_website,,no,,,,,,,,
node/12879111614,node,Beauty Nails & Spa,beauty,shop,Salons & barbers,shop=beauty,,,,,,,,Mo-Sa 10:00-17:00; Su off,43.2593015,-79.87545,0.415,no_website,,no,,,,,,,,
node/14066004901,node,Time-Out Café,cafe,amenity,Food & drink,amenity=cafe,36 Hunter Street East,,,,,,,,43.2532814,-79.8694767,0.415,no_website,,no,,,,,,,,
node/13951049028,node,Parma,restaurant,amenity,Food & drink,amenity=restaurant,17 King William Street,L8R 1A1,,,,,https://parmahospitality.com/parma,Mo-Fr 11:30-22:00; Sa 17:00-23:00,43.2575446,-79.868105,0.418,has_website,,yes,dead,homepage returns HTTP 404,404,https://parmahospitality.com/parma,yes,,143,HTTP 404
node/7802249561,node,Gateway on the Go,convenience,shop,Retail shops,shop=convenience,,,,,,,,,43.2532684,-79.8694065,0.419,no_website,,no,,,,,,,,
node/12978811101,node,Meltwich Food Co.,restaurant,amenity,Food & drink,amenity=restaurant,236 King Street West,,,,,,,Su-We 11:00-13:00; Th 11:00-15:00; Fr-Sa 11:00-16:00,43.258857,-79.8763487,0.419,no_website,,no,,,,,,,,
node/8861638704,node,Town Pizza,fast_food,amenity,Food & drink,amenity=fast_food,,,,,,,,,43.2545355,-79.8775763,0.419,no_website,,no,,,,,,,,
node/12120641393,node,Piccolo,fast_food,amenity,Food & drink,amenity=fast_food,17 King William Street,L8R 1A1,,,,,https://parmahospitality.com/piccolo,Mo-Fr 11:00-15:00,43.2575212,-79.8680391,0.422,has_website,,yes,dead,homepage returns HTTP 404,404,https://parmahospitality.com/piccolo,yes,,143,HTTP 404
node/10981675318,node,Tomah,restaurant,amenity,Food & drink,amenity=restaurant,242 King Street West,,,,+1-905-522-1919,tomah.restaurant@gmail.com,https://tomah.taliupexpress.com/,"We-Su 12:00-21:00; Fr,Sa 12:00-22:00",43.2588548,-79.8764342,0.423,has_website,,yes,ok,"reachable, HTTPS, responsive, no age signals (95187 bytes of HTML)",200,https://tomah.taliupexpress.com/,yes,yes,95187,HTTP 200 | 95187 bytes
node/13951049029,node,SariNotSari,clothes,shop,Retail shops,shop=clothes,,,,,,,,,43.2574616,-79.8678897,0.431,no_website,,no,,,,,,,,
node/13322915598,node,Niku Niku Japanese BBQ,restaurant,amenity,Food & drink,amenity=restaurant,46 James Street North,,,L8R 2K1,+1-905-523-0888,,https://nikuniku.ca/,Mo-Th 11:00-22:00; Fr-Su 11:00-23:00,43.2580754,-79.8682827,0.432,has_website,,yes,ok,"reachable, HTTPS, responsive, no age signals (171631 bytes of HTML)",200,https://nikuniku.ca/,yes,yes,171631,"HTTP 200 | 171631 bytes | title: ""Main page"""
node/7841668504,node,Client's Choice,dentist,healthcare,Health & clinics,healthcare=dentist,,,,,,,,,43.2524875,-79.8707356,0.435,no_website,,no,,,,,,,,
node/11596821003,node,Relay Coffee Roasters,cafe,amenity,Food & drink,amenity=cafe,27 King William Street,,,L8R1A1,,kingwilliam@relaycoffee.com,https://www.relaycoffee.com/,Mo-Fr 07:30-21:00; Sa 08:00-21:00; Su 08:00-17:00,43.2574401,-79.867826,0.435,has_website,,yes,ok,"reachable, HTTPS, responsive, no age signals (126469 bytes of HTML)",200,https://www.relaycoffee.com/,yes,yes,126469,"HTTP 200 | 126469 bytes | title: ""Relay Coffee Roasters - Hamilton, ON &ndash; RELAY COFFEE ROASTERS"""
node/3357950834,node,studios1.ca,dance,leisure,Fitness & leisure,leisure=dance,27 King William Street,Hamilton,,L8P 1A2,+1-905-966-1890,,https://www.studios1.ca,,43.2574378,-79.8678056,0.436,has_website,,yes,ok,"reachable, HTTPS, responsive, no age signals (12020 bytes of HTML)",200,https://www.studios1.ca/,yes,yes,12020,"HTTP 200 | 12020 bytes | title: ""studios1.ca : Swing, Latin & Tap Dance Classes in New Westminster and Vancouver,"""
node/10300723279,node,Conversate Steak & Seafood,restaurant,amenity,Food & drink,amenity=restaurant,38 King William Street,,,L8R 3N8,+1 905 525 3730,,https://conversaterestaurant.ca/,Mo-Th 11:30-22:00; Fr 11:30-23:00; Sa 15:00-23:00,43.2570367,-79.8676208,0.437,has_website,,yes,ok,"reachable, HTTPS, responsive, no age signals (236137 bytes of HTML)",200,https://www.conversaterestaurant.ca/,yes,yes,236137,"HTTP 200 | 236137 bytes | title: ""Steak &amp; Seafood Restaurant In Hamilton &mdash; Conversate"""
node/9397370713,node,Chantilly Lace Bridal Boutique,clothes,shop,Retail shops,shop=clothes,"140 Caroline Street South, Unit 4",,,L8P 3K8,+1-905-527-4682,,https://www.chantillylacebridalboutique.com/,,43.2545255,-79.87783,0.438,has_website,,yes,ok,"reachable, HTTPS, responsive, no age signals (25189 bytes of HTML)",200,https://chantillylacebridalboutique.com/,yes,yes,25189,"HTTP 200 | 25189 bytes | title: ""Chantilly Lace Bridal Boutique — Best Wedding Dress Shop in Windsor, Amherstburg"""
node/13912557902,node,Coffee Run Co.,cafe,amenity,Food & drink,amenity=cafe,148 James Street South,,,,,,,,43.2523388,-79.871176,0.438,no_website,,no,,,,,,,,
node/13663687601,node,Anytime Fitness,fitness_centre,leisure,Fitness & leisure,leisure=fitness_centre,59 King Street East,,,,,,,24/7,43.2563232,-79.8674469,0.439,no_website,,no,,,,,,,,
node/12879119271,node,Pinochio,fast_food,amenity,Food & drink,amenity=fast_food,,,,,,,,,43.2600239,-79.8724564,0.44,no_website,,no,,,,,,,,
node/12879076394,node,Shawarma Royale,fast_food,amenity,Food & drink,amenity=fast_food,,,,,,,,,43.2600446,-79.8724918,0.442,no_website,,no,,,,,,,,
node/3527019773,node,Steve's Open Kitchen,restaurant,amenity,Food & drink,amenity=restaurant,149 James Street South,,,,+1-905-529-9913,sok1975@outlook.com,https://regmedia.ca/index.php/steves,We-Su 08:15-14:00,43.2524097,-79.8707596,0.442,has_website,,yes,ok,"reachable, HTTPS, responsive, no age signals (87848 bytes of HTML)",200,https://regmedia.ca/index.php/steves,yes,yes,87848,"HTTP 200 | 87848 bytes | title: ""Steve's Open Kitchen"" | generator: Powered by Website Builder Gridbox"
node/8149587125,node,Berkeley North,restaurant,amenity,Food & drink,amenity=restaurant,29 King William Street,Hamilton,,L8P 1A2,,,,,43.2574166,-79.8677026,0.443,no_website,,no,,,,,,,,
way/392652962,way,Finet Wireless,mobile_phone,shop,Retail shops,shop=mobile_phone,250 King Street West,Hamilton,,L8P 1A9,,,,,43.2589867,-79.876614,0.444,no_website,,no,,,,,,,,
node/9390952518,node,Secco,restaurant,amenity,Food & drink,amenity=restaurant,150 James Street South,,,,+1 905 523 4884,napinder@seccohamilton.ca,https://www.seccohamilton.ca/,"Mo-Th 16:00-23:00; Fr 16:00-24:00; Sa 00:00-01:00,10:30-14:30,16:00-24:00; Su 00:00-01:00,10:30-14:30,16:00-22:00",43.2522707,-79.871215,0.444,has_website,,yes,ok,"reachable, HTTPS, responsive, no age signals (606825 bytes of HTML)",200,https://www.seccohamilton.ca/,yes,yes,>=606825,"HTTP 200 | 606825 bytes | title: ""Home | Secco Hamilton"" | generator: Wix.com Website Builder"
node/4322149168,node,Koi,restaurant,amenity,Food & drink,amenity=restaurant,27 Hess Street South,Hamilton,,L8P 3M7,+1-905-308-7505,,https://www.koirestaurant.ca/,,43.2582321,-79.877498,0.445,has_website,,yes,ok,"reachable, HTTPS, responsive, no age signals (45172 bytes of HTML)",200,https://www.koirestaurant.ca/,yes,yes,45172,"HTTP 200 | 45172 bytes | title: ""Koi Japanese Restaurant | Authentic Sushi & Japanese Cuisine in Calgary NW"""
node/12290197296,node,Red Rose Dentistry,dentist,healthcare,Health & clinics,healthcare=dentist,,,,,+1 9055212221,,https://redrosedentistry.ca,,43.2524072,-79.8706889,0.445,has_website,,yes,outdated,outdated signals — <font> tag; footer copyright stops at 2022,200,https://redrosedentistry.ca/,yes,yes,199872,"HTTP 200 | 199872 bytes | title: ""Dentist in Hamilton, ON — Open 7 Days | Red Rose Dentistry"" | generator: WordPress 7.1.2 | <font> tag | footer copyright stops at 2022"
node/12879237813,node,Flavors of Kolkata,restaurant,amenity,Food & drink,amenity=restaurant,,,,,,,,,43.2582133,-79.8681919,0.446,no_website,,no,,,,,,,,
node/4322167498,node,Sizzle,bar,amenity,Food & drink,amenity=bar,,,,,,,,,43.2583106,-79.8774343,0.446,no_website,,no,,,,,,,,
node/12216487057,node,Urban Strategies Inc,consulting,office,Professional services,office=consulting,,,,,,,,,43.2556185,-79.8673644,0.448,no_website,,no,,,,,,,,
node/9390952519,node,Goldies Fast Food,fast_food,amenity,Food & drink,amenity=fast_food,152 James Street South,,,,,,,Mo-Sa 12:00-22:00,43.2522169,-79.8712378,0.449,no_website,,no,,,,,,,,
node/13004811303,node,Piano Piano,restaurant,amenity,Food & drink,amenity=restaurant,,,,,,,,,43.2556971,-79.8673341,0.449,no_website,,no,,,,,,,,
node/9412758362,node,Undefined,restaurant,amenity,Food & drink,amenity=restaurant,35 King William Street,,,L8R 1A1,+1 905 393 8343,,https://eatundefined.com/,"Mo,Tu 16:00-22:00; We,Th 11:30-22:00; Fr 11:30-24:00; Sa 10:00-24:00; Su 10:00-22:00",43.2573529,-79.8675813,0.45,has_website,,yes,ok,"reachable, HTTPS, responsive, no age signals (200523 bytes of HTML)",200,https://eatundefined.com/,yes,yes,200523,"HTTP 200 | 200523 bytes | title: ""Undefined | HOME"" | generator: Sociavore"
node/11511650528,node,lobby Hamilton,restaurant,amenity,Food & drink,amenity=restaurant,151 James Street South,,,L8P 2Z5,+1-289-389-3109,,https://lobby.ca/,"Tu-Sa 11:00+, Su 10:00+",43.2522852,-79.8708222,0.453,has_website,,yes,ok,"reachable, HTTPS, responsive, no age signals (76049 bytes of HTML)",200,https://lobby.ca/,yes,yes,76049,"HTTP 200 | 76049 bytes | title: ""lobby Restaurants, Casual Dining, Late-Night Bar &amp; Lounges"""
node/11341752257,node,Six15,bar,amenity,Food & drink,amenity=bar,,,,,,,,,43.2584702,-79.8773871,0.453,no_website,,no,,,,,,,,
way/131163296,way,Durand Health,doctor,healthcare,Health & clinics,healthcare=doctor,14 Duke Street,,,L8P 1X1,,,https://durandhealth.com/,Mo-We 09:00-20:00; Th 08:00-20:00; Fr 10:00-17:00,43.2520555,-79.8718408,0.455,has_website,,yes,ok,"reachable, HTTPS, responsive, no age signals (12192 bytes of HTML)",200,https://www.durand.clinic/,yes,yes,12192,"HTTP 200 | 12192 bytes | title: ""The Durand Clinic — Executive Health & Longevity | Hamilton, ON"""
node/13322915599,node,The Market On James North,convenience,shop,Retail shops,shop=convenience,160 James Street North,,,L8R 2K1,+1-647-427-6060,,https://themarketon.ca/james-north/,24/7,43.2583333,-79.868174,0.455,has_website,,yes,outdated,outdated signals — footer copyright stops at 2015,200,https://themarketon.ca/james-north/,yes,yes,210667,"HTTP 200 | 210667 bytes | title: ""Market On James North - The Market On"" | generator: All in One SEO (AIOSEO) 5.0.2 | footer copyright stops at 2015"
node/4707379199,node,Burrito Boyz,fast_food,amenity,Food & drink,amenity=fast_food,66 King Street East,Hamilton,,,,,,,43.255686,-79.8672534,0.456,no_website,,no,,,,,,,,
node/11400824324,node,Menya Kyu,restaurant,amenity,Food & drink,amenity=restaurant,154 James Street South,,,,+1-905-525-3400,in​fo@menyakyu.com,https://hamiltonramen.com/,,43.2521411,-79.8712548,0.457,has_website,,yes,ok,"reachable, HTTPS, responsive, no age signals (335345 bytes of HTML)",200,https://hamiltonramen.com/,yes,yes,335345,"HTTP 200 | 335345 bytes | title: ""Menya Kyu"""
node/8149587126,node,The French,restaurant,amenity,Food & drink,amenity=restaurant,37 King William Street,Hamilton,,L8P 1A2,,,,,43.2573161,-79.8674673,0.458,no_website,,no,,,,,,,,
way/389411761,way,Metro,clothes,shop,Retail shops,shop=clothes,256 King Street West,Hamilton,,L8P 1A9,,,,,43.2590502,-79.8767976,0.459,no_website,,no,,,,,,,,
node/12978810901,node,LeatherTouchupDye.com,clothes,shop,Retail shops,shop=clothes,258 King Street West,,,,,,https://leathertouchupdye.com,Mo-Fr 10:00-16:00,43.2590101,-79.876881,0.461,has_website,,yes,ok,"reachable, HTTPS, responsive, no age signals (600254 bytes of HTML)",200,https://www.leathertouchupdye.com/?v=0b3b97fa6688,yes,yes,>=600254,"HTTP 200 | 600254 bytes | title: ""Leather Repair Kits That Actually Work and Last for Years! Leather, Vinyl, Autom"" | generator: LeatherTouchupDye.com (Child of Divi) v.1.0-php83"
node/7923501719,node,Doors,pub,amenity,Food & drink,amenity=pub,,,,,,,,,43.2572745,-79.8783235,0.462,no_website,,no,,,,,,,,
node/9405898111,node,Redchurch,cafe,amenity,Food & drink,amenity=cafe,68 King Street East,Hamilton,ON,L8N 1A6,+1 289-779-7600,info@redchurchcafe.com,https://www.redchurchcafe.com/,"Mo-Fr 07:00-19:00; Sa,Su 09:00-19:00",43.2556694,-79.8671766,0.462,has_website,,yes,ok,"reachable, HTTPS, responsive, no age signals (73978 bytes of HTML)",200,https://www.redchurchcafe.com/,yes,yes,73978,"HTTP 200 | 73978 bytes | title: ""Online Shop | Red Church Cafe & Gallery"" | generator: Square Online"
node/7836016405,node,Golden Koi Tattoos,beauty,shop,Salons & barbers,shop=beauty,156 James Street South,,,,,,,,43.2520773,-79.8712331,0.464,no_website,,no,,,,,,,,
node/13663687701,node,The Brow Room,beauty,shop,Salons & barbers,shop=beauty,61 King Street East,,,,+1-905-902-8692,,,,43.2562065,-79.8671375,0.464,no_website,,no,,,,,,,,
node/13599801538,node,Wing Stop,restaurant,amenity,Food & drink,amenity=restaurant,,,,,,,,,43.2570373,-79.867257,0.466,no_website,,no,,,,,,,,
node/1780030078,node,Tim Hortons,cafe,amenity,Food & drink,amenity=cafe,80 John Street South,,,,,,https://locations.timhortons.ca/en/on/hamilton/80-john-st/,Th-Tu 05:00-23:00; We 05:30-22:00,43.2538437,-79.8679822,0.467,has_website,,yes,outdated,outdated signals — footer copyright stops at 2023,200,https://locations.timhortons.ca/en/on/hamilton/80-john-st/,yes,yes,114661,"HTTP 200 | 114661 bytes | title: ""Hamilton, 80 John St Location | Tim Hortons Canada"" | generator: Astro v4.10.0 | footer copyright stops at 2023"
node/7836016404,node,Micha Milk tea & Vietnamese Sandwiches,restaurant,amenity,Food & drink,amenity=restaurant,158 James Street South,,,L8P 3A2,,,,,43.2520284,-79.8713122,0.468,no_website,,no,,,,,,,,
node/13663687801,node,Utamami Japanese-Italian Cuisine,restaurant,amenity,Food & drink,amenity=restaurant,65 King Street East,,,,,,,,43.256188,-79.867066,0.469,no_website,,no,,,,,,,,
way/391306772,way,Deja Vu,clothes,shop,Retail shops,shop=clothes,262 King Street West,Hamilton,,L8P 1A9,,,,,43.2590841,-79.8769438,0.47,no_website,,no,,,,,,,,
node/9921334711,node,Pub 36 on Hess,pub,amenity,Food & drink,amenity=pub,36 Hess Street South,Hamilton,ON,L8P 3N1,+1-289-389-7193,,https://www.pub36onhess.com/,"Su-We 17:00-26:00, Th-Sa 17:00-27:00",43.257944,-79.8780679,0.47,has_website,,yes,ok,"reachable, HTTPS, responsive, no age signals (89188 bytes of HTML)",200,https://www.pub36onhess.com/,yes,yes,89188,"HTTP 200 | 89188 bytes | title: ""Pub 36 on Hess | Bar &amp; Grill in Hess Village, Hamilton"""
node/7836016406,node,Creagh & Coe Hairstyling,hairdresser,shop,Salons & barbers,shop=hairdresser,,,,,+1 905 522 0639,,,,43.251982,-79.8713297,0.472,no_website,,no,,,,,,,,
node/10665734157,node,The Mule,restaurant,amenity,Food & drink,amenity=restaurant,41 King William Street,,,,,,,,43.257253,-79.8672474,0.473,no_website,,no,,,,,,,,
node/3258035261,node,Pharmasave,pharmacy,healthcare,Health & clinics,healthcare=pharmacy,155 James Street South,,,,,,,Mo-Fr 09:00-17:30; Sa-Su off,43.2520531,-79.8709198,0.475,no_website,,no,,,,,,,,
node/7923501720,node,Hess Village Dentist Group,dentist,healthcare,Health & clinics,healthcare=dentist,,,,,,,,,43.2577219,-79.8782927,0.476,no_website,,no,,,,,,,,
node/13663687901,node,H&R Block,tax_advisor,office,Professional services,office=tax_advisor,71 King Street East,,,L8N 1A5,+1-905-522-5392,,https://www.hrblock.ca/tax-office-near-me/71-king-street-east,"Tu, Th 10:00-18:00",43.2561423,-79.8669527,0.478,has_website,,yes,ok,"reachable, HTTPS, responsive, no age signals (602830 bytes of HTML)",200,https://www.hrblock.ca/tax-office-near-me/71-king-street-east,yes,yes,>=602830,"HTTP 200 | 602830 bytes | title: ""H&amp;R Block Canada"""
node/2598669488,node,The Gown And Gavel,pub,amenity,Food & drink,amenity=pub,24 Hess Street South,Hamilton,,,,,,,43.2583973,-79.8778292,0.478,no_website,,no,,,,,,,,
node/3527019779,node,radius,restaurant,amenity,Food & drink,amenity=restaurant,18 Hess Street South,,,L8P 3M8,+1 905 393 1658,reserve@radius.ca,https://radius.ca/,"Tu-Th 11:00-23:00; Fr 11:00-24:00; Sa 00:00-02:00,11:00-24:00; Su 00:00-02:00,11:00-23:00",43.2585402,-79.8777128,0.479,has_website,,yes,outdated,outdated signals — footer copyright stops at 2015,200,https://radius.ca/,yes,yes,263907,"HTTP 200 | 263907 bytes | title: ""radius Restaurant Hamilton - radius Hamilton &amp; Burlington"" | generator: Divi Child v.1.0.0 | footer copyright stops at 2015"
node/7836016407,node,Pub on James,pub,amenity,Food & drink,amenity=pub,164 James Street South,,,,,,,,43.2519171,-79.8713066,0.48,no_website,,no,,,,,,,,
way/876631056,way,Big Bee,convenience,shop,Retail shops,shop=convenience,270 King Street West,Hamilton,,,,,,24/7,43.2591191,-79.8770999,0.482,no_website,,no,,,,,,,,
node/4707379191,node,The Diplomat,restaurant,amenity,Food & drink,amenity=restaurant,43 King William Street,Hamilton,,,+1 905 523 4343,,https://thediplomat.ca/,Mo-Su 15:00-21:30,43.2572278,-79.8671232,0.482,has_website,,yes,ok,"reachable, HTTPS, responsive, no age signals (224629 bytes of HTML)",200,https://thediplomat.ca/,yes,yes,224629,"HTTP 200 | 224629 bytes | title: ""The Diplomat | Home"" | generator: Sociavore"
node/2643047992,node,B-Side Social,restaurant,amenity,Food & drink,amenity=restaurant,17 Augusta Street,Hamilton,,L8N 1P6,+1 905 522 5111,bside@bsidesocial.ca,https://bsidesocial.ca/,"Mo 00:00-01:00; We,Th 16:00-24:00; Fr-Su 00:00-01:00,16:00-24:00",43.2521695,-79.870274,0.483,has_website,,yes,ok,"reachable, HTTPS, responsive, no age signals (28608 bytes of HTML)",200,https://bsidesocial.ca/,yes,yes,28608,"HTTP 200 | 28608 bytes | title: ""B-Side Social | Southern-Inspired Restaurant in Hamilton"""
node/3258005962,node,Family Medical Centre,doctor,healthcare,Health & clinics,healthcare=doctor,155 James Street South,,,,,,,,43.2520048,-79.8708113,0.483,no_website,,no,,,,,,,,
node/7792892121,node,Starbucks,cafe,amenity,Food & drink,amenity=cafe,151 York Boulevard,,,,,,,,43.2603682,-79.8738013,0.483,no_website,,no,,,,,,,,
node/8172072679,node,Big Scoops,ice_cream,amenity,Food & drink,amenity=ice_cream,2 Duke Street,,,,,,,14:00-22:00,43.2518495,-79.8714586,0.484,no_website,,no,,,,,,,,
node/13663687802,node,Gore Park Dentistry,dentist,healthcare,Health & clinics,healthcare=dentist,73 King Street East,,,L8N 1A5,+1-905-525-7373,Info@gpdentist.ca,https://www.gpdentist.ca/,Mo 09:00-16:00; Tu 09:00-17:00; We 09:00-18:00; Th 09:00-19:00; Fr-Sa 09:00-14:00,43.2561186,-79.8668832,0.484,has_website,,yes,ok,"reachable, HTTPS, responsive, no age signals (286871 bytes of HTML)",200,https://www.gpdentist.ca/,yes,yes,286871,"HTTP 200 | 286871 bytes | title: ""Dental Clinic Near You in Hamilton, ON | Dentist in Hamilton, ON"" | generator: WordPress 7.0.6"
node/4707379194,node,Sagarmatha Curry Palace,restaurant,amenity,Food & drink,amenity=restaurant,43 King William Street,Hamilton,,,+1-905-522-6999,,https://sagarmathacurrypalace.ca/,Mo-Su 15:00-21:30,43.2572065,-79.8670507,0.487,has_website,,yes,outdated,outdated signals — footer copyright stops at 2023,200,https://sagarmathacurrypalace.ca/,yes,yes,37559,"HTTP 200 | 37559 bytes | title: ""Sagarmatha Curry Palace Restaurant Authentic Indian and Nepalese Cuisine"" | footer copyright stops at 2023"
node/10307771877,node,BBQ Chicken,fast_food,amenity,Food & drink,amenity=fast_food,,,,,,,,,43.2518355,-79.8713491,0.488,no_website,,no,,,,,,,,
node/3258036061,node,Freddy’s Mediterranean Cuisine,restaurant,amenity,Food & drink,amenity=restaurant,163 James Street South,,,,,,,Su-Th 11:00-02:00; Fr-Sa 11:00-04:00,43.2519027,-79.8709985,0.488,no_website,,no,,,,,,,,
node/13663687703,node,Keons Super Convenience,convenience,shop,Retail shops,shop=convenience,77 King Street East,,,,,,,,43.256096,-79.866832,0.488,no_website,,no,,,,,,,,
node/8172072678,node,Jamila Salon & Spa,hairdresser,shop,Salons & barbers,shop=hairdresser,,,,,,,,,43.2517195,-79.8720401,0.489,no_website,,no,,,,,,,,
node/3527019770,node,Aout 'n About,pub,amenity,Food & drink,amenity=pub,21 Augusta Street,Hamilton,,L8N 1P6,+1-905-525-7164,info@aoutnabout.ca,http://aoutnabout.com/,,43.2521311,-79.8701109,0.492,has_website,,yes,dead,not reachable — getaddrinfo ENOTFOUND aoutnabout.com,0,http://aoutnabout.com/,,,,network
node/12879120369,node,Swiss Chalet Takeout & Delivery,restaurant,amenity,Food & drink,amenity=restaurant,,,,,,,,,43.2604415,-79.873905,0.492,no_website,,no,,,,,,,,
node/4707379193,node,HAMBRGR,restaurant,amenity,Food & drink,amenity=restaurant,49 King William Street,Hamilton,,,+1-289-389-1212,,http://hambrgr.com,,43.2571613,-79.8669365,0.494,has_website,,yes,ok,"reachable, HTTPS, responsive, no age signals (285585 bytes of HTML)",200,https://www.hambrgr.ca/,yes,yes,285585,"HTTP 200 | 285585 bytes | title: ""HAMBRGR | Home"" | generator: Sociavore"
node/9416179352,node,Andiamo,hairdresser,shop,Salons & barbers,shop=hairdresser,72a James Street North,,,L8R 2K5,+1-905-524-2894,info@andiamohamont.com,https://www.andiamohamont.com/,,43.2587666,-79.8679846,0.495,has_website,,yes,outdated,outdated signals — footer copyright stops at 2021,200,https://www.andiamohamont.com/,yes,yes,340017,"HTTP 200 | 340017 bytes | title: ""Andiamo Barbershop"" | generator: Wix.com Website Builder | footer copyright stops at 2021"
node/10093716793,node,One Duke,pub,amenity,Food & drink,amenity=pub,,,,,,,,,43.2516836,-79.8718252,0.496,no_website,,no,,,,,,,,
node/11596821001,node,Grover Dental Care,dentist,healthcare,Health & clinics,healthcare=dentist,11 Rebecca Street,,,,,,,,43.258388,-79.867596,0.497,no_website,,no,,,,,,,,
node/2643047993,node,The Ship,pub,amenity,Food & drink,amenity=pub,23 Augusta Street,Hamilton,,L8N 1P2,+1-905-526-0792,,https://www.theship.ca/,"Mo-Th,Su 11:30-24:00; Fr-Sa 11:30-02:00",43.2521101,-79.8700289,0.497,has_website,,yes,ok,"reachable, HTTPS, responsive, no age signals (51273 bytes of HTML)",200,https://www.theship.ca/,yes,yes,51273,"HTTP 200 | 51273 bytes | title: ""Home | The Ship"" | generator: Square Online"
node/12879120370,node,Sankalp,restaurant,amenity,Food & drink,amenity=restaurant,151 York Boulevard,,,,,,,,43.2604821,-79.8740077,0.498,no_website,,no,,,,,,,,
node/10302545130,node,Plank Restaurant and Bar,restaurant,amenity,Food & drink,amenity=restaurant,18 Augusta Street,Hamilton,Ontario,L8N 1P7,+1 289 799 1002,augusta@plankrestobar.ca,https://www.plankrestobar.ca/augusta/,Mo-Th 11:30-23:00; Fr-Sa 11:30-24:00; Su 11:00-22:00,43.2519502,-79.8704611,0.499,has_website,,yes,ok,"reachable, HTTPS, responsive, no age signals (174938 bytes of HTML)",200,https://www.plankrestobar.ca/augusta/,yes,yes,174938,"HTTP 200 | 174938 bytes | title: ""Plank Resto Bar - Augusta Hamilton"" | generator: WordPress 7.1.2"
node/10981675314,node,Coop Wicked Chicken  Hamilton,restaurant,amenity,Food & drink,amenity=restaurant,,,,,+12897782667,,https://thecoop.ca/locations/,,43.2591376,-79.877429,0.503,has_website,,no,,"not checked (beyond --max-checks, or --no-health)",,,,,,
node/1797730316,node,The Judge,pub,amenity,Food & drink,amenity=pub,25 Augusta Street,,,L8N 1P6,+1 905 524 5626,info@thejudge.ca,https://thejudge.ca/,"Mo-Fr 15:00-24:00; Sa,Su 00:00-01:00,15:00-24:00",43.2520828,-79.8699486,0.503,has_website,,no,,"not checked (beyond --max-checks, or --no-health)",,,,,,
node/13005616664,node,Kinton Ramen,restaurant,amenity,Food & drink,amenity=restaurant,,,,,,,,Mo-Su 11:30-23:00,43.2568696,-79.8667307,0.504,no_website,,no,,,,,,,,
node/13663687704,node,Hi & Buy Dollar Discount & Beauty Supplies,beauty,shop,Salons & barbers,shop=beauty,81 King Street East,,,,+1-905-522-0330,,,Mo-Sa 10:00-19:00; Su 10:00-17:00,43.256047,-79.8666181,0.505,no_website,,no,,,,,,,,
node/7973949700,node,Pizza Bell,fast_food,amenity,Food & drink,amenity=fast_food,180 James Street South,,,,+1-905-529-4242,,https://pizzabellhamilton.ca/,"Mo-Su 00:00-03:00,11:00-24:00",43.2516107,-79.8716413,0.507,has_website,,no,,"not checked (beyond --max-checks, or --no-health)",,,,,,
node/9419381782,node,Lordly Jones Office Furniture,furniture,shop,Retail shops,shop=furniture,51 John Street South,,,L8N 2B9,+1 905 528 8537,info@lordlyjones.com,https://www.lordlyjones.com/,,43.2543166,-79.8670522,0.509,has_website,,no,,"not checked (beyond --max-checks, or --no-health)",,,,,,
node/13825136402,node,Rhythm Hair Studio,hairdresser,shop,Salons & barbers,shop=hairdresser,61 John Street South,,,,,,,,43.2541388,-79.8671404,0.511,no_website,,no,,,,,,,,
node/12879114356,node,Express Employment Professionals,employment_agency,office,Professional services,office=employment_agency,151 York Boulevard,,,,,,,,43.2605854,-79.8741775,0.512,no_website,,no,,,,,,,,
node/13825135103,node,New Age Laser Clinic,beauty,shop,Salons & barbers,shop=beauty,67 John Street South,,,,,,,,43.2540624,-79.8671773,0.512,no_website,,no,,,,,,,,
node/2811416302,node,Shawarma Hut,fast_food,amenity,Food & drink,amenity=fast_food,,,,,,,,,43.2540843,-79.8671581,0.512,no_website,,no,,,,,,,,
node/2811416301,node,Saigon House,restaurant,amenity,Food & drink,amenity=restaurant,27 John Street South,,,L8N 2B7,+1 905 521 8880,,,,43.254928,-79.8667098,0.514,no_website,,no,,,,,,,,
node/12346932969,node,SPINCO,fitness_centre,leisure,Fitness & leisure,leisure=fitness_centre,,,,,,,,,43.2589608,-79.8678864,0.514,no_website,,no,,,,,,,,
node/9421183621,node,Gallo & Gin,restaurant,amenity,Food & drink,amenity=restaurant,110 King Street East,Hamilton,ON,L8N 1A8,+1 289-389-0843,,,Mo-Th 11:00-20:00; Fr 11:00-21:00; Sa 13:00-21:00; Su 13:00-20:00,43.2555207,-79.8665385,0.516,no_website,,no,,,,,,,,
node/13336349896,node,Los Mayas,restaurant,amenity,Food & drink,amenity=restaurant,180 James Street South,Hamilton,ON,L8P 4V1,+1 905-521-2997,mailto:losmayasrestaurant@outlook.com,https://www.losmayasmx.com/,,43.2515197,-79.8716727,0.516,has_website,,no,,"not checked (beyond --max-checks, or --no-health)",,,,,,
node/13663687902,node,Taste of Jamaican's Kitchen Inc.,restaurant,amenity,Food & drink,amenity=restaurant,9 John Street North,,,L8R 1H1,+1-905-522-7070,,,,43.2563251,-79.8664907,0.516,no_website,,no,,,,,,,,
way/181164845,way,Pheasant Plucker,pub,amenity,Food & drink,amenity=pub,20 Augusta Street,,,L8N 1P7,+1-905-529-9000,pheasantplucker@pheasantplucker.ca,https://pheasantplucker.ca/,"Mo 00:00-02:00,12:00-24:00; Tu,We 12:00-24:00; Th 11:00-24:00; Fr-Su 00:00-02:00,11:00-24:00",43.2518091,-79.8703019,0.518,has_website,,no,,"not checked (beyond --max-checks, or --no-health)",,,,,,
node/13891836102,node,Revel,estate_agent,office,Professional services,office=estate_agent,69 John Street South,,,,,,,,43.2539211,-79.8671807,0.519,no_website,,no,,,,,,,,
node/13334877956,node,Sakana,restaurant,amenity,Food & drink,amenity=restaurant,180 James Street South,Hamilton,ON,L8P 4V1,+1-905-777-8676,,https://sakanahamont.com/,"We 17:00-21:00; Su, Th 12:00-21:00; Fr-Sa 12:00-00:00",43.2514868,-79.871694,0.519,has_website,,no,,"not checked (beyond --max-checks, or --no-health)",,,,,,
node/2598669506,node,Ooey Gooey's,pub,amenity,Food & drink,amenity=pub,107 George Street,,,L8P 1E3,+1-289-335-0456,,https://www.ooeygooeys.ca/,"Mo-Th,Su 16:00-24:00; Fr-Sa 16:00-02:00",43.2582275,-79.8785586,0.52,has_website,,no,,"not checked (beyond --max-checks, or --no-health)",,,,,,
node/10733723285,node,King's Pizza and Wings,fast_food,amenity,Food & drink,amenity=fast_food,85 John Street South,,,,+1-905-522-2020,,https://www.kingspizzawings.com,,43.2535423,-79.8673982,0.525,has_website,,no,,"not checked (beyond --max-checks, or --no-health)",,,,,,
node/13850735501,node,Burgerwale,restaurant,amenity,Food & drink,amenity=restaurant,85 John Street South,,,,+1-905-525-9332,,https://www.burgerwale.ca/,Mo-Th 16:00-23:00; Fr 15:00-01:00; Sa 13:00-01:00; Su 13:00-23:00,43.2534648,-79.8674472,0.526,has_website,,no,,"not checked (beyond --max-checks, or --no-health)",,,,,,
node/8149597094,node,Downtown Bike Hounds,bicycle,shop,Retail shops,shop=bicycle,19 John Street North,Hamilton,ON,L8R 1H1,+1-905 525-9497,,https://www.bikehounds.ca/,Tu-Su 10:00-18:00,43.256513,-79.8663894,0.526,has_website,,no,,"not checked (beyond --max-checks, or --no-health)",,,,,,
way/312497520,way,G. Ingraudo Chartered Accountant,accountant,office,Professional services,office=accountant,280 King Street West,Hamilton,,L8P 1B1,,,,,43.2592738,-79.8776472,0.526,no_website,,no,,,,,,,,
node/9415479403,node,Shivshakti Kathiyavadi Restaurant,restaurant,amenity,Food & drink,amenity=restaurant,85 John Street South,,,L8N 2C2,+1-905-522-1555,info@shivshakti.com,http://www.shivshakti.com,,43.2534917,-79.8674177,0.526,has_website,,no,,"not checked (beyond --max-checks, or --no-health)",,,,,,
node/2598669487,node,Amigos,restaurant,amenity,Food & drink,amenity=restaurant,109 George Street,Hamilton,,L8P 1E3,+1-905-267-1532,,https://www.amigoshamilton.ca,,43.2582469,-79.8786397,0.527,has_website,,no,,"not checked (beyond --max-checks, or --no-health)",,,,,,
node/2811459801,node,Pizza Pizza,fast_food,amenity,Food & drink,amenity=fast_food,85 King Street East,,,L8N 1A9,+1 905-527-1111,,https://www.pizzapizza.ca/restaurant-locator/ontario/hamilton/85-king-street-east/,Su-Th 11:00-01:00; Fr-Sa 11:00-03:00,43.2559455,-79.8663543,0.527,has_website,,no,,"not checked (beyond --max-checks, or --no-health)",,,,,,
node/11899024591,node,Backstreet Bar & Grill,restaurant,amenity,Food & drink,amenity=restaurant,,,,,,,,,43.2599854,-79.8691478,0.528,no_website,,no,,,,,,,,
node/12198099430,node,Ciao Bella,restaurant,amenity,Food & drink,amenity=restaurant,26 Augusta Street,,,,+1-289-799-1604,ciao@ciaobellahamilton.ca,https://ciaobellahamilton.ca/,"Tu,We 16:00-23:00; Th 11:30-23:00; Fr,Sa 11:30-24:00; Su 16:00-22:00",43.2518047,-79.8700127,0.528,has_website,,no,,"not checked (beyond --max-checks, or --no-health)",,,,,,
node/8149597096,node,PinToh,restaurant,amenity,Food & drink,amenity=restaurant,21 John Street North,,,L8R 1H1,+1 905 526 8373,team@pintoh.ca,https://www.pintoh.ca/,"Mo, We-Th 11:00-22:00; Fr 11:00-23:00; Sa 12:00-23:00; Su 12:00-21:00",43.2565658,-79.8663734,0.528,has_website,,no,,"not checked (beyond --max-checks, or --no-health)",,,,,,
node/3264667052,node,Medical Arts Walk-In Clinic,doctor,healthcare,Health & clinics,healthcare=doctor,,,,,+1-905-777-9779,,,,43.2514818,-79.8711953,0.529,no_website,,no,,,,,,,,
node/11596821000,node,Capri,restaurant,amenity,Food & drink,amenity=restaurant,,,,,,,,,43.2566245,-79.8663542,0.53,no_website,,no,,,,,,,,
node/7778268266,node,Olivia Hair Cuts,hairdresser,shop,Salons & barbers,shop=hairdresser,93 James Street North,,,L8R 2K6,,,,,43.2593207,-79.86805,0.531,no_website,,no,,,,,,,,
node/9404867192,node,The Hamilton Law Association,lawyer,office,Professional services,office=lawyer,45 Main Street East,,,L8N 2B7,,,,,43.2547385,-79.8665527,0.532,no_website,,no,,,,,,,,
node/2691240051,node,Pharmasave,pharmacy,healthcare,Health & clinics,healthcare=pharmacy,,,,,+1 905-522-1117,,,,43.2514275,-79.8712011,0.534,no_website,,no,,,,,,,,
node/7778268267,node,James North General Store,clothes,shop,Retail shops,shop=clothes,95 James Street North,,,L8R 2K6,+1 905 528 2610,info@jamesnorthgs.com,https://www.jamesnorthgs.com/,,43.2593656,-79.8680272,0.535,has_website,,no,,"not checked (beyond --max-checks, or --no-health)",,,,,,
node/8149597095,node,John Street Diner,restaurant,amenity,Food & drink,amenity=restaurant,29 John Street North,,,,+1-289-389-8898,,,Tu-Su 08:00-14:00,43.2567573,-79.8663019,0.536,no_website,,no,,,,,,,,
node/4903659159,node,Guardian,pharmacy,healthcare,Health & clinics,healthcare=pharmacy,180 James Street South,,,L8P 4V1,+1-905-527-4561,,https://www.guardian-ida-remedysrx.ca/en/ontario/hamilton/sutherland-pharmacy-limited-7001568,,43.2513295,-79.8716542,0.537,has_website,,no,,"not checked (beyond --max-checks, or --no-health)",,,,,,
node/9421183619,node,Starbucks,cafe,amenity,Food & drink,amenity=cafe,114 King Street East,Hamilton,ON,L8N 1A8,,,,,43.255469,-79.8662834,0.537,no_website,,no,,,,,,,,
node/4278838005,node,Doctor Van T Dao,dentist,healthcare,Health & clinics,healthcare=dentist,,,,,,,,,43.2593502,-79.877748,0.538,no_website,,no,,,,,,,,
node/8968540551,node,Smoke's Poutinerie,fast_food,amenity,Food & drink,amenity=fast_food,112 George Street,,,L8P 1E2,+1 289 246 9117,,https://smokespoutinerie.com/,,43.2584729,-79.8786655,0.54,has_website,,no,,"not checked (beyond --max-checks, or --no-health)",,,,,,
node/4280731291,node,Hess Financial,accountant,office,Professional services,office=accountant,,,,,,,,,43.2593622,-79.8777965,0.541,no_website,,no,,,,,,,,
node/7778268268,node,Cottage 13 Tattoo & Piercing,tattoo,shop,Salons & barbers,shop=tattoo,105 James Street North,,,,,,,,43.2594398,-79.868001,0.542,no_website,,no,,,,,,,,
way/515927681,way,Merit Brewery,restaurant,amenity,Food & drink,amenity=restaurant,107 James Street North,,,L8R 2K6,+1-905-393-1024,,https://www.meritbrewing.ca/,,43.2595497,-79.8681337,0.543,has_website,,no,,"not checked (beyond --max-checks, or --no-health)",,,,,,
way/392700690,way,Hess Variety & Groceries,convenience,shop,Retail shops,shop=convenience,25 Hess Street North,Hamilton,,L8R 2S5,,,,,43.2598081,-79.8772096,0.544,no_website,,no,,,,,,,,
node/13850711301,node,Lotus Room,restaurant,amenity,Food & drink,amenity=restaurant,69 John Street South,,,,,,,,43.25383,-79.8668494,0.547,no_website,,no,,,,,,,,
node/3258038861,node,W.E. Davies Opticians,optician,shop,Retail shops,shop=optician,,,,,,,,,43.2513473,-79.8709087,0.549,no_website,,no,,,,,,,,
node/7836016397,node,Big Bee,convenience,shop,Retail shops,shop=convenience,180 James Street South,,,,,,,,43.2511981,-79.8716871,0.551,no_website,,no,,,,,,,,
node/8968540552,node,The King George Pub,restaurant,amenity,Food & drink,amenity=restaurant,,,,,,,,,43.2585144,-79.8787808,0.551,no_website,,no,,,,,,,,
node/4707379195,node,Mills Hardware,events_venue,amenity,Services,amenity=events_venue,95 King Street East,Hamilton,,,,,,,43.2558583,-79.8660178,0.555,no_website,,no,,,,,,,,
node/12879122289,node,Ross & Joe’s Auto Service Inc.,car_repair,shop,Auto services,shop=car_repair,102 Vine Street,,,,,,,,43.2610464,-79.8722092,0.555,no_website,,no,,,,,,,,
node/10671798035,node,Tony G's Pizzeria,restaurant,amenity,Food & drink,amenity=restaurant,30 John Street North,,,L8R 1G9,+1 905 524 1010,,,Tu-Th 11:30-22:00; Fr-Sa 11:30-23:00; Su-Mo 14:00-22:00,43.2566435,-79.8660404,0.556,no_website,,no,,,,,,,,
node/8019198201,node,Durand Milk,convenience,shop,Retail shops,shop=convenience,12 Robinson Street,,,,,,,,43.2510609,-79.8723945,0.559,no_website,,no,,,,,,,,
node/3985385480,node,Empire Burger,fast_food,amenity,Food & drink,amenity=fast_food,298 King Street West,,,,+1 289 389 4493,info@empireburger.ca,https://www.empireburger.ca/,,43.2593308,-79.8781362,0.56,has_website,,no,,"not checked (beyond --max-checks, or --no-health)",,,,,,
node/7836016395,node,Gong Cha,cafe,amenity,Food & drink,amenity=cafe,109 James Street North,,,L8R 2K6,+1-905-393-8888,,,Mo-Su 10:00-20:00,43.2596103,-79.8679293,0.56,no_website,,no,,,,,,,,
node/11898918806,node,Her Majesty’s Army & Navy Hall Rentals,events_venue,amenity,Services,amenity=events_venue,,,,,,,,,43.2602598,-79.8690028,0.56,no_website,,no,,,,,,,,
node/14054833702,node,Daphne's,restaurant,amenity,Food & drink,amenity=restaurant,2 Young Street,,,L8N 1T9,+1-437-326-6143,,,Th-Su 17:00-22:00,43.2511707,-79.8711171,0.564,no_website,,no,,,,,,,,
way/515927678,way,Pho B&T Viet Thai Restaurant,restaurant,amenity,Food & drink,amenity=restaurant,113 James Street North,Hamilton,Ontario,L8R 2K3,,,,,43.259748,-79.8680203,0.566,no_website,,no,,,,,,,,
node/9390952532,node,Sotheby's,estate_agent,office,Professional services,office=estate_agent,2 Young Street,,,L8N 1T9,+1 905 296 3930,,https://www.realtor.ca/office/firm/293551/sothebys-international-realty-canada-2-young-street-hamilton-ontario-l8n1t9,,43.2511507,-79.8711325,0.566,has_website,,no,,"not checked (beyond --max-checks, or --no-health)",,,,,,
node/9419234521,node,Flora Pizzeria,fast_food,amenity,Food & drink,amenity=fast_food,4 Young Street,,,L8N 1T9,+1-365-324-4599,,https://florahamilton.ca/,We-Su 11:00-21:00,43.2511449,-79.8710856,0.567,has_website,,no,,"not checked (beyond --max-checks, or --no-health)",,,,,,
node/9404867188,node,Sapporo,restaurant,amenity,Food & drink,amenity=restaurant,,,,,,,,Mo-Sa 11:00-22:30; Su 12:00-22:30,43.2541581,-79.8663775,0.567,no_website,,no,,,,,,,,
way/168357391,way,Lulu's Shawarma,fast_food,amenity,Food & drink,amenity=fast_food,,,,,+1-905-521-4848,,,Mo-Fr 11:00-19:00,43.2568178,-79.8659182,0.568,no_website,,no,,,,,,,,
node/9421155514,node,The Moderne Condos-Condo Gallery,estate_agent,office,Professional services,office=estate_agent,122 King Street East,,,L8N 1A8,,,,,43.2551843,-79.8659237,0.57,no_website,,no,,,,,,,,
node/10896037923,node,Hunter Medical Walk-In Clinic,doctor,healthcare,Health & clinics,healthcare=doctor,75-77 Hunter Street East,,,,+1-905-667-0290,,https://huntermedicalclinic.com/,,43.2529678,-79.8672063,0.574,has_website,,no,,"not checked (beyond --max-checks, or --no-health)",,,,,,
node/12319464286,node,Ten Second Noodles,restaurant,amenity,Food & drink,amenity=restaurant,,,,,,,,Mo-Sa 11:00-22:30; Su 11:00-22:00,43.2541328,-79.8662623,0.576,no_website,,no,,,,,,,,
node/9862754362,node,Blue Line Convenience,convenience,shop,Retail shops,shop=convenience,,,,,,,,24/7,43.2519751,-79.8684975,0.577,no_website,,no,,,,,,,,
node/13300819417,node,Kairi Marketing,advertising_agency,office,Professional services,office=advertising_agency,115 King Street East,Hamilton,ON,L8N 1A9,+1-905-902-7075,,https://kairimarketing.ca,"Mo-Fr 09:00-17:00 ""By Appointment Only""",43.2558238,-79.8656938,0.581,has_website,,no,,"not checked (beyond --max-checks, or --no-health)",,,,,,
node/12216441017,node,Chillis & Chimneys,fast_food,amenity,Food & drink,amenity=fast_food,105 King Street East,,,,,,,,43.2557196,-79.8656796,0.583,no_website,,no,,,,,,,,
node/10743872360,node,Cowabunga+,restaurant,amenity,Food & drink,amenity=restaurant,30 Vine Street,,,,+1 905 546 1717,,https://www.instagram.com/cowabungaplus/?hl=en,,43.2600008,-79.868054,0.584,social_only,instagram,no,,,,,,,,
node/12319464285,node,Pho Anh Vu,restaurant,amenity,Food & drink,amenity=restaurant,,,,,,,,"Mo, We 11:00-21:30; Th-Su 11:00-22:00",43.2541358,-79.8661434,0.585,no_website,,no,,,,,,,,
node/12216441016,node,Hi Yogurt Yo Poke,fast_food,amenity,Food & drink,amenity=fast_food,,,,,,,,,43.2557091,-79.8656373,0.586,no_website,,no,,,,,,,,
node/2700294489,node,Living Rock,restaurant,amenity,Food & drink,amenity=restaurant,,,,,,,,,43.2589016,-79.8667471,0.586,no_website,,no,,,,,,,,
node/9644705586,node,Domino's,fast_food,amenity,Food & drink,amenity=fast_food,,,,,,,,Mo-Su 10:30-02:00,43.2542163,-79.8660814,0.587,no_website,,no,,,,,,,,
node/906642952,node,Lionshead Pub,pub,amenity,Food & drink,amenity=pub,137 John Street South,Hamilton,,,,,,,43.2522088,-79.8679046,0.588,no_website,,no,,,,,,,,
node/442123240,node,Piazza Famma,fast_food,amenity,Food & drink,amenity=fast_food,,,,,+1-905-525-5444,,,,43.258183,-79.8795157,0.588,no_website,,no,,,,,,,,
node/9644705588,node,CoCo Fresh Tea & Juice,cafe,amenity,Food & drink,amenity=cafe,,,,,,,,Mo-Su 12:00-21:00,43.2543172,-79.8659937,0.589,no_website,,no,,,,,,,,
node/442754101,node,La Luna,restaurant,amenity,Food & drink,amenity=restaurant,306 King Street West,,,,+1 905 577 0233,,https://www.lalunarestaurants.ca/,,43.2594748,-79.8784417,0.589,has_website,,no,,"not checked (beyond --max-checks, or --no-health)",,,,,,
node/8045373942,node,Hui's Diner,restaurant,amenity,Food & drink,amenity=restaurant,115 Park Street North,Hamilton,ON,L8R 2N2,+1 905-524-5444,,,Mo-Fr 11:00-20:00; Su 12:00-20:00,43.2612251,-79.8708821,0.594,no_website,,no,,,,,,,,
node/442127750,node,Nabul's Middle East Fast Food,fast_food,amenity,Food & drink,amenity=fast_food,,,,,+1-905-521-8836,,,,43.2595388,-79.8672755,0.594,no_website,,no,,,,,,,,
node/2811146601,node,First Choice Haircutters,hairdresser,shop,Salons & barbers,shop=hairdresser,54 Queen Street South,Hamilton,ON,L8P 3R5,+1 905-529-6477,,https://www.firstchoice.com/locations/on/hamilton/hamilton-plaza-haircuts-51484.html,Mo-We 09:00-18:00; Th-Fr 09:00-19:00; Sa 09:00-17:00; Su 11:00-16:00,43.2581963,-79.8796037,0.595,has_website,,no,,"not checked (beyond --max-checks, or --no-health)",,,,,,
node/9421183651,node,Szechuan Noodle Bowl,restaurant,amenity,Food & drink,amenity=restaurant,117 King Street East,,,L8N 1A9,+1-905-522-8886,,https://szechuannoodlebowl.com/,Su-Th 11:30-22:00; Fr-Sa 11:30-22:30,43.2556918,-79.8655294,0.595,has_website,,no,,"not checked (beyond --max-checks, or --no-health)",,,,,,
node/13701967301+node/13701967801,node,The Mystic Peach,beauty,shop,Salons & barbers,shop=beauty,145 John Street South,,,,+1-289-808-8267,the_mystic_peach@outlook.com,https://themysticpeach.com/,Tu-Fr 10:00-19:00; Sa 10:00-14:00,43.2520966,-79.8679618,0.595,has_website,,no,,"not checked (beyond --max-checks, or --no-health)",,,,,,
node/1353860580,node,Select Convenience,convenience,shop,Retail shops,shop=convenience,,,,,,,,24/7,43.2579383,-79.8797568,0.596,no_website,,no,,,,,,,,
node/7921693174,node,The Wash Laundry,laundry,shop,Retail shops,shop=laundry,,,,,,,,,43.2580471,-79.8797089,0.596,no_website,,no,,,,,,,,
node/7921693172,node,Queen's Subs,fast_food,amenity,Food & drink,amenity=fast_food,,,,,,,,,43.2581223,-79.8796827,0.597,no_website,,no,,,,,,,,
node/7921693173,node,Right Stitches,dry_cleaning,shop,Retail shops,shop=dry_cleaning,,,,,,,,,43.258094,-79.8796921,0.597,no_website,,no,,,,,,,,
node/7921693171,node,Saint Jimmy's,cafe,amenity,Food & drink,amenity=cafe,,,,,,,,,43.2581492,-79.8796767,0.598,no_website,,no,,,,,,,,
node/13025972291,node,Chicken Plus,restaurant,amenity,Food & drink,amenity=restaurant,,,,,,,https://www.chickenpluscanada.ca/,,43.2594926,-79.8671273,0.599,has_website,,no,,"not checked (beyond --max-checks, or --no-health)",,,,,,
node/7802249507,node,Coppley,clothes,shop,Retail shops,shop=clothes,,,,,,,,,43.2607657,-79.8691959,0.6,no_website,,no,,,,,,,,
node/9421183652,node,Wintas Computers,computer,shop,Retail shops,shop=computer,119 King Street East,,,L8N 1A9,+1-905-522-2706,sales@wintascomputers.com,http://www.wintascomputers.com/,Mo-Fr 11:00-19:00; Sa 12:00-16:30; Su off,43.2556712,-79.865465,0.6,has_website,,no,,"not checked (beyond --max-checks, or --no-health)",,,,,,
node/13850708301,node,Divine Kitchen,restaurant,amenity,Food & drink,amenity=restaurant,92 Jackson Street East,,,,+1-514-258-5808,divinekitchen04@gmail.com,,,43.2534533,-79.8663481,0.603,no_website,,no,,,,,,,,
node/7778271087,node,Noodle Me,restaurant,amenity,Food & drink,amenity=restaurant,"1 Wilson Street, Unit 7",,,L8R 1C4,+1 905 540 1166,,https://www.noodlemehamilton.com/,Mo-Su 11:00-21:00,43.2594618,-79.867022,0.604,has_website,,no,,"not checked (beyond --max-checks, or --no-health)",,,,,,
node/9419234537,node,Subway,fast_food,amenity,Food & drink,amenity=fast_food,155 John Street South,,,,,,,,43.2519146,-79.8680305,0.606,no_website,,no,,,,,,,,
node/12879201990,node,Radiant Beauty Supplies,cosmetics,shop,Salons & barbers,shop=cosmetics,,,,,,,,,43.2599052,-79.8674715,0.609,no_website,,no,,,,,,,,
node/13150294595,node,Diagyo,cafe,amenity,Food & drink,amenity=cafe,125 King Street East,Hamilton,,L8N 1A9,,,,,43.2556063,-79.8653366,0.611,no_website,,no,,,,,,,,
node/7778271086,node,Pet Valu,pet,shop,Pet services,shop=pet,1 Wilson Street,,,L8R 1C4,+1 905 577 0783,,https://store.petvalu.ca/location/2119/,Mo-Fr 09:00-21:00; Sa 09:00-18:00; Su 10:00-18:00,43.2594149,-79.8668665,0.611,has_website,,no,,"not checked (beyond --max-checks, or --no-health)",,,,,,
node/11899025246,node,York Convenience,convenience,shop,Retail shops,shop=convenience,116 MacNab Street North,,,,,,,,43.2607265,-79.8688251,0.611,no_website,,no,,,,,,,,
node/4707379190,node,Club Seventy Seven,bar,amenity,Food & drink,amenity=bar,77 King William Street,Hamilton,,,,,,,43.2566526,-79.8652878,0.616,no_website,,no,,,,,,,,
node/9082313232,node,James Street Pharmacy,pharmacy,healthcare,Health & clinics,healthcare=pharmacy,200 James Street South,,,,+1-905-572-6565,,,Mo-Fr 08:00-17:00; Sa 09:00-13:00,43.2505699,-79.8720301,0.616,no_website,,no,,,,,,,,
node/9419234535,node,Peabody,restaurant,amenity,Food & drink,amenity=restaurant,163 John Street South,,,,,,https://peabodyseatery.com/,Tu-Sa 11:00-22:00,43.2517551,-79.8681036,0.616,has_website,,no,,"not checked (beyond --max-checks, or --no-health)",,,,,,
node/4707379189,node,August 8,restaurant,amenity,Food & drink,amenity=restaurant,"1 Wilson Street, Unit Unit 12",Hamilton,ON,L8R 1C4,+1 905-524-3838,,https://august8.ca/,Mo-Th 11:30-21:45; Fr-Sa 11:30-22:00; Su 11:30-21:15,43.2593524,-79.8666833,0.618,has_website,,no,,"not checked (beyond --max-checks, or --no-health)",,,,,,
node/11899019864,node,EatWell Central Kitchens,fast_food,amenity,Food & drink,amenity=fast_food,,,,,,,,,43.2614587,-79.8709358,0.618,no_website,,no,,,,,,,,
node/11294044062,node,Bronzie's Place,restaurant,amenity,Food & drink,amenity=restaurant,201 James Street South,,,,,,,,43.2505994,-79.8715087,0.619,no_website,,no,,,,,,,,
node/8484305099,node,Radfan Convenience,convenience,shop,Retail shops,shop=convenience,122 Queen Street South,,,,+1-905-572-1010,,,24/7,43.2555912,-79.8804995,0.621,no_website,,no,,,,,,,,
node/11262989082,node,The Cat & Fiddle,pub,amenity,Food & drink,amenity=pub,,,,,,,,,43.2514826,-79.8685023,0.621,no_website,,no,,,,,,,,
way/166033480,way,Downtown Auto Specialist,car_repair,shop,Auto services,shop=car_repair,178 John Street South,,,L8N 2C6,,,,,43.2513835,-79.8686406,0.624,no_website,,no,,,,,,,,
node/13599801537,node,The Grand,restaurant,amenity,Food & drink,amenity=restaurant,69 Augusta Street,,,L8N 1R1,+1-289-389-5552,contact@thegrandhamilton.ca,https://www.thegrandhamilton.ca/,Mo-Th 11:30-23:00; Fr-Sa 11:30-01:00; Su 11:00-22:00,43.251624,-79.8681378,0.626,has_website,,no,,"not checked (beyond --max-checks, or --no-health)",,,,,,
node/9082313234,node,Dr. A. Thoma Cosmetic Surgery Clinic,clinic,healthcare,Health & clinics,healthcare=clinic,,,,,,,,,43.2504735,-79.8720536,0.627,no_website,,no,,,,,,,,
node/13850701501,node,Johnny's Cafe,cafe,amenity,Food & drink,amenity=cafe,100 Main Street East,,,,,,,We-Th 11:00-22:00; Fr 11:00-23:00; Sa 12:00-23:00; Su 12:00-22:00,43.2542198,-79.8655465,0.627,no_website,,no,,,,,,,,
node/9421024942,node,Qstop Conivence,convenience,shop,Retail shops,shop=convenience,130 King Street East,,,L8N 1A8,,,,Mo-Fr 08:00-22:00; Sa-Su 10:00-22:00,43.2551622,-79.8652003,0.629,no_website,,no,,,,,,,,
node/1353860861,node,Dr. Margaret Krol,dentist,healthcare,Health & clinics,healthcare=dentist,,,,,,,,,43.2577265,-79.8803034,0.63,no_website,,no,,,,,,,,
node/9734838134,node,Momoco Donuts,bakery,shop,Retail shops,shop=bakery,2 Catharine Street North,,,L8R 1H8,+1-905-923-0636,momocodonuts@gmail.com,https://momocodonuts.ca/,We-Sa 10:00-16:00,43.2557338,-79.8650432,0.634,has_website,,no,,"not checked (beyond --max-checks, or --no-health)",,,,,,
node/7836016390,node,Miller Shoes,shoes,shop,Retail shops,shop=shoes,,,,,,,,,43.2601865,-79.8673674,0.637,no_website,,no,,,,,,,,
way/514544729,way,Sugar Bowl,fast_food,amenity,Food & drink,amenity=fast_food,124 MacNab Street North,,,,,,,,43.2609331,-79.868687,0.637,no_website,,no,,,,,,,,
node/9174978457,node,Chaat Ter Box,restaurant,amenity,Food & drink,amenity=restaurant,129 King Street East,Hamilton,ON,L8R 1H8,,,,,43.2555214,-79.8650088,0.639,no_website,,no,,,,,,,,
node/13858016901,node,Yellow Birch Psychology,psychotherapist,healthcare,Health & clinics,healthcare=psychotherapist,212 James Street South,,,,+1-905-525-2927,,http://www.yellowbirch.ca,,43.2503649,-79.8720859,0.639,has_website,,no,,"not checked (beyond --max-checks, or --no-health)",,,,,,
node/12200044779,node,Level 10 Hair,hairdresser,shop,Salons & barbers,shop=hairdresser,,,,,,,,,43.2514185,-79.8682171,0.64,no_website,,no,,,,,,,,
node/7836016391,node,H. Williams Jewellery,jewelry,shop,Retail shops,shop=jewelry,136 James Street North,,,L8R 2K7,+1-905-529-2761,,https://hwilliamsjewellery.com/,,43.2602417,-79.8673452,0.643,has_website,,no,,"not checked (beyond --max-checks, or --no-health)",,,,,,
node/906645457,node,Dirty Dogg Saloon,bar,amenity,Food & drink,amenity=bar,41 Catharine Street North,Hamilton,,,,,,,43.2565358,-79.8649128,0.645,no_website,,no,,,,,,,,
node/12200470475,node,Intact Hamilton Service Centre,car_repair,shop,Auto services,shop=car_repair,198 John Street South,,,L8N 2C6,+1-866-464-2424,,https://www.intact.ca/en/personal-insurance/claims/service-centre,Mo-Fr 08:00-17:00; Sa 09:00-13:00,43.251101,-79.8687641,0.645,has_website,,no,,"not checked (beyond --max-checks, or --no-health)",,,,,,
node/9082313231,node,Hamilton Pediatric Dentistry,dentist,healthcare,Health & clinics,healthcare=dentist,212 James Street South,,,,,,,,43.2502979,-79.8721168,0.646,no_website,,no,,,,,,,,
node/12200044777,node,Ultim8,hairdresser,shop,Salons & barbers,shop=hairdresser,,,,,,,,,43.2513217,-79.8682603,0.647,no_website,,no,,,,,,,,
node/8158813010,node,Wass Ethiopian Food,restaurant,amenity,Food & drink,amenity=restaurant,207 James Street South,,,,+1-289-389-5294,,https://www.wassethiopianrestaurant.com/,,43.250324,-79.8717012,0.647,has_website,,no,,"not checked (beyond --max-checks, or --no-health)",,,,,,
node/3985385462,node,Mezbaan,restaurant,amenity,Food & drink,amenity=restaurant,135 King Street East,Hamilton,ON,L8N 1B2,,,,,43.2554816,-79.8648931,0.648,no_website,,no,,,,,,,,
node/8105536673,node,Dr. Nghi Le,dentist,healthcare,Health & clinics,healthcare=dentist,52 Cannon Street West,,,,+1-905-570-0555,,,,43.2614078,-79.8695212,0.651,no_website,,no,,,,,,,,
node/8105536674,node,Guardian,pharmacy,healthcare,Health & clinics,healthcare=pharmacy,52 Cannon Street West,,,,,,,"Mo,Tu,Th-Sa 10:00-18:00; Su 11:00-17:00",43.2614225,-79.8695648,0.651,no_website,,no,,,,,,,,
node/8105536672,node,Hamilton Medical Centre,doctor,healthcare,Health & clinics,healthcare=doctor,52 Cannon Street West,,,,,,,,43.2614371,-79.8696124,0.651,no_website,,no,,,,,,,,
node/12200044778+node/12200100046,node,Hotshot Tattoo Club,tattoo,shop,Salons & barbers,shop=tattoo,,,,,,,,,43.2512765,-79.868272,0.651,no_website,,no,,,,,,,,
node/11899038985,node,Supreme Chinese B-B-Q,restaurant,amenity,Food & drink,amenity=restaurant,,,,,+1 905 581 6261,,,,43.2613265,-79.8693015,0.651,no_website,,no,,,,,,,,
node/8045373937,node,D's Bubble Tea,cafe,amenity,Food & drink,amenity=cafe,,,,,,,,,43.2618878,-79.8717535,0.652,no_website,,no,,,,,,,,
node/8045373936,node,Crystal Dynasty,restaurant,amenity,Food & drink,amenity=restaurant,,,,,,,,,43.2619142,-79.8718353,0.654,no_website,,no,,,,,,,,
node/13853765701,node,everyday body,beauty,shop,Salons & barbers,shop=beauty,101 Hunter Street East,,,,+1-647-244-5351,,https://everydaybody.studio/,,43.2527239,-79.8662318,0.654,has_website,,no,,"not checked (beyond --max-checks, or --no-health)",,,,,,
node/12879201987,node,Handknit Yarn Studio,fabric,shop,Retail shops,shop=fabric,144 James Street North,,,,,,,,43.2603884,-79.8672611,0.659,no_website,,no,,,,,,,,
node/11899038931,node,Bánh Mì Huệ,restaurant,amenity,Food & drink,amenity=restaurant,"127 MacNab Street North, Unit 2",,,,+1 905 529 5555,banhmihue.catering@gmail.com,http://banhmihue.ca,"Mo-Tu, Th-Sa 10:00-18:00; Su 10:00-17:00",43.2613563,-79.8691285,0.66,has_website,,no,,"not checked (beyond --max-checks, or --no-health)",,,,,,
node/7836016389,node,Hamilton Jewellers,jewelry,shop,Retail shops,shop=jewelry,,,,,,,,,43.2604824,-79.8672386,0.668,no_website,,no,,,,,,,,
node/9404867183,node,For Lease,lawyer,office,Professional services,office=lawyer,119 Main Street East,,,L8N 3Z3,,,,,43.254379,-79.8649406,0.669,no_website,,no,,,,,,,,
node/6188960954,node,TeaHut,restaurant,amenity,Food & drink,amenity=restaurant,100 Main Street East,Hamilton,,,+1-905-521-6451,,,Mo-Th 12:00-00:00; Fr-Sa 12:00-01:00; Su 12:00-01:30,43.2540531,-79.8650681,0.67,no_website,,no,,,,,,,,
node/12879201986,node,Joey Hair Studio,hairdresser,shop,Salons & barbers,shop=hairdresser,,,,,,,,,43.260494,-79.8672061,0.671,no_website,,no,,,,,,,,
way/307668254,way,The Spice Factory,events_venue,amenity,Services,amenity=events_venue,121 Hughson Street North,,,L8R 1G7,+1-289-925-8446,weddings@spicefactory.ca,https://thespicefactory.ca/,,43.2599618,-79.8665198,0.671,has_website,,no,,"not checked (beyond --max-checks, or --no-health)",,,,,,
node/9421024944,node,Du Placey's Barber Shop,hairdresser,shop,Salons & barbers,shop=hairdresser,150 King Street East,,,,,,,Tu-Sa 09:00-17:00,43.2550664,-79.8646662,0.673,no_website,,no,,,,,,,,
node/442754554,node,Handsome Dave's Neighbourhood Bar,pub,amenity,Food & drink,amenity=pub,61 Young Street,,,L8N1V1,+1 905 523 7177,,,,43.2508164,-79.8687307,0.674,no_website,,no,,,,,,,,
way/232594212,way,Tim Hortons,cafe,amenity,Food & drink,amenity=cafe,,,,,,,,,43.2621678,-79.8722755,0.679,no_website,,no,,,,,,,,
node/9421183660,node,Leathers Motocycle Wear,clothes,shop,Retail shops,shop=clothes,149 King Street East,,,,,,,,43.2553475,-79.8645222,0.68,no_website,,no,,,,,,,,
node/12879224408,node,Lee & Me,clothes,shop,Retail shops,shop=clothes,,,,,,,,,43.2605727,-79.8671663,0.68,no_website,,no,,,,,,,,
node/1620938115,node,Atlantic Submarine,fast_food,amenity,Food & drink,amenity=fast_food,212 John Street South,,,,,,,Mo-Fr 10:00-22:00; Sa 14:00-22:00; Su off,43.2506409,-79.8689902,0.681,no_website,,no,,,,,,,,
node/3985385471,node,Leathers Giant Discount Warehouse,clothes,shop,Retail shops,shop=clothes,157 King Street East,Hamilton,ON,L8N 1B1,,,,,43.2553319,-79.8644525,0.686,no_website,,no,,,,,,,,
node/9918130454,node,Star Hair Salon,hairdresser,shop,Salons & barbers,shop=hairdresser,,,,,+1-905-525-6777,,,Mo-Fr 09:00-19:00; Sa 09:00-18:00; Su off,43.2505947,-79.8689763,0.686,no_website,,no,,,,,,,,
node/1620906373,node,Big Bee,convenience,shop,Retail shops,shop=convenience,212 John Street South,,,,,,https://bigbeestores.ca/,24/7,43.2505344,-79.8690223,0.69,has_website,,no,,"not checked (beyond --max-checks, or --no-health)",,,,,,
node/7778268276,node,Smalls Coffee,cafe,amenity,Food & drink,amenity=cafe,8 Cannon Street East,,,,,info@smalls.coffee,http://smalls.coffee/,,43.2605503,-79.8669449,0.69,has_website,,no,,"not checked (beyond --max-checks, or --no-health)",,,,,,
way/319664511,way,Runco's Auto Service,car_repair,shop,Auto services,shop=car_repair,205 John Street South,,,,,,,,43.250834,-79.8682932,0.691,no_website,,no,,,,,,,,
node/6485917186,node,The Burnt Tongue,restaurant,amenity,Food & drink,amenity=restaurant,10 Cannon Street East,,,,+1-905-536-1146,,https://www.theburnttongue.com/,Mo-Su 11:30-20:00,43.2605367,-79.866902,0.692,has_website,,no,,"not checked (beyond --max-checks, or --no-health)",,,,,,
way/838318736,way,Today's Family - Central,kindergarten,amenity,Services,amenity=kindergarten,101 Catharine Street South,,,L8N 2J5,+1 905 574 9344 x1150,central@todaysfamily.ca,https://www.todaysfamily.ca/,,43.2519604,-79.8664254,0.694,has_website,,no,,"not checked (beyond --max-checks, or --no-health)",,,,,,
node/3985385459,node,Ajio Sushi,restaurant,amenity,Food & drink,amenity=restaurant,161 King Street East,Hamilton,,L8N 1B1,+1-905-526-8888,,https://www.ajiosushi.com/,"Tu, Th-Sa 11:30-23:30; Su 13:00-23:00",43.2552971,-79.8643458,0.695,has_website,,no,,"not checked (beyond --max-checks, or --no-health)",,,,,,
node/8105536682,node,Royal Touch Auto Service,car_repair,shop,Auto services,shop=car_repair,22 Cannon Street West,,,,+1-905-526-0025,,,,43.2613062,-79.8680896,0.698,no_website,,no,,,,,,,,
node/3985385479,node,Sana Grill,restaurant,amenity,Food & drink,amenity=restaurant,161 King Street East,,,,,,,,43.2552574,-79.8642985,0.699,no_website,,no,,,,,,,,
node/4076086045,node,Durand Coffee,cafe,amenity,Food & drink,amenity=cafe,142 Charlton Avenue West,Hamilton,,L8P 2C7,,,,,43.2515375,-79.8789169,0.704,no_website,,no,,,,,,,,
node/3985385476,node,Pizza Foundry,restaurant,amenity,Food & drink,amenity=restaurant,163 King Street East,,,,,,,,43.2552375,-79.8642365,0.704,no_website,,no,,,,,,,,
node/3264651100,node,B&N Dental Professionals,dentist,healthcare,Health & clinics,healthcare=dentist,,,,,,,http://bndentalprofessionals.com/,,43.2499847,-79.8704118,0.706,has_website,,no,,"not checked (beyond --max-checks, or --no-health)",,,,,,
node/9224948758,node,LifeLabs,laboratory,healthcare,Health & clinics,healthcare=laboratory,25 Charlton Avenue East,Hamilton,ON,L8N 1Y2,,,https://www.lifelabs.com/,Mo-Fr 07:30-15:30,43.2498557,-79.8710534,0.707,has_website,,no,,"not checked (beyond --max-checks, or --no-health)",,,,,,
node/7836016387,node,Dresden Vision,optician,shop,Retail shops,shop=optician,,,,,,,,,43.2610118,-79.8673117,0.709,no_website,,no,,,,,,,,
node/7792892123,node,Indian Chinese Hakka,restaurant,amenity,Food & drink,amenity=restaurant,239 York Boulevard,,,L8R 1Y7,+1 905 527 8888,contact@hamiltonhakka.com,https://hamiltonhakka.com/,,43.261921,-79.8763729,0.709,has_website,,no,,"not checked (beyond --max-checks, or --no-health)",,,,,,
node/7836016386,node,Cameron Hair Studio,hairdresser,shop,Salons & barbers,shop=hairdresser,,,,,,,,,43.2610323,-79.8673037,0.711,no_website,,no,,,,,,,,
node/12863692316,node,San Remo's Cafe,fast_food,amenity,Food & drink,amenity=fast_food,25 Charlton Avenue East,,,,,,,,43.2497991,-79.8712465,0.711,no_website,,no,,,,,,,,
node/13858002103,node,Charlton Physio,physiotherapist,healthcare,Health & clinics,healthcare=physiotherapist,,,,,+1-905-528-5271,,,,43.249683,-79.8725067,0.712,no_website,,no,,,,,,,,
node/9082313233,node,Charlton Dentistry,dentist,healthcare,Health & clinics,healthcare=dentist,,,,,,,,,43.2496807,-79.8723763,0.713,no_website,,no,,,,,,,,
node/12863692315,node,Hamilton Midwives,midwife,healthcare,Health & clinics,healthcare=midwife,"25 Charlton Avenue East, Unit 600",,,L8N 1Y2,+1-905-527-8919,,https://www.hamiltonmidwives.ca/,,43.2498013,-79.8710957,0.713,has_website,,no,,"not checked (beyond --max-checks, or --no-health)",,,,,,
node/8981020164,node,Laserbody M.D.,beauty,shop,Salons & barbers,shop=beauty,230 James Street South,Hamilton,Ontario,L8P 3B3,+1-416-661-7878,,https://laserbodymd.ca/locations/medical-spa-toronto-hamilton,Mo-Fr 09:00-19:00,43.2496521,-79.8724844,0.715,has_website,,no,,"not checked (beyond --max-checks, or --no-health)",,,,,,
node/3632292146,node,Philthy Philly’s,fast_food,amenity,Food & drink,amenity=fast_food,,,,,,,,,43.2608189,-79.8668943,0.715,no_website,,no,,,,,,,,
node/3985385545,node,Sparkle Northern Chinese Cuisine,restaurant,amenity,Food & drink,amenity=restaurant,165 King Street East,Hamilton,ON,L8N 1B2,+19055292226,,,,43.2551628,-79.8640828,0.718,no_website,,no,,,,,,,,
node/9082313235,node,Walk-In Clinic,doctor,healthcare,Health & clinics,healthcare=doctor,,,,,,,,Mo-Fr 09:00-16:30; Sa 10:00-14:00,43.2496251,-79.8724071,0.719,no_website,,no,,,,,,,,
node/9421024946,node,Discount Max,convenience,shop,Retail shops,shop=convenience,170 King Street East,,,,,,,Mo-Fr 10:30-19:00; Sa 10:30-18:30; Su 10:30-18:00,43.2549241,-79.8641065,0.72,no_website,,no,,,,,,,,
node/3684344270,node,Pho Dui Bo,restaurant,amenity,Food & drink,amenity=restaurant,"15 Cannon Street East, Unit 2",Hamilton,,L8L 1Z6,+1-905-525-0100,,https://www.phoduibo.com/,Su-Th 10:00-22:00; Fr-Sa 10:00-23:00,43.2607955,-79.8667468,0.721,has_website,,no,,"not checked (beyond --max-checks, or --no-health)",,,,,,
node/3985385467,node,Hi & Buy Dollar Discount & Beauty Supplies,beauty,shop,Salons & barbers,shop=beauty,,,,,,,,,43.2552366,-79.86399,0.724,no_website,,no,,,,,,,,
node/7836016385,node,Saint James Espresso Bar & Eatery,cafe,amenity,Food & drink,amenity=cafe,170 James Street North,,,L8R 2L1,,,http://www.saint-james.ca/,,43.2609981,-79.8670033,0.724,has_website,,no,,"not checked (beyond --max-checks, or --no-health)",,,,,,
node/3985385481,node,Starspark Computers,computer,shop,Retail shops,shop=computer,169 King Street East,Hamilton,ON,L8N 1B3,+1-905-522-7125,,https://www.starsparkcomputers.com,Mo-Fr 10:30-17:30,43.2551346,-79.8640176,0.724,has_website,,no,,"not checked (beyond --max-checks, or --no-health)",,,,,,
node/9082180689,node,Hanley’s Hair,hairdresser,shop,Salons & barbers,shop=hairdresser,,,,,,,,,43.2579746,-79.8814389,0.726,no_website,,no,,,,,,,,
node/12879224407,node,Grey Harbour Tattoo,tattoo,shop,Salons & barbers,shop=tattoo,,,,,,,,,43.2610476,-79.866972,0.73,no_website,,no,,,,,,,,
node/3985385521,node,Dim Sum House,restaurant,amenity,Food & drink,amenity=restaurant,173 King Street East,Hamilton,ON,L8N 1B3,+1-905-522-8883,dimsumhouserestaurant173@hotmail.com,http://dimsumhouse.ca,Mo-Su 10:00-20:00,43.2551212,-79.8638958,0.734,has_website,,no,,"not checked (beyond --max-checks, or --no-health)",,,,,,
node/12879224406,node,Wollcott,estate_agent,office,Professional services,office=estate_agent,174 James Street North,,,,,,,,43.261107,-79.8669416,0.736,no_website,,no,,,,,,,,
node/10589714457,node,Fairtax,tax_advisor,office,Professional services,office=tax_advisor,,,,,,,,,43.2612757,-79.8672048,0.737,no_website,,no,,,,,,,,
node/4276244837,node,Active Green + Ross,car_repair,shop,Auto services,shop=car_repair,138 Hughson Street North,,,,,,,,43.2602064,-79.8657179,0.738,no_website,,no,,,,,,,,
node/12313006150,node,Bent Hair Design,hairdresser,shop,Salons & barbers,shop=hairdresser,173 King Street East,,,,,,,,43.2551056,-79.863843,0.738,no_website,,no,,,,,,,,
node/7836016388,node,Cannon Pharmacy,pharmacy,healthcare,Health & clinics,healthcare=pharmacy,,,,,,,,,43.2609268,-79.8665339,0.743,no_website,,no,,,,,,,,
node/1547750296,node,Drop Off! Dry Cleaners & Laundry,laundry,shop,Retail shops,shop=laundry,,,,,,,,,43.2600411,-79.8802649,0.744,no_website,,no,,,,,,,,
node/12879300009,node,Buona Vita Pizza,fast_food,amenity,Food & drink,amenity=fast_food,,,,,+1 9055771000,,,,43.2620989,-79.8769151,0.746,no_website,,no,,,,,,,,
node/11899027429,node,Alves Meats & Variety,butcher,shop,Retail shops,shop=butcher,157 MacNab Street North,,,,+1 905 528 0165,,,,43.2620687,-79.8686485,0.748,no_website,,no,,,,,,,,
node/10681639017,node,Euphoria Hair Boutique,hairdresser,shop,Salons & barbers,shop=hairdresser,158 MacNab Street North,,,,,,,,43.2619802,-79.8683149,0.752,no_website,,no,,,,,,,,
node/12195569018,node,Jet Cafe,restaurant,amenity,Food & drink,amenity=restaurant,,,,,+1-905-297-8113,,,Mo-Su 07:00-15:00,43.2548068,-79.8637236,0.753,no_website,,no,,,,,,,,
node/13675136701,node,Boom Scorch Jamaican Cuisine,restaurant,amenity,Food & drink,amenity=restaurant,187 King Street East,,,,,,,Tu-Th 10:00-21:00; Fr-Sa 10:00-23:00,43.2550342,-79.8636611,0.754,no_website,,no,,,,,,,,
way/748867060,way,Hughson House,car_repair,shop,Auto services,shop=car_repair,,,,,,,,,43.2584375,-79.8641174,0.755,no_website,,no,,,,,,,,
node/13675136702,node,The Blue Collar,pet_grooming,shop,Pet services,shop=pet_grooming,189 King Street East,,,,+1-905-519-9948,,,,43.255027,-79.8636343,0.756,no_website,,no,,,,,,,,
node/13525406573,node,The Hub Coffee Roaster,cafe,amenity,Food & drink,amenity=cafe,191 King Street East,,,L8N 1B3,,,https://www.instagram.com/thehubcoffee.ca,Mo-Su 07:00-16:00,43.2550316,-79.8636029,0.759,social_only,instagram,no,,,,,,,,
node/13599801539,node,Brothers Grimm,restaurant,amenity,Food & drink,amenity=restaurant,193 King Street East,,,L8N 1B3,+1-905-393-1284,,https://brothersgrimmbistro.ca/,"Su, We-Th 17:00-22:00; Fr-Sa 17:00-23:00",43.2550233,-79.8635759,0.761,has_website,,no,,"not checked (beyond --max-checks, or --no-health)",,,,,,
node/12312963257,node,Gastro Market Inc.,restaurant,amenity,Food & drink,amenity=restaurant,193 King Street East,,,L8N 1B3,,,,,43.2550188,-79.8635611,0.762,no_website,,no,,,,,,,,
node/1538591300,node,Laudromat,laundry,shop,Retail shops,shop=laundry,,,,,,,,,43.2620639,-79.877437,0.762,no_website,,no,,,,,,,,
node/8484305111,node,Signs Vision,optician,shop,Retail shops,shop=optician,,,,,,,,,43.2621198,-79.8774304,0.767,no_website,,no,,,,,,,,
way/480110264,way,Claudio's,restaurant,amenity,Food & drink,amenity=restaurant,191 James Street North,,,,+1 289 389 6699,,https://www.claudios.ca/,,43.2616238,-79.8671921,0.768,has_website,,no,,"not checked (beyond --max-checks, or --no-health)",,,,,,
way/243727109,way,PartSource,car_parts,shop,Auto services,shop=car_parts,25 Cannon Street East,,,,,,,,43.2608986,-79.8660711,0.768,no_website,,no,,,,,,,,
node/12879297343,node,Grill King,restaurant,amenity,Food & drink,amenity=restaurant,,,,,,,,,43.2620078,-79.8777579,0.769,no_website,,no,,,,,,,,
node/8484305113,node,Bueno Vita Pizza,fast_food,amenity,Food & drink,amenity=fast_food,,,,,+1-905-577-1000,,http://www.buonavitapizza.ca/,Mo-Sa 11:00-22:00; Su 12:00-22:00,43.2621583,-79.8774096,0.77,has_website,,no,,"not checked (beyond --max-checks, or --no-health)",,,,,,
node/12313076570,node,G W Thompson Jeweller And Pawnbroker Inc,jewelry,shop,Retail shops,shop=jewelry,190 King Street East,,,L8N 1B4,,,,Mo-Sa 09:00-17:00,43.2547494,-79.863517,0.771,no_website,,no,,,,,,,,
node/13858001801,node,Bernstein Law Group,lawyer,office,Professional services,office=lawyer,250 James Street South,,,,+1-905-546-1990,,https://bernsteinlawgroup.ca/,,43.2491358,-79.8727143,0.772,has_website,,no,,"not checked (beyond --max-checks, or --no-health)",,,,,,
node/8105536692,node,Downtown Autobody,car_repair,shop,Auto services,shop=car_repair,,,,,,,,,43.2600776,-79.8650607,0.772,no_website,,no,,,,,,,,
node/13675136801,node,Casa Amor,beauty,shop,Salons & barbers,shop=beauty,197 King Street East,,,,+1-905-971-4448,,,,43.2549699,-79.863434,0.773,no_website,,no,,,,,,,,
node/8968500515,node,Durand Dental,dentist,healthcare,Health & clinics,healthcare=dentist,51 Herkimer Street,,,,,,,,43.2493876,-79.8754214,0.773,no_website,,no,,,,,,,,
node/11336542433,node,Adobo Queen,fast_food,amenity,Food & drink,amenity=fast_food,"82 Queen Street North, Unit 2",,,,+1-289-396-0480,,,,43.2622169,-79.8773921,0.775,no_website,,no,,,,,,,,
node/4939435721,node,Kim Hanna Massage,cosmetics,shop,Salons & barbers,shop=cosmetics,,,,,,,,,43.2598724,-79.8808856,0.775,no_website,,no,,,,,,,,
node/11336542434,node,Big Caesar Shawarma,fast_food,amenity,Food & drink,amenity=fast_food,85 Queen Street North,,,,+1-905-524-1234,,,,43.2620431,-79.8778334,0.776,no_website,,no,,,,,,,,
node/4650141077,node,ROCK N TEES,clothes,shop,Retail shops,shop=clothes,195 King Street East,Hamilton,,L8N 1B3,,,,,43.2549651,-79.8633854,0.777,no_website,,no,,,,,,,,
node/6191321548,node,La Cantina,restaurant,amenity,Food & drink,amenity=restaurant,60 Walnut Street South,Hamilton,,,+1-905-521-8989,,,,43.253212,-79.8640829,0.779,no_website,,no,,,,,,,,
node/8484305114,node,Kain Tayo!,restaurant,amenity,Food & drink,amenity=restaurant,82 Queen Street North,,,L8R 2V4,+1-289-396-0480,,https://www.kaintayohamilton.com/,Mo-Su 10:00-17:00,43.2623058,-79.8773365,0.781,has_website,,no,,"not checked (beyond --max-checks, or --no-health)",,,,,,
way/837663849,way,MySweetTooth,bakery,shop,Retail shops,shop=bakery,301 Main Street West,,,L8P 1J7,+1-365-888-5686,mysweetooth.canada@gmail.com,https://www.mysweetooth.ca/,Tu-Sa 12:00-18:00,43.2580721,-79.8821395,0.784,has_website,,no,,"not checked (beyond --max-checks, or --no-health)",,,,,,
node/8484305107,node,Queen York Pharmacy,pharmacy,healthcare,Health & clinics,healthcare=pharmacy,85 Queen Street North,,,,,,,,43.2620826,-79.8779607,0.785,no_website,,no,,,,,,,,
node/13300829117,node,Wise Path Counselling,psychotherapist,healthcare,Health & clinics,healthcare=psychotherapist,393 King Street West,Hamilton,ON,L8P 1B5,+1-855-495-7219,hello@wisepathcounselling.com,https://wisepathcounselling.com,"Mo,We 12:00-19:00; Tu,Th 11:00-20:00; Fr 11:30-19:00; Sa 10:00-15:30",43.2598376,-79.8811234,0.789,has_website,,no,,"not checked (beyond --max-checks, or --no-health)",,,,,,
node/4293239758,node,Alfa Fine Motors,car,shop,Auto services,shop=car,,,,,,,,,43.2598407,-79.8645696,0.791,no_website,,no,,,,,,,,
node/7792892160,node,Dr. Kwong W. Lo,dentist,healthcare,Health & clinics,healthcare=dentist,289 York Boulevard,,,,+1 9055285568,,https://www.drkwonglo.com/,,43.2624914,-79.8771206,0.792,has_website,,no,,"not checked (beyond --max-checks, or --no-health)",,,,,,
node/9934623102,node,John Street Medical Centre,doctor,healthcare,Health & clinics,healthcare=doctor,247 John Street South,,,,,,,,43.2495981,-79.8687535,0.794,no_website,,no,,,,,,,,
node/2528787135,node,Mulberry Street Coffee House,cafe,amenity,Food & drink,amenity=cafe,193 James Street North,Hamilton,,,+1-905-963-1365,mulberrycoffeehouse@gmail.com,https://www.mulberrycoffeehouse.com/,Mo-Su 09:00-15:00,43.2617949,-79.8669811,0.794,has_website,,no,,"not checked (beyond --max-checks, or --no-health)",,,,,,
node/8484305112,node,Pho Nhung,restaurant,amenity,Food & drink,amenity=restaurant,85 Queen Street North,,,,,,,,43.26213,-79.8780835,0.795,no_website,,no,,,,,,,,
node/9934623103,node,I.D.A.,pharmacy,healthcare,Health & clinics,healthcare=pharmacy,247 John Street South,,,,,,,,43.2495521,-79.8687673,0.798,no_website,,no,,,,,,,,
node/4293239759,node,Good Gate Auto Service,car_repair,shop,Auto services,shop=car_repair,,,,,,,,,43.2597976,-79.8644171,0.799,no_website,,no,,,,,,,,
node/12879113605,node,Mulberry Wellness,alternative,healthcare,Health & clinics,healthcare=alternative,166 Bay Street North,,,,,,https://mulberrywellness.ca,,43.2631945,-79.8713902,0.8,has_website,,no,,"not checked (beyond --max-checks, or --no-health)",,,,,,
node/12184773351,node,Strut Salon,hairdresser,shop,Salons & barbers,shop=hairdresser,,,,,,,,,43.2522404,-79.8644921,0.801,no_website,,no,,,,,,,,
node/9416169272,node,The Brain Bar,pub,amenity,Food & drink,amenity=pub,199 James Street North,,,,+1 289 396 8508,houseofbrain@gmail.com,,,43.2619196,-79.8669027,0.809,no_website,,no,,,,,,,,
node/3245040662,node,Shoppers Drug Mart,pharmacy,healthcare,Health & clinics,healthcare=pharmacy,113 Herkimer Street,,,L8P 2G8,,,https://www.shoppersdrugmart.ca/en/store-locator/store/1047,,43.2502737,-79.8789169,0.811,has_website,,no,,"not checked (beyond --max-checks, or --no-health)",,,,,,
way/122211030,way,Dollarama,variety_store,shop,Retail shops,shop=variety_store,157 Main Street East,,,,,,https://www.dollarama.com/,Mo-Fr 09:00-21:00; Sa 09:00-18:00; Su 09:00-17:00,43.2540271,-79.8632391,0.812,has_website,,no,,"not checked (beyond --max-checks, or --no-health)",,,,,,
node/7837553531,node,Gate of India,restaurant,amenity,Food & drink,amenity=restaurant,201 James Street North,,,,,,,,43.2619655,-79.8668879,0.814,no_website,,no,,,,,,,,
node/1595479678,node,Becker's,convenience,shop,Retail shops,shop=convenience,119 Herkimer Street,,,,,,,,43.250298,-79.8790533,0.816,no_website,,no,,,,,,,,
node/1353862038,node,Milli,shoes,shop,Retail shops,shop=shoes,,,,,,,,,43.258467,-79.882428,0.819,no_website,,no,,,,,,,,
node/3772745598,node,Pane Del Sole Italian Bakery,bakery,shop,Retail shops,shop=bakery,175 John Street North,Hamilton,,,+1-905-529-0949,,,,43.2605088,-79.8647617,0.82,no_website,,no,,,,,,,,
node/9174978464,node,Spicy Palace Karaoke Bar,bar,amenity,Food & drink,amenity=bar,,,,,+1-647-330-6848,,,Mo-Th 19:00-02:00; Fr 17:00-03:00; Sa 15:00-03:00; Su 19:00-02:00,43.2545816,-79.8629457,0.82,no_website,,no,,,,,,,,
way/837658679,way,The Personal Mortgage Group,accountant,office,Professional services,office=accountant,233 Queen Street South,,,,+1-905-546-0550,,https://www.personalmortgage.ca,,43.2521753,-79.8814494,0.82,has_website,,no,,"not checked (beyond --max-checks, or --no-health)",,,,,,
node/1538578816,node,McQueen's Bahn Mi Viet,bakery,shop,Retail shops,shop=bakery,"103 Queen Street North, Unit 2",,,L8R 3H8,+1-905-529-2999,,https://www.instagram.com/banhmiviet,Tu-Su 10:30-16:30,43.2625682,-79.8778114,0.825,social_only,instagram,no,,,,,,,,
node/13155773145,node,Alliance Computers Inc.,computer,shop,Retail shops,shop=computer,211 King Street East,Hamilton,ON,L8N 1B6,+1-905-522-8288,,https://www.alliancecomputers.ca/,Mo-Fr 09:00-17:00,43.2547599,-79.8628165,0.826,has_website,,no,,"not checked (beyond --max-checks, or --no-health)",,,,,,
node/9421024969,node,Monaco Cuts,hairdresser,shop,Salons & barbers,shop=hairdresser,216 King Street East,,,,+1-905-218-1111,,,Mo-We 10:00-19:00; Th-Fr 10:00-20:00; Sa 10:00-18:00; Su 10:00-17:00,43.2545548,-79.8628606,0.827,no_website,,no,,,,,,,,
node/10896050045,node,Walnut Convenience,convenience,shop,Retail shops,shop=convenience,83 Hunter Street East,,,,,,,,43.2521605,-79.8641731,0.827,no_website,,no,,,,,,,,
node/10313144946,node,Amy Katz & Associates,lawyer,office,Professional services,office=lawyer,263 John Street South,,,,,,https://amykatzandassociates.ca/,,43.2491634,-79.8689921,0.83,has_website,,no,,"not checked (beyond --max-checks, or --no-health)",,,,,,
node/441987524,node,Select Food Mart,convenience,shop,Retail shops,shop=convenience,,,,,,,,,43.2627402,-79.8775224,0.831,no_website,,no,,,,,,,,
node/12601526543,node,Hero Tea,cafe,amenity,Food & drink,amenity=cafe,218 King Street East,,,L8N 1B5,,,,,43.2545291,-79.8628106,0.832,no_website,,no,,,,,,,,
node/11973943752,node,Tim Hortons,cafe,amenity,Food & drink,amenity=cafe,50 Charlton Avenue East,,,,,,,Mo-Su 06:30-23:30,43.2486927,-79.871143,0.833,no_website,,no,,,,,,,,
node/1538596621,node,K.W. BBQ Kitchen,restaurant,amenity,Food & drink,amenity=restaurant,103 Queen Street North,Hamilton,ON,L8R 2V5,+19055776888,,,Tu-Su 11:00-21:00,43.2626383,-79.8778682,0.834,no_website,,no,,,,,,,,
node/3985385486,node,BT65,restaurant,amenity,Food & drink,amenity=restaurant,217 King Street East,,,,,,,,43.2547239,-79.8626936,0.837,no_website,,no,,,,,,,,
node/2811465101,node,RSK Automotive,car_repair,shop,Auto services,shop=car_repair,63 Cannon Street East,,,,,,,,43.2602172,-79.8642224,0.837,no_website,,no,,,,,,,,
node/1538593425,node,Chanal Hair Salon,hairdresser,shop,Salons & barbers,shop=hairdresser,,,,,,,,,43.2626797,-79.877846,0.838,no_website,,no,,,,,,,,
node/9174978465,node,Noodle & Dumpling,restaurant,amenity,Food & drink,amenity=restaurant,220 King Street East,,,L8N 1B5,+19055270185,,,"Mo, We-Th 16:00-20:30; Fr-Su 12:00-20:30",43.2545104,-79.8627392,0.838,no_website,,no,,,,,,,,
node/1547803756,node,Medical Clinic,clinic,healthcare,Health & clinics,healthcare=clinic,,,,,,,,,43.2596504,-79.8819869,0.839,no_website,,no,,,,,,,,
node/13850685602,node,N-Liquidations,variety_store,shop,Retail shops,shop=variety_store,168 Main Street East,,,,,,,,43.2535644,-79.8630934,0.839,no_website,,no,,,,,,,,
node/9995611563,node,Unbound Movement (Brad Boake),physiotherapist,healthcare,Health & clinics,healthcare=physiotherapist,99 Pearl Street,,,,+12893391817,,https://www.unboundmovement.ca/,,43.2572466,-79.8830907,0.839,has_website,,no,,"not checked (beyond --max-checks, or --no-health)",,,,,,
node/9421024966,node,Family Hair Cut,hairdresser,shop,Salons & barbers,shop=hairdresser,222 King Street East,,,L8N 1B5,,,,Tu-Fr 10:00-19:00; Sa 11:00-19:00; Su 11:00-18:00,43.2544957,-79.8627003,0.841,no_website,,no,,,,,,,,
node/3985385472,node,Perfect Meat Bowl,restaurant,amenity,Food & drink,amenity=restaurant,215 King Street East,,,,,,,,43.2547035,-79.8626456,0.841,no_website,,no,,,,,,,,
way/314061538,way,Health Bound Health Network,physiotherapist,healthcare,Health & clinics,healthcare=physiotherapist,240 James Street South,Hamilton,Ontario,L8P 3B3,+1 416-716-4160,info@healthbound.ca,https://healthbound.ca/hamilton/,Mo-Fr 09:00-18:00,43.2484806,-79.8730356,0.845,has_website,,no,,"not checked (beyond --max-checks, or --no-health)",,,,,,
way/752081584,way,First Class Children's Centre,kindergarten,amenity,Services,amenity=kindergarten,139 Rebecca Street,,,,+1-905-521-1941,,https://www.firstclasschildrenscentre.ca/,,43.2568603,-79.8624699,0.846,has_website,,no,,"not checked (beyond --max-checks, or --no-health)",,,,,,
node/8744826756,node,Travelance,insurance,office,Professional services,office=insurance,,,,,+1 855-566-8555,info@travelance.ca,https://www.travelance.ca/,,43.2589978,-79.8631803,0.848,has_website,,no,,"not checked (beyond --max-checks, or --no-health)",,,,,,
node/1538623611,node,Coco Bongo Lounge,bar,amenity,Food & drink,amenity=bar,,,,,,,,,43.2628221,-79.8777908,0.849,no_website,,no,,,,,,,,
node/9174978461,node,Girl on the Wing,clothes,shop,Retail shops,shop=clothes,221 King Street East,,,,,,http://girlonthewing.ca,,43.2546711,-79.8625382,0.85,has_website,,no,,"not checked (beyond --max-checks, or --no-health)",,,,,,
node/7837553528,node,Bonito's Pizzeria & Gelato,fast_food,amenity,Food & drink,amenity=fast_food,,,,,,,,,43.2623078,-79.8667538,0.851,no_website,,no,,,,,,,,
node/9421024960,node,Aladdin 1921,carpet,shop,Retail shops,shop=carpet,228 King Street East,,,L8N 1B5,,,,,43.2544558,-79.8625618,0.853,no_website,,no,,,,,,,,
node/13675136602,node,Catching Stars,tattoo,shop,Salons & barbers,shop=tattoo,223 King Street East,,,,,,,We-Su 12:00-20:00,43.2546497,-79.8624863,0.855,no_website,,no,,,,,,,,
node/8105536694,node,Golden Touch Auto Service,car_repair,shop,Auto services,shop=car_repair,83 Cannon Street East,,,,+1-905-818-8022,,,,43.2600332,-79.8638034,0.855,no_website,,no,,,,,,,,
node/9174978463,node,Boutique Princess Haya,clothes,shop,Retail shops,shop=clothes,,,,,,,,,43.2546438,-79.8624648,0.857,no_website,,no,,,,,,,,
node/12879304657,node,Temmy’s Kitchen,restaurant,amenity,Food & drink,amenity=restaurant,,,,,,,,,43.2629248,-79.8777313,0.857,no_website,,no,,,,,,,,
node/7837553527,node,Five Star Cafe,bar,amenity,Food & drink,amenity=bar,225 James Street North,,,,,,,,43.2623766,-79.866723,0.858,no_website,,no,,,,,,,,
node/12313433195+node/9174978460,node,Cherry Birch General,cafe,amenity,Food & drink,amenity=cafe,219 King Street East,,,L8N 1B6,,,,,43.2546338,-79.8624396,0.859,no_website,,no,,,,,,,,
node/10759930432,node,Seasoned,restaurant,amenity,Food & drink,amenity=restaurant,162 King William Street,,,L8R 3N9,+1 289 426 0936,reservations@seasonedrestaurant.ca,https://seasonedrestaurant.ca,,43.255544,-79.8622689,0.86,has_website,,no,,"not checked (beyond --max-checks, or --no-health)",,,,,,
node/9421024955,node,Amy's Hair & Nails,hairdresser,shop,Salons & barbers,shop=hairdresser,225 King Street East,,,L8N 1B5,,,,,43.2546311,-79.8624206,0.861,no_website,,no,,,,,,,,
node/1538626818,node,Boulevard Billiards,pub,amenity,Food & drink,amenity=pub,,,,,,,,,43.2629612,-79.8778106,0.864,no_website,,no,,,,,,,,
node/3632291578,node,Mave's Variety,convenience,shop,Retail shops,shop=convenience,227 James Street North,,,,,,,,43.2624392,-79.8666958,0.865,no_website,,no,,,,,,,,
node/12063566798,node,The Charlton Cafe,fast_food,amenity,Food & drink,amenity=fast_food,,,,,,,,Mo-Fr 08:00-16:00,43.2483873,-79.8712143,0.866,no_website,,no,,,,,,,,
node/13822440702,node,Brioche & Beyond,bakery,shop,Retail shops,shop=bakery,234 King Street East,,,,,,,,43.2544099,-79.862373,0.869,no_website,,no,,,,,,,,
node/10005852990,node,Eastside Medical Clinic,doctor,healthcare,Health & clinics,healthcare=doctor,229 King Street East,,,,+19057458295,,https://eastsidemedicalclinic.com/,,43.2546066,-79.8623023,0.87,has_website,,no,,"not checked (beyond --max-checks, or --no-health)",,,,,,
node/7837553526,node,Born and Raised,restaurant,amenity,Food & drink,amenity=restaurant,224 James Street North,Hamilton,Ontario,L8R 2L3,+1-289-768-5233,,https://www.bornandraisedrestaurant.com,Th-Sa 16:00-22:00,43.2623654,-79.8664071,0.873,has_website,,no,,"not checked (beyond --max-checks, or --no-health)",,,,,,
node/13822440801,node,Ink Therapy Tattoos,tattoo,shop,Salons & barbers,shop=tattoo,236 King Street East,,,,,,,,43.2543896,-79.8623248,0.874,no_website,,no,,,,,,,,
node/9082312906,node,Dr. James Stennett Family Dentist,dentist,healthcare,Health & clinics,healthcare=dentist,268 James Street South,,,,+1 905-522-0120,,,,43.2482153,-79.8730985,0.875,no_website,,no,,,,,,,,
node/3765168988,node,Caro,restaurant,amenity,Food & drink,amenity=restaurant,229 James Street North,,,L8R 2L2,+1-905-529-2379,,https://carorestaurant.com/caroonjames,Mo-Th 12:00-22:00; Fr 12:00-22:30; Sa 10:00-22:30; Su 10:00-22:00,43.2625314,-79.8666405,0.876,has_website,,no,,"not checked (beyond --max-checks, or --no-health)",,,,,,
node/12879204755,node,The Reloved Boutique,clothes,shop,Retail shops,shop=clothes,,,,,,,,,43.2623839,-79.8663791,0.876,no_website,,no,,,,,,,,
node/12879204754,node,sariKNOTsari,clothes,shop,Retail shops,shop=clothes,,,,,,,,,43.2624114,-79.8663663,0.879,no_website,,no,,,,,,,,
node/1547765708,node,Dry Cleaning Service,laundry,shop,Retail shops,shop=laundry,,,,,,,,,43.2604786,-79.8819064,0.881,no_website,,no,,,,,,,,
node/3985385473,node,Jazz Wireless,electronics,shop,Retail shops,shop=electronics,,,,,,,,,43.2545572,-79.8621526,0.883,no_website,,no,,,,,,,,
way/319662316,way,Durand Integrated Health,doctor,healthcare,Health & clinics,healthcare=doctor,136 Young Street,,,,,,https://durandhealth.com/,"Mo-Fr 10:00-18:00; Tu,We 10:00-20:00; Sa 11:00-18:00; Su 11:00-17:00",43.2497764,-79.8661824,0.885,has_website,,no,,"not checked (beyond --max-checks, or --no-health)",,,,,,
node/12510921165,node,Di Silvestro Associates,lawyer,office,Professional services,office=lawyer,"161 King William Street, Unit 2nd Floor",,,,+1-905-525-7854,admin@disilvestro.com,https://disilvestro.com/,,43.2566607,-79.8619064,0.889,has_website,,no,,"not checked (beyond --max-checks, or --no-health)",,,,,,
way/122211105,way,Shakespeares,restaurant,amenity,Food & drink,amenity=restaurant,181 Main Street East,Hamilton,,L8N 1H2,+1-905-528-0689,shakescurbside@gmail.com,https://shakespeares.ca/,"We-Fr 12:00-14:00,17:00-21:00; Sa 17:00-21:00",43.253727,-79.8623525,0.89,has_website,,no,,"not checked (beyond --max-checks, or --no-health)",,,,,,
node/1620733283,node,Salvage's Variety,convenience,shop,Retail shops,shop=convenience,,,,,,,,,43.2631415,-79.8781238,0.893,no_website,,no,,,,,,,,
node/8105536696,node,Mattina Pizzeria,fast_food,amenity,Food & drink,amenity=fast_food,104 Cannon Street East,,,,+1-905-527-7918,,,,43.2595849,-79.862929,0.894,no_website,,no,,,,,,,,
node/7837553524,node,Ola Cafe and Gourmet Bakery,bakery,shop,Retail shops,shop=bakery,,,,,,,,,43.2625651,-79.866318,0.895,no_website,,no,,,,,,,,
node/8105536695,node,United Trophy,gift,shop,Retail shops,shop=gift,66 Cannon Street East,,,,,,https://www.unitedtrophy.ca,,43.2598579,-79.863104,0.895,has_website,,no,,"not checked (beyond --max-checks, or --no-health)",,,,,,
node/13853783801,node,Hamilton City Dental,dentist,healthcare,Health & clinics,healthcare=dentist,182 Ferguson Avenue South,,,,+1-905-526-1322,,,,43.2525573,-79.8628755,0.898,no_website,,no,,,,,,,,
node/12313110058,node,One For All Coffee,cafe,amenity,Food & drink,amenity=cafe,241 King Street East,,,L8N 1B6,,,,,43.254501,-79.8619872,0.898,no_website,,no,,,,,,,,
node/7030255365,node,Wilson Medical Clinic,clinic,healthcare,Health & clinics,healthcare=clinic,132 Wilson Street,Hamilton,,,,,,,43.2570109,-79.8618258,0.899,no_website,,no,,,,,,,,
node/12879204753,node,El Grilo Mexicano,restaurant,amenity,Food & drink,amenity=restaurant,,,,,,,,,43.2626101,-79.8662858,0.9,no_website,,no,,,,,,,,
way/318015848,way,Men's Wear Big and Tall Fitting,clothes,shop,Retail shops,shop=clothes,439 King Street West,,,,,,,,43.2602996,-79.8823893,0.903,no_website,,no,,,,,,,,
node/12879204752,node,The Pale Blue Dot,gift,shop,Retail shops,shop=gift,,,,,,,,,43.26265,-79.8662466,0.906,no_website,,no,,,,,,,,
node/1538584708,node,Stonewalls,restaurant,amenity,Food & drink,amenity=restaurant,339 York Boulevard,,,L8R 2X9,+1 905 577 0808,management@stonewallshamilton.com,https://www.stonewallshamilton.com/,,43.2632182,-79.8783789,0.911,has_website,,no,,"not checked (beyond --max-checks, or --no-health)",,,,,,
node/7837553522,node,Charred Rotisserie House,restaurant,amenity,Food & drink,amenity=restaurant,,,,,,,,,43.262737,-79.8662563,0.913,no_website,,no,,,,,,,,
node/9082316183,node,The Golfi Team RE/MAX,estate_agent,office,Professional services,office=estate_agent,1 Markland Street,,,,+1 905-575-7700,,,,43.247876,-79.8734002,0.913,no_website,,no,,,,,,,,
node/7837553521,node,Dunas Verdes Restaurant,restaurant,amenity,Food & drink,amenity=restaurant,,,,,,,,,43.2629538,-79.8664682,0.923,no_website,,no,,,,,,,,
node/3985385463,node,Das Schnitzelhaus,restaurant,amenity,Food & drink,amenity=restaurant,249 King Street East,,,,+1 905-528-3538,,https://blackforestinn.ca/,,43.2543775,-79.8615594,0.934,has_website,,no,,"not checked (beyond --max-checks, or --no-health)",,,,,,
node/9416154275,node,Mesa,restaurant,amenity,Food & drink,amenity=restaurant,255 James Street North,,,,+1-289-246-9696,,https://www.facebook.com/MesaHamilton/,Tu-Th 11:30-21:00; Fr 11:30-21:45; Sa 11:30-20:00,43.2630578,-79.8664353,0.934,social_only,facebook,no,,,,,,,,
node/10938234863,node,Carstar,car_repair,shop,Auto services,shop=car_repair,77 Ferguson Avenue South,,,,+1 905 525 9515,,https://www.carstar.ca/en/locations/on/hamilton/carstar-hamilton-midtown-16197/,,43.2521851,-79.8624945,0.944,has_website,,no,,"not checked (beyond --max-checks, or --no-health)",,,,,,
node/10896052327,node,Carstar,car_repair,shop,Auto services,shop=car_repair,,,,,,,,,43.2518143,-79.8627402,0.947,no_website,,no,,,,,,,,
node/2811466001,node,Jai & J's Convenience,convenience,shop,Retail shops,shop=convenience,,,,,,,,,43.2618828,-79.8641741,0.954,no_website,,no,,,,,,,,
node/12879035036,node,Locke St Tire & Automotive,tyres,shop,Auto services,shop=tyres,,,,,,,,,43.2582502,-79.8842576,0.954,no_website,,no,,,,,,,,
node/3985385461,node,Beautiful Nails Salon,beauty,shop,Salons & barbers,shop=beauty,,,,,,,,,43.2542859,-79.8612893,0.958,no_website,,no,,,,,,,,
node/13763426101,node,Tim Hortons,cafe,amenity,Food & drink,amenity=cafe,,,,,+1-905-522-1155,,https://www.timhortons.ca/store-locator/store/104401/st-josephs-hospital---fontbonne-building--hamilton--ontario--l8n-4a6,Mo-Fr 07:30-14:00,43.2474924,-79.8718057,0.959,has_website,,no,,"not checked (beyond --max-checks, or --no-health)",,,,,,
node/4731404530,node,I.D.A.,pharmacy,healthcare,Health & clinics,healthcare=pharmacy,3 Colbourne Street,,,,,,,,43.2633541,-79.8664758,0.96,no_website,,no,,,,,,,,
node/12195569021,node,Vacant,pet,shop,Pet services,shop=pet,,,,,,,,,43.253496,-79.8614511,0.967,no_website,,no,,,,,,,,
node/2140764476,node,Cafe Pyaala,restaurant,amenity,Food & drink,amenity=restaurant,352-354 Main Street West,,,,,,,,43.2588671,-79.8843135,0.978,no_website,,no,,,,,,,,
node/1538631179,node,Daycare Centre,kindergarten,amenity,Services,amenity=kindergarten,340 York Boulevard,,,,,,,,43.2638924,-79.8783972,0.978,no_website,,no,,,,,,,,
node/9975991453,node,Diced Ice,ice_cream,amenity,Food & drink,amenity=ice_cream,,,,,,,https://diced-ice.com/,Mo-Th 13:00-21:00; Fr-Su 12:00-21:30,43.2568663,-79.8848906,0.978,has_website,,no,,"not checked (beyond --max-checks, or --no-health)",,,,,,
node/9387094368,node,Whoa Nelly!,restaurant,amenity,Food & drink,amenity=restaurant,137 Locke Street South,,,L8P 4A7,,,https://www.whoanellyhamilton.com/,,43.256771,-79.884903,0.978,has_website,,no,,"not checked (beyond --max-checks, or --no-health)",,,,,,
node/12879223590,node,Hess Village Medical Clinic,clinic,healthcare,Health & clinics,healthcare=clinic,,,,,,,,,43.2638759,-79.8784923,0.98,no_website,,no,,,,,,,,
node/9420814939,node,Spicy King,restaurant,amenity,Food & drink,amenity=restaurant,273 King Street East,,,,,,,,43.254211,-79.861032,0.98,no_website,,no,,,,,,,,
node/3667472988,node,Knead Pizza,fast_food,amenity,Food & drink,amenity=fast_food,,,,,,,,,43.2633543,-79.8659936,0.981,no_website,,no,,,,,,,,
node/12195569019,node,King Cutz,hairdresser,shop,Salons & barbers,shop=hairdresser,264 King Street East,,,,,,,,43.2539659,-79.8610809,0.982,no_website,,no,,,,,,,,
node/9753267917,node,Rise Above Pizza,restaurant,amenity,Food & drink,amenity=restaurant,274 James Street North,,,L8R2L3,+1 289-389-2642,riseabovepizzeria@gmail.com,https://riseabovepizzeria.com/,Tu-Th 16:00-21:00; Fr-Sa 12:00-23:00; Su 16:00-21:00,43.2633444,-79.8659579,0.982,has_website,,no,,"not checked (beyond --max-checks, or --no-health)",,,,,,
node/11746843351,node,Goodwill Amity,employment_agency,office,Professional services,office=employment_agency,,,,,,,,,43.2554769,-79.8607443,0.983,no_website,,no,,,,,,,,
node/7792892165,node,The Doctor's Office,doctor,healthcare,Health & clinics,healthcare=doctor,340 York Boulevard,,,,,,,,43.2639114,-79.8785381,0.985,no_website,,no,,,,,,,,
node/2140764478,node,Main Convenience,convenience,shop,Retail shops,shop=convenience,,,,,,,,,43.2586371,-79.884536,0.987,no_website,,no,,,,,,,,
node/442754514,node,Yum Yum,fast_food,amenity,Food & drink,amenity=fast_food,,,,,,,,,43.2606854,-79.8832869,0.988,no_website,,no,,,,,,,,
node/7106004496,node,Community Midwives of Hamilton,midwife,healthcare,Health & clinics,healthcare=midwife,,,,,,,,,43.2588965,-79.8844538,0.99,no_website,,no,,,,,,,,
node/3985385464,node,Bo Sung Herbs & Health Food Shop,convenience,shop,Retail shops,shop=convenience,,,,,+1-905-526-0117,,,,43.2541596,-79.8609133,0.991,no_website,,no,,,,,,,,
node/279057458,node,The Corktown Pub,pub,amenity,Food & drink,amenity=pub,175 Young Street,,,,+1 905 572 9242,,https://corktownpub.ca/,"Tu-Th 16:00-24:00; Fr,Sa 16:00-02:00",43.2496981,-79.8642681,0.994,has_website,,no,,"not checked (beyond --max-checks, or --no-health)",,,,,,
node/1538629781,node,Massage Clinic,clinic,healthcare,Health & clinics,healthcare=clinic,340 York Boulevard,,,,,,,,43.2639998,-79.878585,0.995,no_website,,no,,,,,,,,
node/7837553520,node,Saltlick Smokehouse,restaurant,amenity,Food & drink,amenity=restaurant,282 James Street North,,,,,,https://www.saltlick.ca/,,43.2634817,-79.8659304,0.996,has_website,,no,,"not checked (beyond --max-checks, or --no-health)",,,,,,
node/7792892164,node,Hess Village Pharmacy,pharmacy,healthcare,Health & clinics,healthcare=pharmacy,340 York Boulevard,,,,,,,,43.2639905,-79.878691,0.998,no_website,,no,,,,,,,,
node/3113997044,node,Loaded Pierogi,bakery,shop,Retail shops,shop=bakery,,,,,,,,,43.2637594,-79.8664808,0.998,no_website,,no,,,,,,,,
node/8042236694,node,The Jewelry Judge,jewelry,shop,Retail shops,shop=jewelry,,,,,,,,,43.2559809,-79.8852047,1,no_website,,no,,,,,,,,
node/3113996818,node,Randstad,employment_agency,office,Professional services,office=employment_agency,,,,,,,,,43.2637321,-79.8663569,1.001,no_website,,no,,,,,,,,
node/11617737209,node,Stairways Café and Catering,fast_food,amenity,Food & drink,amenity=fast_food,255 King Street West,,,L8R 1B1,+1 905 526 8482 x2268,stairways@goodwillonline.ca,https://goodwillonline.ca/stores-and-businesses/stairways-cafe-and-catering/,Mo-Fr 07:45-15:00,43.2553939,-79.8605083,1.003,has_website,,no,,"not checked (beyond --max-checks, or --no-health)",,,,,,
node/1538632387,node,Altima Dental,dentist,healthcare,Health & clinics,healthcare=dentist,340 York Boulevard,,,,+1 905 528 3384,,,,43.2640916,-79.8786386,1.006,no_website,,no,,,,,,,,
node/1547781322,node,Hair Stylist,hairdresser,shop,Salons & barbers,shop=hairdresser,,,,,,,,,43.2607403,-79.883505,1.006,no_website,,no,,,,,,,,
node/13701999901+node/13701993101,node,The Mystic Peach,beauty,shop,Salons & barbers,shop=beauty,169 Locke Street South,,,L8P 4B2,+1-289-808-8267,the_mystic_peach@outlook.com,https://themysticpeach.com/,Tu-Fr 10:00-19:00; Sa 09:00-14:00,43.2557809,-79.8852751,1.006,has_website,,no,,"not checked (beyond --max-checks, or --no-health)",,,,,,
node/11552509411,node,AM Breakfast,restaurant,amenity,Food & drink,amenity=restaurant,"195 Rebecca Street, Unit Suite A",Hamilton,Ontario,L8R 1C2,+1-289-389-4635,info@am-breakfast.com,https://www.am-breakfast.com,Mo-Su 08:00-15:00,43.2562036,-79.8604077,1.008,has_website,,no,,"not checked (beyond --max-checks, or --no-health)",,,,,,
way/838331714,way,Wild Orchid,restaurant,amenity,Food & drink,amenity=restaurant,284 James Street North,,,,,,,,43.2635037,-79.8656785,1.01,no_website,,no,,,,,,,,
node/9387094386,node,Alchemy Fitness,fitness_centre,leisure,Fitness & leisure,leisure=fitness_centre,,,,,,,,,43.256522,-79.8853429,1.012,no_website,,no,,,,,,,,
node/11599471462,node,Farside,pub,amenity,Food & drink,amenity=pub,,,,,,,,,43.263618,-79.8658483,1.012,no_website,,no,,,,,,,,
node/9387094388,node,Picks and Sticks,musical_instrument,shop,Retail shops,shop=musical_instrument,,,,,,,,,43.2564433,-79.8853417,1.012,no_website,,no,,,,,,,,
node/12508521681,node,Wesley Child Care - Dr. Davey,kindergarten,amenity,Services,amenity=kindergarten,,,,,,,,Mo-Fr 07:00-18:00,43.2578474,-79.8606022,1.012,no_website,,no,,,,,,,,
node/9387094394,node,Amo Gelato Cafe,ice_cream,amenity,Food & drink,amenity=ice_cream,,,,,,,,,43.2556918,-79.8853717,1.014,no_website,,no,,,,,,,,
node/7837553519,node,Jamesville Ceramics & Paints,hardware,shop,Retail shops,shop=hardware,288 James Street North,,,,+1-905-546-5092,,,,43.2636345,-79.8658532,1.014,no_website,,no,,,,,,,,
node/1547780307,node,Massage and Therapy,alternative,healthcare,Health & clinics,healthcare=alternative,,,,,,,,,43.2607901,-79.8836265,1.017,no_website,,no,,,,,,,,
node/9387094352,node,Shuck Truck,fast_food,amenity,Food & drink,amenity=fast_food,,,,,,,,,43.2556283,-79.885416,1.018,no_website,,no,,,,,,,,
node/8042236700,node,Kabuki Spa,massage,shop,Salons & barbers,shop=massage,,,,,,,,,43.2563164,-79.8854381,1.019,no_website,,no,,,,,,,,
node/442754511,node,Emergency Animal Clinic,veterinary,amenity,Services,amenity=veterinary,505 King Street West,,,,,,,,43.2606085,-79.883818,1.02,no_website,,no,,,,,,,,
node/3366266015,node,Patrick Evan Hair Designeres,hairdresser,shop,Salons & barbers,shop=hairdresser,150 Locke Street South,,,,+1-905-523-8513,,,,43.2562478,-79.8854565,1.02,no_website,,no,,,,,,,,
node/8042236701,node,The Regent Health Centre,alternative,healthcare,Health & clinics,healthcare=alternative,,,,,+1-905-523-4999,,,,43.2562861,-79.8854515,1.02,no_website,,no,,,,,,,,
way/838614508,way,Ken Auto Repair,car_repair,shop,Auto services,shop=car_repair,139 Cannon Street East,,,,+1-905-527-0110,,,,43.2595991,-79.8611896,1.023,no_website,,no,,,,,,,,
node/442134774,node,Starbucks,cafe,amenity,Food & drink,amenity=cafe,158 Locke Street South,,,,,,,,43.2561524,-79.8854962,1.023,no_website,,no,,,,,,,,
node/7921693178,node,Hungry Ninja,fast_food,amenity,Food & drink,amenity=fast_food,368 Main Street West,,,,+1-289-456-3032,,https://www.hungryninja.ca/,,43.2589925,-79.8848554,1.024,has_website,,no,,"not checked (beyond --max-checks, or --no-health)",,,,,,
node/9387094353,node,Epoch Tattoos,tattoo,shop,Salons & barbers,shop=tattoo,,,,,,,,,43.2560663,-79.8855112,1.025,no_website,,no,,,,,,,,
node/1547778971,node,Guardian,pharmacy,healthcare,Health & clinics,healthcare=pharmacy,505 King Street West,,,,,,,,43.2606622,-79.8839235,1.031,no_website,,no,,,,,,,,
node/10856767575,node,Artie's,bakery,shop,Retail shops,shop=bakery,170 Locke Street South,,,L8P 4A9,+1 905 777 9724,,https://arties-shop.square.site/,,43.2558612,-79.8856004,1.032,has_website,,no,,"not checked (beyond --max-checks, or --no-health)",,,,,,
node/3113996816,node,Eem Khao,restaurant,amenity,Food & drink,amenity=restaurant,301 James Street North,,,,,,,"Mo, We-Th 11:30-22:00; Fr 11:30-00:00; Sa 12:00-00:00; Su 12:00-21:00",43.2639688,-79.8660833,1.035,no_website,,no,,,,,,,,
node/9062994619,node,Martello,restaurant,amenity,Food & drink,amenity=restaurant,298 James Street North,,,L8R2L3,+1 905 524 3091,info@martellorestaurant.ca,https://www.martellorestaurant.ca/,,43.2638318,-79.8657741,1.035,has_website,,no,,"not checked (beyond --max-checks, or --no-health)",,,,,,
node/8043406653,node,Junkies Rare Snack Express,convenience,shop,Retail shops,shop=convenience,35 Pine Street,,,,,,,,43.2551941,-79.8856084,1.037,no_website,,no,,,,,,,,
way/136379969,way,Cosimo's Garage Ltd.,car_repair,shop,Auto services,shop=car_repair,227 John Street North,Hamilton,,,+1-905-522-4188,,,,43.2627847,-79.8639277,1.039,no_website,,no,,,,,,,,
node/8042236692,node,Joey Turks Island Grill,restaurant,amenity,Food & drink,amenity=restaurant,178 Locke Street South,,,L8P 4B3,,,,,43.2556723,-79.8856795,1.039,no_website,,no,,,,,,,,
node/1547779609,node,Medical Clinic and Lab,clinic,healthcare,Health & clinics,healthcare=clinic,,,,,,,,,43.2607052,-79.8840522,1.042,no_website,,no,,,,,,,,
node/8043406652,node,The Loft Realty Inc.,estate_agent,office,Professional services,office=estate_agent,,,,,,,,,43.2550991,-79.885652,1.042,no_website,,no,,,,,,,,
node/3366266006,node,Laura Tedesco Jewellery Designer,jewelry,shop,Retail shops,shop=jewelry,,,,,+1-905-528-4414,laura@lauratedesco.com,https://lauratedesco.com/,,43.2550813,-79.8856581,1.043,has_website,,no,,"not checked (beyond --max-checks, or --no-health)",,,,,,
node/3366266018,node,Sundra,clothes,shop,Retail shops,shop=clothes,"195 Locke Street South, Unit 2",,,,+1-905-529-8352,info@sundra.ca,https://www.sundra.ca/,Tu-Sa 11:00-16:00,43.2550625,-79.8856644,1.043,has_website,,no,,"not checked (beyond --max-checks, or --no-health)",,,,,,
way/837659789,way,Delirious Burger Co.,fast_food,amenity,Food & drink,amenity=fast_food,197 Locke Street South,,,,,,,,43.2549855,-79.8856577,1.044,no_website,,no,,,,,,,,
node/9062994621,node,Jane’s Place Bar & Lounge,bar,amenity,Food & drink,amenity=bar,302 James Street North,,,L8R2L3,,,,,43.2639114,-79.8657379,1.044,no_website,,no,,,,,,,,
node/6486007892,node,The Burnt Tongue,restaurant,amenity,Food & drink,amenity=restaurant,182 Locke Street South,,,,+1-289-389-1156,,https://www.theburnttongue.com/,Mo-Su 11:30-20:00,43.2555819,-79.8857331,1.044,has_website,,no,,"not checked (beyond --max-checks, or --no-health)",,,,,,
node/7921301039,node,Flaherty Sloan Hatfield,lawyer,office,Professional services,office=lawyer,,,,,+1-905-522-9994,,,,43.2590458,-79.8851109,1.046,no_website,,no,,,,,,,,
node/4293241001,node,Padovani Limited Travel Agency,travel_agency,shop,Retail shops,shop=travel_agency,,,,,+1-905-525-2525,,,,43.2640911,-79.866009,1.049,no_website,,no,,,,,,,,
node/3366266003,node,Sushi Azuki,fast_food,amenity,Food & drink,amenity=fast_food,184 Locke Street South,,,L8P 4B3,+1-365-925-0115,,https://www.sushiazuki.ca/,"We,Th 15:00-21:00; Fr,Sa 11:30-21:00; Su 11:30-20:00",43.2554276,-79.8857848,1.049,has_website,,no,,"not checked (beyond --max-checks, or --no-health)",,,,,,
node/9062994620,node,Steeltown Garage Co.,cafe,amenity,Food & drink,amenity=cafe,,,,,,,,,43.2638669,-79.865526,1.05,no_website,,no,,,,,,,,
node/3366266012,node,Neo,hairdresser,shop,Salons & barbers,shop=hairdresser,199 Locke Street South,,,,+1-905-527-8267,,,Tu-Sa 09:00-20:00,43.2549274,-79.8857376,1.051,no_website,,no,,,,,,,,
node/12920197433,node,Scrubly Cleaning,cleaning,craft,Trades & contractors,craft=cleaning,21 King Street West,Hamilton,ON,,+1-289-667-3327,,https://www.scrubly.ca/,Mo-Su 08:30-20:30,43.2607409,-79.884155,1.051,has_website,,no,,"not checked (beyond --max-checks, or --no-health)",,,,,,
way/122211801,way,Grand Leisure,restaurant,amenity,Food & drink,amenity=restaurant,16 Jarvis Street,,,,,,,,43.2544199,-79.8600523,1.053,no_website,,no,,,,,,,,
node/8137680206,node,Regal Insurance Brokers,insurance,office,Professional services,office=insurance,"505 King St W, Unit 5th Floor",Hamilton,,L8P 4W7,+1-905-296-2505,,https://www.regalinsurance.com/service-area/insurance-broker-hamilton/,Mo-Fr 09:00-17:00,43.2607043,-79.8842114,1.053,has_website,,no,,"not checked (beyond --max-checks, or --no-health)",,,,,,
way/329700470,way,Pizzaiolo,fast_food,amenity,Food & drink,amenity=fast_food,205 Locke Street South,,,,+1-905-522-2323,,https://pizzaiolo.ca/locations/205-locke-street-south,Mo-Su 11:00-22:00; Fr 11:00-21:00; Sa 11:00-24:00,43.2547838,-79.8857464,1.054,has_website,,no,,"not checked (beyond --max-checks, or --no-health)",,,,,,
node/9387094396,node,McMahon Hallock,lawyer,office,Professional services,office=lawyer,,,,,,,https://mmhlabourlaw.ca/,,43.2546271,-79.885825,1.062,has_website,,no,,"not checked (beyond --max-checks, or --no-health)",,,,,,
node/9387094395,node,CIMA Enoteca,restaurant,amenity,Food & drink,amenity=restaurant,190 Locke Street South,,,,+1-289-389-5848,cimaenoteca@gmail.com,http://www.cimaonlocke.ca/,,43.2551018,-79.8859363,1.065,has_website,,no,,"not checked (beyond --max-checks, or --no-health)",,,,,,
node/10862629616,node,Moon Beauty Co,beauty,shop,Salons & barbers,shop=beauty,3 Spring Street,Hamilton,Ontario,L8N 2N8,+1 905 545 6155,themoonbeautysupply@gmail.com,https://moonbeautyco.com/,,43.2534463,-79.8602099,1.065,has_website,,no,,"not checked (beyond --max-checks, or --no-health)",,,,,,
node/9420814948,node,The King Sandwich,fast_food,amenity,Food & drink,amenity=fast_food,310 King Street East,,,,,,,,43.2536914,-79.8601221,1.065,no_website,,no,,,,,,,,
node/7740192835,node,Operatic Agency,advertising_agency,office,Professional services,office=advertising_agency,"59 King Street East, Unit #300",Hamilton,ON,L8N 1A5,+1 905-522-7894,,https://operaticagency.com/,Mo-Fr 09:00-17:00,43.2536338,-79.8601046,1.068,has_website,,no,,"not checked (beyond --max-checks, or --no-health)",,,,,,
node/9420814949,node,Cafe Oranje,cafe,amenity,Food & drink,amenity=cafe,312 King Street East,,,L8N 1C2,+1 905 521 0551,info@cafeoranje.ca,https://www.cafeoranje.ca/,Tu-Fr 08:00-16:00; Sa 09:00-16:00,43.2536699,-79.860055,1.071,has_website,,no,,"not checked (beyond --max-checks, or --no-health)",,,,,,
node/4293239573,node,Jamesville Laundry,laundry,shop,Retail shops,shop=laundry,308 James Street North,,,,+1-905-529-8087,,,,43.264167,-79.8656506,1.072,no_website,,no,,,,,,,,
node/9420814950,node,J.H. Gordon Books,books,shop,Retail shops,shop=books,314 King Street East,,,,,,,,43.2536523,-79.8600175,1.074,no_website,,no,,,,,,,,
node/3362816038,node,Bitten,bakery,shop,Retail shops,shop=bakery,Locke Street South,,,,,,https://bittenonlocke.com/,,43.2542651,-79.8859513,1.079,has_website,,no,,"not checked (beyond --max-checks, or --no-health)",,,,,,
node/442134838,node,Locke Cycle & Social,cafe,amenity,Food & drink,amenity=cafe,202 Locke Street South,,,,,,,,43.2547591,-79.886079,1.081,no_website,,no,,,,,,,,
node/7837553516,node,Marchese,pharmacy,healthcare,Health & clinics,healthcare=pharmacy,,,,,,,,,43.2642507,-79.8655985,1.082,no_website,,no,,,,,,,,
node/3366266009,node,Locke Street Walk-in Clinic,clinic,healthcare,Health & clinics,healthcare=clinic,206 Locke Street South,,,,+1-905-570-0440,,https://www.lockewalkinmedical.ca/,,43.254679,-79.8861222,1.085,has_website,,no,,"not checked (beyond --max-checks, or --no-health)",,,,,,
node/9420814953,node,Groom,hairdresser,shop,Salons & barbers,shop=hairdresser,320 King Street East,,,,,,,,43.2536059,-79.8598805,1.086,no_website,,no,,,,,,,,
node/9387094402,node,Squire - Pub on Locke,pub,amenity,Food & drink,amenity=pub,225 Locke Street South,,,,+1-905-525-0225,locke@yeoldesquire.ca,https://yeoldesquire.ca/locke/,,43.2540665,-79.885996,1.087,has_website,,no,,"not checked (beyond --max-checks, or --no-health)",,,,,,
node/3362816039,node,West Town Bar & Grill,restaurant,amenity,Food & drink,amenity=restaurant,214 Locke Street South,,,,+1-905-570-1412,info@thewesttown.ca,www.thewesttown.ca,"Mo-Su 00:00-02:00,07:30-24:00",43.2545256,-79.8861733,1.092,has_website,,no,,"not checked (beyond --max-checks, or --no-health)",,,,,,
node/13030513165,node,The Gully Cafe,cafe,amenity,Food & drink,amenity=cafe,29 Barton Street East,,,L8L 2V6,,,,,43.2639024,-79.8646501,1.095,no_website,,no,,,,,,,,
node/7826523208,node,7 Days Variety,convenience,shop,Retail shops,shop=convenience,,,,,,,,,43.2568077,-79.8593482,1.097,no_website,,no,,,,,,,,
node/12879214196,node,Gather,florist,shop,Retail shops,shop=florist,,,,,,,,,43.2643918,-79.8655189,1.099,no_website,,no,,,,,,,,
node/8043406649,node,Small Batch Soaps,cosmetics,shop,Salons & barbers,shop=cosmetics,,,,,,,,,43.2544,-79.8862253,1.099,no_website,,no,,,,,,,,
node/9387094403,node,The Local Life,cosmetics,shop,Salons & barbers,shop=cosmetics,218 Locke Street South,,,,+1-289 389 2333,,https://www.thelocallife.ca/,,43.2543702,-79.8862454,1.101,has_website,,no,,"not checked (beyond --max-checks, or --no-health)",,,,,,
node/8043406648,node,my dog's cafe & bar,cafe,amenity,Food & drink,amenity=cafe,,,,,,,,,43.2538247,-79.8861194,1.103,no_website,,no,,,,,,,,
node/8043406647,node,Edward Jones Investments,accountant,office,Professional services,office=accountant,,,,,,,,,43.2537641,-79.8861536,1.107,no_website,,no,,,,,,,,
node/7837553515,node,Architect Hair Design,hairdresser,shop,Salons & barbers,shop=hairdresser,,,,,,,,,43.2644788,-79.8654932,1.108,no_website,,no,,,,,,,,
way/122211123,way,Tim Hortons,cafe,amenity,Food & drink,amenity=cafe,,,,,,,,,43.2530661,-79.8598172,1.108,no_website,,no,,,,,,,,
node/13853801101,node,associates in hair,hairdresser,shop,Salons & barbers,shop=hairdresser,242 Jackson Street East,,,,,,,,43.2518506,-79.8604408,1.11,no_website,,no,,,,,,,,
node/3650956590,node,Nobody's Perfect Bar & Grill,pub,amenity,Food & drink,amenity=pub,,,,,,,,,43.2633523,-79.8634215,1.113,no_website,,no,,,,,,,,
node/3366266004,node,Gym on Locke,fitness_centre,leisure,Fitness & leisure,leisure=fitness_centre,220 Locke Street South,,,L8P 4B7,+1-905-526-9000,locke@getyourgymon247.com,https://getyourgymon247.com/the-gym-on-locke/,,43.254127,-79.8863528,1.114,has_website,,no,,"not checked (beyond --max-checks, or --no-health)",,,,,,
node/9387094406,node,The Wax Lounge,beauty,shop,Salons & barbers,shop=beauty,,,,,+1-905-522-4205,,https://thewaxlounge.ca/,Tu-Fr 09:00-19:00; Sa 09:00-16:00,43.2536303,-79.8862159,1.116,has_website,,no,,"not checked (beyond --max-checks, or --no-health)",,,,,,
node/3366266011,node,Mini Food Mart,convenience,shop,Retail shops,shop=convenience,,,,,,,,,43.2540638,-79.8863749,1.117,no_website,,no,,,,,,,,
node/3366266002,node,Epic Books,books,shop,Retail shops,shop=books,226 Locke Street South,,,L8P 4B7,+1-905-525-6538,info@epicbooks.ca,https://epicbooks.ca,Tu-Fr 10:00-18:00; Su 12:00-16:00; Sa 10:00-17:00; Mo off,43.2540034,-79.8864008,1.121,has_website,,no,,"not checked (beyond --max-checks, or --no-health)",,,,,,
node/9387094407,node,Thrive Physio,physiotherapist,healthcare,Health & clinics,healthcare=physiotherapist,237 Locke Street South,,,L8P 4T4,+1-905-524-0000,info@thrivephysio.com,https://www.thrivephysio.com/,Mo-We 08:00-20:00; Th 09:00-20:00; Fr 08:30-17:00; Sa 09:00-13:00,43.2535551,-79.8862575,1.121,has_website,,no,,"not checked (beyond --max-checks, or --no-health)",,,,,,
node/9062994622,node,SYNONYM,restaurant,amenity,Food & drink,amenity=restaurant,328 James Street North,,,,+1 905 525 7974,,https://synonymshop.com/,,43.2646047,-79.8654154,1.123,has_website,,no,,"not checked (beyond --max-checks, or --no-health)",,,,,,
node/3366266001,node,Citizen Kid,toys,shop,Retail shops,shop=toys,230 Locke Street South,,,L8P 4B7,+1-905-963-1265,,https://citizenkid.ca/,,43.2538873,-79.8864423,1.127,has_website,,no,,"not checked (beyond --max-checks, or --no-health)",,,,,,
node/12257082892,node,Red Rockets,fast_food,amenity,Food & drink,amenity=fast_food,15 Wellington Street North,,,,+1 289 389 2222,info@redrockets.ca,https://redrockets.ca/,,43.2540547,-79.8592235,1.127,has_website,,no,,"not checked (beyond --max-checks, or --no-health)",,,,,,
node/8043406644,node,Mister Tony's,hairdresser,shop,Salons & barbers,shop=hairdresser,230 1/2 Locke Street South,,,,,,,,43.2538315,-79.8864587,1.129,no_website,,no,,,,,,,,
node/3671035233,node,The District Tapas Bar,restaurant,amenity,Food & drink,amenity=restaurant,61 Barton Street East,Hamilton,ON,L8L 2V7,,,https://www.districttapasham.com/,,43.2635797,-79.8633364,1.136,has_website,,no,,"not checked (beyond --max-checks, or --no-health)",,,,,,
node/8043406646,node,Textures Craftworks,stationery,shop,Retail shops,shop=stationery,,,,,,,,,43.2536618,-79.8865304,1.139,no_website,,no,,,,,,,,
node/12879214195,node,Afro Fusion Resto,restaurant,amenity,Food & drink,amenity=restaurant,337 James Street North,,,,,,http://www.afrofusionresto.com,,43.264891,-79.8656328,1.141,has_website,,no,,"not checked (beyond --max-checks, or --no-health)",,,,,,
node/442131479,node,Le Tambour Tavern,pub,amenity,Food & drink,amenity=pub,345 James Street North,,,,,,https://letambourtavern.com/,"Mo, We-Fr 17:00-22:00; Sa-Su 11:00-22:00",43.264945,-79.8656057,1.147,has_website,,no,,"not checked (beyond --max-checks, or --no-health)",,,,,,
node/13948955201,node,The Local Skate Shop,sports,shop,Retail shops,shop=sports,341 James Street North,,,,,,,,43.2649536,-79.8655863,1.149,no_website,,no,,,,,,,,
node/442131767,node,Rama Tropical Foods,convenience,shop,Retail shops,shop=convenience,346 James Street North,,,,+1 9055237464,,,,43.2649559,-79.8652773,1.162,no_website,,no,,,,,,,,
node/12490292655,node,Big Bee Convenience & Food Mart,convenience,shop,Retail shops,shop=convenience,,,,,,,,,43.2533109,-79.858956,1.167,no_website,,no,,,,,,,,
node/4069158913,node,Anytime Convenience,convenience,shop,Retail shops,shop=convenience,,,,,,,,24/7,43.2524476,-79.859311,1.169,no_website,,no,,,,,,,,
node/13717260901,node,Europa Beauty Salon,hairdresser,shop,Salons & barbers,shop=hairdresser,,,,,+1-905-522-2561,,,,43.2532662,-79.858753,1.184,no_website,,no,,,,,,,,
node/3362816040,node,Hairem,hairdresser,shop,Salons & barbers,shop=hairdresser,256 Locke Street South,,,,,,,,43.2528906,-79.886876,1.189,no_website,,no,,,,,,,,
node/1528775656,node,Bardō Locke St. Hamilton,restaurant,amenity,Food & drink,amenity=restaurant,258 Locke Street South,Hamilton,,L8P 4B9,,,https://bardorestaurants.ca/,,43.252828,-79.886908,1.194,has_website,,no,,"not checked (beyond --max-checks, or --no-health)",,,,,,
node/442754113,node,Radfan Convenience,convenience,shop,Retail shops,shop=convenience,,,,,,,,,43.2617589,-79.8853672,1.194,no_website,,no,,,,,,,,
node/8105536702,node,Jim Peters Motors Ltd.,car,shop,Auto services,shop=car,203 Cannon Street East,,,,+1-905-520-3008,,,,43.2588306,-79.8585402,1.199,no_website,,no,,,,,,,,
node/13807028802,node,Half Moon Perogi,restaurant,amenity,Food & drink,amenity=restaurant,90 Wellington Street North,,,L8R 1N1,+1-365-384-5234,,https://www.halfmoonpierogi.com/,Su-Th 11:00-22:00; Fr-Sa 11:00-00:00,43.2559117,-79.8580051,1.203,has_website,,no,,"not checked (beyond --max-checks, or --no-health)",,,,,,
node/13807028801,node,Mike's Subs,fast_food,amenity,Food & drink,amenity=fast_food,90 Wellington Street North,,,,+1-905-525-5888,,,,43.2559013,-79.85796,1.207,no_website,,no,,,,,,,,
node/7792892223,node,de la sol yoga studios,fitness_centre,leisure,Fitness & leisure,leisure=fitness_centre,430 York Boulevard,,,L8R 3K8,+1 905 540 3569,,https://www.delasolyoga.com/,,43.2653059,-79.8807241,1.208,has_website,,no,,"not checked (beyond --max-checks, or --no-health)",,,,,,
node/13806347302,node,Wellington Medical Clinic,clinic,healthcare,Health & clinics,healthcare=clinic,90 Wellington Street North,,,,+1-289-246-1584,,,Mo-Fr 09:00-18:00; Sa-Su 10:00-14:00,43.2558939,-79.8579071,1.211,no_website,,no,,,,,,,,
node/13807019301,node,Wellington Pharmacy,pharmacy,healthcare,Health & clinics,healthcare=pharmacy,90 Wellington Street North,,,,+1-905-645-0929,wellington@pharmabest.ca,https://pharmabest.ca/wellington-pharmacy/,Mo-Fr 09:00-18:00; Sa-Su 10:00-14:00,43.2558563,-79.8578526,1.215,has_website,,no,,"not checked (beyond --max-checks, or --no-health)",,,,,,
node/13806347303,node,Areej Wellington Dental,dentist,healthcare,Health & clinics,healthcare=dentist,90 Wellington Street North,,,,+1-905-525-8080,,https://www.mapleleafsmiledentistry.ca/main/,Mo-Sa 09:00-19:00; Su 09:00-17:00,43.2559169,-79.8578407,1.216,has_website,,no,,"not checked (beyond --max-checks, or --no-health)",,,,,,
node/256660869,node,Guardian,pharmacy,healthcare,Health & clinics,healthcare=pharmacy,360,,,,+1-905-540-8877,,,,43.2531383,-79.8583634,1.219,no_website,,no,,,,,,,,
node/13807015501,node,Plaza Pizza & Wings,fast_food,amenity,Food & drink,amenity=fast_food,90 Wellington Street North,,,L8M 1B4,+1 905-522-0909,,https://plazapizza.ca/,Su-Th 10:30-00:00; Fr-Sa 10:30-02:00,43.2559791,-79.857801,1.219,has_website,,no,,"not checked (beyond --max-checks, or --no-health)",,,,,,
node/7792892222,node,Studio Zee Pilates,fitness_centre,leisure,Fitness & leisure,leisure=fitness_centre,430 York Boulevard,,,L8R 3K8,+1 905 667 1045,info@studiozeepilates.com,https://www.studiozeepilates.com/,,43.2653714,-79.8808394,1.219,has_website,,no,,"not checked (beyond --max-checks, or --no-health)",,,,,,
node/10589649745,node,Main St. West Animal Hospital,veterinary,amenity,Services,amenity=veterinary,,,,,,,,,43.2592226,-79.8873414,1.224,no_website,,no,,,,,,,,
node/13806347301,node,Big Bear Food Mart,convenience,shop,Retail shops,shop=convenience,,,,,,,,24/7,43.2561215,-79.8577298,1.225,no_website,,no,,,,,,,,
way/129080833,way,Tim Hortons,cafe,amenity,Food & drink,amenity=cafe,443 Main Street West,,,,,,,,43.2592715,-79.8875571,1.242,no_website,,no,,,,,,,,
node/2659065996,node,Melnik,metal_construction,craft,Trades & contractors,craft=metal_construction,64 Magill Street,Hamilton,,L8R 2Y5,+1 519-264-2300,info@melnik.ca,https://melnik.ca/,,43.2663176,-79.8790261,1.243,has_website,,no,,"not checked (beyond --max-checks, or --no-health)",,,,,,
node/1538642542,node,Pho Lac Vien,restaurant,amenity,Food & drink,amenity=restaurant,430 York Boulevard,,,L8R 3K8,,,,,43.2655223,-79.8811109,1.245,no_website,,no,,,,,,,,
node/6968696574,node,Xelf Fitness,fitness_centre,leisure,Fitness & leisure,leisure=fitness_centre,1 West Avenue South,Hamilton,ON,L8N 2R9,+1-905-741-9186,info@xelf.ca,http://xelf.ca/,Mo-Fr 07:00-21:00; Sa 07:00-15:00,43.2531376,-79.8580025,1.247,has_website,,no,,"not checked (beyond --max-checks, or --no-health)",,,,,,
node/12879315696,node,Pho Lac Born,restaurant,amenity,Food & drink,amenity=restaurant,,,,,,,,,43.2656022,-79.8811843,1.255,no_website,,no,,,,,,,,
node/9432452846,node,Joie Day Spa,beauty,shop,Salons & barbers,shop=beauty,374 King Street East,,,L8N 1C3,+1-289-426-2692,info@joiedayspa.ca,https://joiedayspa.ca/,,43.2531434,-79.8577993,1.263,has_website,,no,,"not checked (beyond --max-checks, or --no-health)",,,,,,
node/442131964,node,LiUNA Station Conference Centre,events_venue,amenity,Services,amenity=events_venue,,,,,,,,,43.2657362,-79.8644514,1.271,no_website,,no,,,,,,,,
node/11657956623,node,The Well,bar,amenity,Food & drink,amenity=bar,161 Wellington Street North,Hamilton,ON,L8R 1N4,,,https://drinkatthewell.com/hamilton/,We-Su 19:00-26:00,43.2582781,-79.8574464,1.272,has_website,,no,,"not checked (beyond --max-checks, or --no-health)",,,,,,
node/12879315697,node,Woodview Mental Health & Autism Services,clinic,healthcare,Health & clinics,healthcare=clinic,,,,,,,,,43.2654525,-79.8819848,1.278,no_website,,no,,,,,,,,
way/458589939,way,Hasty Market,convenience,shop,Retail shops,shop=convenience,217 Cannon Street East,,,,,,,24/7,43.258803,-79.8574975,1.28,no_website,,no,,,,,,,,
node/442754115,node,On the Run,convenience,shop,Retail shops,shop=convenience,,,,,,,,,43.2621142,-79.8864236,1.287,no_website,,no,,,,,,,,
node/13850661601,node,The Hungry Goat (Food Truck),restaurant,amenity,Food & drink,amenity=restaurant,,,,,,,,,43.2522113,-79.8578811,1.287,no_website,,no,,,,,,,,
node/8105536703,node,GR8 Laundry,laundry,shop,Retail shops,shop=laundry,,,,,,,,,43.2590287,-79.8573761,1.296,no_website,,no,,,,,,,,
way/43939703,way,LiUNA Station,events_venue,amenity,Services,amenity=events_venue,360 James Street North,,,,,,,,43.2658616,-79.8640934,1.299,no_website,,no,,,,,,,,
way/838392814,way,GR8 Car Wash,car_wash,amenity,Services,amenity=car_wash,,,,,,,,24/7,43.2591323,-79.8573669,1.3,no_website,,no,,,,,,,,
node/8105536704,node,Medical Centre,doctor,healthcare,Health & clinics,healthcare=doctor,,,,,,,,,43.2578181,-79.8569745,1.301,no_website,,no,,,,,,,,
node/265022376,node,The Owl of Minerva,restaurant,amenity,Food & drink,amenity=restaurant,,,,,+1-905-528-7275,,,Su-Th 11:00-23:00; Fr-Sa 11:00-00:00,43.2523832,-79.8576127,1.301,no_website,,no,,,,,,,,
node/442755691,node,Pho,restaurant,amenity,Food & drink,amenity=restaurant,,,,,,,,,43.262859,-79.8596352,1.309,no_website,,no,,,,,,,,
node/8105536705,node,Shoppers Drug Mart,pharmacy,healthcare,Health & clinics,healthcare=pharmacy,232 Cannon Street East,Hamilton,,L8L 0A9,+1-905-522-5707,,https://www.shoppersdrugmart.ca/en/store-locator/store/1053,09:00-22:00,43.2580075,-79.8568819,1.311,has_website,,no,,"not checked (beyond --max-checks, or --no-health)",,,,,,
node/419357113,node,Midas,car_repair,shop,Auto services,shop=car_repair,,,,,,,,,43.2659908,-79.8816439,1.312,no_website,,no,,,,,,,,
node/265022375,node,Oriental Restaurant & Tavern,restaurant,amenity,Food & drink,amenity=restaurant,,,,,,,,,43.2530344,-79.8571586,1.316,no_website,,no,,,,,,,,
node/442754510,node,Blue Cross Animal Hospital,veterinary,amenity,Services,amenity=veterinary,612 King Street West,,,,,,,,43.2620987,-79.8869455,1.323,no_website,,no,,,,,,,,
node/13717244901,node,Landsale Pharmacy,pharmacy,healthcare,Health & clinics,healthcare=pharmacy,,,,,+1-289-389-0888,,,,43.2530502,-79.8570374,1.325,no_website,,no,,,,,,,,
way/186797148,way,Hutch's,fast_food,amenity,Food & drink,amenity=fast_food,325 Bay Street North,Hamilton,,,,,,,43.2676144,-79.8680703,1.34,no_website,,no,,,,,,,,
way/1088318281+way/837170828,way,Shell,convenience,shop,Retail shops,shop=convenience,159 Dundurn Street South,Hamilton,Ontario,L8P 4K4,+1 905-528-0921,,https://find.shell.com/ca/fuel/10053213-dundurn-s-s-of-main/en_CA,Mo-Su 08:00-20:00,43.2578092,-79.8892979,1.345,has_website,,no,,"not checked (beyond --max-checks, or --no-health)",,,,,,
node/1353874677,node,Jarecka Dental,dentist,healthcare,Health & clinics,healthcare=dentist,,,,,,,,,43.2616203,-79.8877043,1.351,no_website,,no,,,,,,,,
node/274596244,node,Shoppers Drug Mart,pharmacy,healthcare,Health & clinics,healthcare=pharmacy,,,,,,,https://www.shoppersdrugmart.ca/en/store-locator/store/1458,,43.2623496,-79.8871763,1.353,has_website,,no,,"not checked (beyond --max-checks, or --no-health)",,,,,,
node/13730999901,node,Tabby's Variety,variety_store,shop,Retail shops,shop=variety_store,419 King Street East,,,,,,,Mo-Sa 09:00-21:30; Su 09:00-21:00,43.2532166,-79.8565663,1.357,no_website,,no,,,,,,,,
node/13675136704,node,Victoria Coin Laundry,laundry,shop,Retail shops,shop=laundry,419 King Street East,,,,,,,Mo-Su 07:00-22:00,43.2534215,-79.8564701,1.36,no_website,,no,,,,,,,,
way/289597303,way,A&W,fast_food,amenity,Food & drink,amenity=fast_food,,,,,,,,"Mo-Su,PH 08:00-24:00",43.262,-79.8579858,1.373,no_website,,no,,,,,,,,
way/121189756,way,Tim Hortons,cafe,amenity,Food & drink,amenity=cafe,624 King Street West,,,,,,,,43.2624869,-79.8874704,1.381,no_website,,no,,,,,,,,
node/3981038783,node,Tabby's Variety,convenience,shop,Retail shops,shop=convenience,437 King Street East,,,,,,,,43.2531263,-79.8560496,1.4,no_website,,no,,,,,,,,
way/232395833,way,Convenience Store,convenience,shop,Retail shops,shop=convenience,475 Main Street West,,,,,,,,43.2596097,-79.8895397,1.407,no_website,,no,,,,,,,,
way/548728399,way,Tim Hortons,cafe,amenity,Food & drink,amenity=cafe,,,,,,,,Mo-Su 00:00-24:00,43.2618072,-79.857344,1.409,no_website,,no,,,,,,,,
node/3981038778,node,Oriental Chinese Restaurant,restaurant,amenity,Food & drink,amenity=restaurant,,,,,+1-905-522-8884,,,,43.2530701,-79.8556245,1.435,no_website,,no,,,,,,,,
node/442125393,node,Staircase Cafe,cafe,amenity,Food & drink,amenity=cafe,,,,,,,,,43.2632868,-79.8876822,1.443,no_website,,no,,,,,,,,
node/12879038281,node,easyhome,furniture,shop,Retail shops,shop=furniture,,,,,,,,,43.2604947,-79.8897151,1.451,no_website,,no,,,,,,,,
node/442125213,node,Pizza Pizza,fast_food,amenity,Food & drink,amenity=fast_food,,,,,,,,,43.2606218,-79.8896894,1.454,no_website,,no,,,,,,,,
node/1252520532,node,Subway,fast_food,amenity,Food & drink,amenity=fast_food,,,,,,,,,43.2607278,-79.8896543,1.455,no_website,,no,,,,,,,,
node/8105536706,node,Korea House,restaurant,amenity,Food & drink,amenity=restaurant,,,,,,,,,43.2579079,-79.8550406,1.457,no_website,,no,,,,,,,,
node/8281579676,node,Global Pet Foods,pet,shop,Pet services,shop=pet,,,,,,,,,43.2610049,-79.889562,1.459,no_website,,no,,,,,,,,
node/8105536709,node,Young Variety,convenience,shop,Retail shops,shop=convenience,,,,,,,,,43.2576593,-79.8549762,1.459,no_website,,no,,,,,,,,
node/7161325055,node,Circle K,convenience,shop,Retail shops,shop=convenience,648 King Street West,Hamilton,,L8P 1C5,+1-905-218-3888,,https://www.circlek.com/store-locator/CA/hamilton/648-king-st-w/0852570,24/7,43.2626993,-79.8884323,1.46,has_website,,no,,"not checked (beyond --max-checks, or --no-health)",,,,,,
node/1556025972,node,Tim Hortons,cafe,amenity,Food & drink,amenity=cafe,,,,,,,,,43.2626428,-79.8885061,1.462,no_website,,no,,,,,,,,
way/121192701,way,McDonald's,fast_food,amenity,Food & drink,amenity=fast_food,50 Dundurn Street South,Hamilton,,,+1-905-577-1027,,,,43.2602617,-79.8899866,1.463,no_website,,no,,,,,,,,
node/4069158919,node,Today's Hair Culture,hairdresser,shop,Salons & barbers,shop=hairdresser,355 Main Street East,,,,+1-905-529-1881,,,,43.2518758,-79.8556759,1.468,no_website,,no,,,,,,,,
node/12523126450,node,Halibut House,restaurant,amenity,Food & drink,amenity=restaurant,,,,,,,,,43.2621056,-79.8890405,1.472,no_website,,no,,,,,,,,
node/13850645601,node,King Cut Barber Shop,hairdresser,shop,Salons & barbers,shop=hairdresser,454 King Street East,,,,+1-905-527-2090,,,,43.252797,-79.8552544,1.472,no_website,,no,,,,,,,,
node/13850645403,node,Comfort Zone,beauty,shop,Salons & barbers,shop=beauty,454 King Street East,,,,+1-289-396-7610,,,,43.2527495,-79.8550344,1.49,no_website,,no,,,,,,,,
node/7792892259,node,Carrothers and Associates Inc.,architect,office,Professional services,office=architect,"505 York Boulevard, Unit 3",,,L8R 3K4,+1 905 574 1504,,https://carrothersandassociates.com/,,43.2667805,-79.8840487,1.496,has_website,,no,,"not checked (beyond --max-checks, or --no-health)",,,,,,
node/13850619901,node,Oritoks,clothes,shop,Retail shops,shop=clothes,,,,,,,,,43.2529366,-79.854836,1.501,no_website,,no,,,,,,,,
node/4069158915,node,Hamilton Oral Surgery & Sleep Anesthesia,dentist,healthcare,Health & clinics,healthcare=dentist,366 Main Street East,,,,,,,,43.2515326,-79.8553946,1.502,no_website,,no,,,,,,,,
node/4333164232,node,Auto Service Centre Inc.,car_repair,shop,Auto services,shop=car_repair,221 Barton Street East,Hamilton,,,+1-905-529-8307,,,,43.2620421,-79.8561578,1.506,no_website,,no,,,,,,,,
node/3981038777,node,Mr. Sub,fast_food,amenity,Food & drink,amenity=fast_food,,,,,,,,Mo-Su 10:00-22:00,43.2526982,-79.8548502,1.506,no_website,,no,,,,,,,,
node/13850641902,node,Freshslice Pizza,fast_food,amenity,Food & drink,amenity=fast_food,,,,,,,,Su-Th 10:30-03:00; Fr-Sa 10:30-04:00,43.2529229,-79.8547609,1.507,no_website,,no,,,,,,,,
way/838392808,way,Zagros Auto Centre,car_repair,shop,Auto services,shop=car_repair,,,,,,,,,43.2578419,-79.8542551,1.519,no_website,,no,,,,,,,,
node/13850641903,node,Big Bear,variety_store,shop,Retail shops,shop=variety_store,478 King Street East,,,,,,,24/7,43.2525789,-79.8546611,1.524,no_website,,no,,,,,,,,
node/13850645401,node,A&P K9 Training and Daycare,pet_grooming,shop,Pet services,shop=pet_grooming,479 King Street East,,,L8N 1C7,+1-365-883-4028,a.pk9trainingdaycare@gmail.com,https://www.apk9traininganddaycare.ca/,,43.2528956,-79.8545302,1.526,has_website,,no,,"not checked (beyond --max-checks, or --no-health)",,,,,,
node/261119462,node,Gibson's Pharmacy,pharmacy,healthcare,Health & clinics,healthcare=pharmacy,,,,,,,,,43.2517302,-79.8549462,1.529,no_website,,no,,,,,,,,
node/13850645501,node,Kay Cuts Studios,hairdresser,shop,Salons & barbers,shop=hairdresser,483 King Street East,,,L8N 1C7,+1-905-541-2942,lshukursadik@gmail.com,https://www.kaycutsstudio.com/,"Su, Tu-Th 10:00-19:00; Fr-Sa 10:00-21:00",43.2528858,-79.8544766,1.53,has_website,,no,,"not checked (beyond --max-checks, or --no-health)",,,,,,
node/3629987848,node,State Farm,insurance,office,Professional services,office=insurance,,,,,,,,,43.2536427,-79.8914812,1.532,no_website,,no,,,,,,,,
node/442133893,node,Dundurn Variety,convenience,shop,Retail shops,shop=convenience,,,,,,,,,43.2537261,-79.8917671,1.554,no_website,,no,,,,,,,,
node/7818066142,node,Tom's Convenience,convenience,shop,Retail shops,shop=convenience,58 Tom Street,,,,,,,,43.2663382,-79.8860074,1.56,no_website,,no,,,,,,,,
way/836646716,way,KFC,fast_food,amenity,Food & drink,amenity=fast_food,,,,,,,,,43.257644,-79.853582,1.571,no_website,,no,,,,,,,,
node/10896086981,node,EJC Dentistry,dentist,healthcare,Health & clinics,healthcare=dentist,,,,,,,,,43.2482627,-79.8564076,1.591,no_website,,no,,,,,,,,
node/13648315302,node,Rosales Diner,restaurant,amenity,Food & drink,amenity=restaurant,303 Dundurn Street South,,,,+1-905-522-2121,,https://www.rosalesdiner.ca/,Mo-Su 08:00-16:00,43.252539,-79.8919298,1.594,has_website,,no,,"not checked (beyond --max-checks, or --no-health)",,,,,,
node/13782825506,node,Dundurn Hair,hairdresser,shop,Salons & barbers,shop=hairdresser,141 Dundurn Street North,,,,+1-905-519-8256,,,,43.2668962,-79.8861037,1.611,no_website,,no,,,,,,,,
node/10589677720,node,Alexanian Carpet & Flooring,carpet,shop,Retail shops,shop=carpet,,,,,,,,,43.2601261,-79.8920111,1.615,no_website,,no,,,,,,,,
node/7843952891,node,Binatech System Solutions,it,office,Professional services,office=it,"45 Frid Street, Unit 11",Hamilton,ON,L8P 4M3,+1-905-527-7007,,https://www.binatech.com/,24/7,43.2596091,-79.8927037,1.654,has_website,,no,,"not checked (beyond --max-checks, or --no-health)",,,,,,
node/8140447427,node,Remedy'sRx,pharmacy,healthcare,Health & clinics,healthcare=pharmacy,,,,,,,,,43.2609439,-79.8535185,1.657,no_website,,no,,,,,,,,
way/438191341,way,Rexall,pharmacy,healthcare,Health & clinics,healthcare=pharmacy,331 Dundurn Street South,,,,,,,,43.2513052,-79.8924123,1.67,no_website,,no,,,,,,,,
node/7817985004,node,The Harbour Diner,restaurant,amenity,Food & drink,amenity=restaurant,,,,,,,,,43.2694333,-79.86333,1.673,no_website,,no,,,,,,,,
node/7817985005,node,Dollar Central Liquidation,variety_store,shop,Retail shops,shop=variety_store,490 James Street North,Hamilton,ON,L8L 1J1,+1-289-933-8880,,,,43.269508,-79.8632991,1.682,no_website,,no,,,,,,,,
node/10896092026,node,Stinson Grocery,convenience,shop,Retail shops,shop=convenience,,,,,,,,,43.2480284,-79.8551645,1.69,no_website,,no,,,,,,,,
node/7926697148,node,Westown Auto,car_repair,shop,Auto services,shop=car_repair,,,,,,,,,43.2506389,-79.8923863,1.693,no_website,,no,,,,,,,,
node/7817985007,node,Our Corner,restaurant,amenity,Food & drink,amenity=restaurant,496 James Street North,Hamilton,ON,L8L 3W3,+1-905-523-0584,,,,43.2696135,-79.8632522,1.694,no_website,,no,,,,,,,,
node/1990576534,node,La Luna Express,restaurant,amenity,Food & drink,amenity=restaurant,,,,,,,,,43.26108,-79.8530278,1.699,no_website,,no,,,,,,,,
node/8140447428,node,Barton Medical Pharmacy,pharmacy,healthcare,Health & clinics,healthcare=pharmacy,,,,,+1-289-389-8844,,,,43.2610279,-79.8529525,1.703,no_website,,no,,,,,,,,
node/442133701,node,Big Bear Convenience,convenience,shop,Retail shops,shop=convenience,,,,,,,,,43.2506909,-79.8926373,1.71,no_website,,no,,,,,,,,
node/11885154669,node,O Cantinho Churrasqueira & Cafe,restaurant,amenity,Food & drink,amenity=restaurant,302 Barton Street East,,,L8L2X5,+1 905-540-9449,,https://ocantinhochurrasqueira.ca/,,43.2607177,-79.8527056,1.711,has_website,,no,,"not checked (beyond --max-checks, or --no-health)",,,,,,
node/7926697150,node,Stop & Clean,dry_cleaning,shop,Retail shops,shop=dry_cleaning,,,,,,,,,43.2511557,-79.8928792,1.711,no_website,,no,,,,,,,,
node/5008028921,node,Gravity Climbing Gym,fitness_centre,leisure,Fitness & leisure,leisure=fitness_centre,70 Frid Street,,,L8P 4M4,+1-905-522-8778,info@gravityclimbinggym.com,https://www.gravityclimbinggym.com/,Mo-Fr 16:00-22:30; Sa-Su 12:00-19:00,43.258255,-79.8938293,1.715,has_website,,no,,"not checked (beyond --max-checks, or --no-health)",,,,,,
node/8140447429,node,Fragoso Sports Bar & Restaurant,pub,amenity,Food & drink,amenity=pub,,,,,,,,,43.2609878,-79.8527279,1.719,no_website,,no,,,,,,,,
way/838614726,way,The Doctor's Auto Repair,car_repair,shop,Auto services,shop=car_repair,351 Cannon Street East,,,,+1-905-528-8180,,,,43.257263,-79.8516367,1.724,no_website,,no,,,,,,,,
node/8105536712,node,Everlasting Nails & Hair Supply,beauty,shop,Salons & barbers,shop=beauty,368 Cannon Street East,,,,+1-289-389-5876,,,,43.25673,-79.8514076,1.739,no_website,,no,,,,,,,,
way/263507102,way,Stork Liquidation,variety_store,shop,Retail shops,shop=variety_store,,,,,,,,,43.241297,-79.8658457,1.739,no_website,,no,,,,,,,,
way/837174531,way,Aberdeen Tavern,restaurant,amenity,Food & drink,amenity=restaurant,432 Aberdeen Avenue,,Ontario,L8P 2S4,+1-905-523-7707,,https://theaberdeen.ca/,,43.2513608,-79.8933493,1.74,has_website,,no,,"not checked (beyond --max-checks, or --no-health)",,,,,,
node/2691235127,node,Mountain Tire,car_parts,shop,Auto services,shop=car_parts,,,,,,,,,43.2412127,-79.8652829,1.763,no_website,,no,,,,,,,,
node/1961921093,node,Rexall,pharmacy,healthcare,Health & clinics,healthcare=pharmacy,447 Main St. E.,Hamilton,,L8N 1K1,+1-905-522-3078,,https://www.rexall.ca/,,43.2510408,-79.8522118,1.763,has_website,,no,,"not checked (beyond --max-checks, or --no-health)",,,,,,
way/112938159,way,Soccer World,sports_centre,leisure,Fitness & leisure,leisure=sports_centre,104 Frid Street,Hamilton,,,,,,,43.2573498,-79.8946301,1.769,no_website,,no,,,,,,,,
way/838649547,way,Napa Auto Parts,car_parts,shop,Auto services,shop=car_parts,,,,,,,,,43.257025,-79.8510296,1.771,no_website,,no,,,,,,,,
node/2691235130,node,Trillium Auto Service Ltd.,car_repair,shop,Auto services,shop=car_repair,,,,,,,,,43.2410842,-79.865327,1.776,no_website,,no,,,,,,,,
node/8140447430,node,Barton Variety,convenience,shop,Retail shops,shop=convenience,,,,,,,,,43.2607671,-79.851885,1.777,no_website,,no,,,,,,,,
node/9417857395,node,Knead To Balance,alternative,healthcare,Health & clinics,healthcare=alternative,21 Mountain Park Avenue,Hamilton,ON,L9A1A1,+1-289-639-9536,,https://kneadtobalance.com/,Mo-Fr 09:00-20:00,43.2441466,-79.8582568,1.777,has_website,,no,,"not checked (beyond --max-checks, or --no-health)",,,,,,
node/2580320060,node,Mediserve Pharmacy,pharmacy,healthcare,Health & clinics,healthcare=pharmacy,589 King Street East,,,,+1-905-577-6667,,,,43.2524932,-79.8513524,1.787,no_website,,no,,,,,,,,
node/8140447431,node,DL Salonn,hairdresser,shop,Salons & barbers,shop=hairdresser,,,,,,,,,43.2604385,-79.8515336,1.794,no_website,,no,,,,,,,,
node/9890016596,node,OMG PERIO,dentist,healthcare,Health & clinics,healthcare=dentist,"460 Main St E, Unit 301",Hamilton,ON,L8N 1K4,+1 905-526-6078,reception@omgperio.ca,https://www.omgperio.ca/,Mo-Th 08:00-17:00; Fr 09:00-16:00,43.2506004,-79.8520131,1.795,has_website,,no,,"not checked (beyond --max-checks, or --no-health)",,,,,,
way/43938271,way,Hamilton Victoria Curling Club,ice_rink,leisure,Fitness & leisure,leisure=ice_rink,568 King Street East,,,L8N 1E2,+1-905-528-6331,,https://hamiltonvictoriaclub.com,,43.2517766,-79.8514187,1.801,has_website,,no,,"not checked (beyond --max-checks, or --no-health)",,,,,,
node/7823863511,node,China Kiki Chinese Food,restaurant,amenity,Food & drink,amenity=restaurant,,,,,,,,,43.2407575,-79.8654973,1.805,no_website,,no,,,,,,,,
node/3981038771,node,Ed's Sports Bar,pub,amenity,Food & drink,amenity=pub,,,,,,,,,43.2524406,-79.8509465,1.82,no_website,,no,,,,,,,,
node/7817984973,node,Arha Variety,convenience,shop,Retail shops,shop=convenience,,,,,,,,,43.2708585,-79.8630349,1.826,no_website,,no,,,,,,,,
node/13903022002,node,DirectCell,mobile_phone,shop,Retail shops,shop=mobile_phone,601 Upper James Street,,,,+1-289-755-1470,,,,43.2398202,-79.8765866,1.833,no_website,,no,,,,,,,,
node/13704538801,node,Marino Pizza & Wings,restaurant,amenity,Food & drink,amenity=restaurant,601 Upper James Street,,,L9C 2Y7,+1-905-574-2020,,https://marinopizza.ca/,Mo-Th 11:00-23:00; Fr-Sa 11:00-00:00; Su 12:00-22:00,43.2397815,-79.8765967,1.837,has_website,,no,,"not checked (beyond --max-checks, or --no-health)",,,,,,
node/8140447433,node,Diamantino's Pizza,fast_food,amenity,Food & drink,amenity=fast_food,,,,,+1-905-972-9889,,,,43.2605386,-79.8509865,1.839,no_website,,no,,,,,,,,
node/13704538701,node,Hani's Meat Shop Kebab Kirkuk,restaurant,amenity,Food & drink,amenity=restaurant,601 Upper James Street,,,L9C 2Y7,+1-905-383-7313,,,Su-Th 11:00-21:00; Fr-Sa 10:00-21:00,43.239733,-79.8765501,1.842,no_website,,no,,,,,,,,
node/2580320055,node,Pioneer,convenience,shop,Retail shops,shop=convenience,603 King Street East,Hamilton,,L8N 1E4,,,,24/7,43.2524995,-79.8506286,1.844,no_website,,no,,,,,,,,
node/13704538901,node,Ben's Barber Shop & Hair Salon,hairdresser,shop,Salons & barbers,shop=hairdresser,Upper James Street,,,,+1-905-538-0950,bensbshop@gmail.com,,Tu-Fr 08:00-17:00; Sa 08:00-16:00,43.2396818,-79.8765735,1.848,no_website,,no,,,,,,,,
node/13704538902,node,Big Bonus Convenience & Food Mart,convenience,shop,Retail shops,shop=convenience,Upper James Street,,,,,,,,43.2396324,-79.8766039,1.854,no_website,,no,,,,,,,,
node/2903179801,node,Yours Dollar and More,variety_store,shop,Retail shops,shop=variety_store,,,,,,,,,43.2604457,-79.8506577,1.862,no_website,,no,,,,,,,,
node/8105536713,node,About Town Lock & Key,locksmith,craft,Trades & contractors,craft=locksmith,,,,,,,,,43.2565737,-79.8498023,1.868,no_website,,no,,,,,,,,
way/263506903,way,Jean's Flower Shop,florist,shop,Retail shops,shop=florist,509 Upper Wellington Street,,,,,,,,43.2401063,-79.8655814,1.871,no_website,,no,,,,,,,,
node/3981038766,node,Asmara Homestead Bar & Grill,restaurant,amenity,Food & drink,amenity=restaurant,,,,,,,,,43.2523677,-79.850252,1.877,no_website,,no,,,,,,,,
way/266906116,way,Concession Variety,convenience,shop,Retail shops,shop=convenience,,,,,,,,,43.2425236,-79.8590254,1.878,no_website,,no,,,,,,,,
way/266906112,way,The Cat Clinic,veterinary,amenity,Services,amenity=veterinary,391 Concession Street,,,,+1 905-387-4151,,https://www.thecatclinic.ca/,,43.2427971,-79.858547,1.878,has_website,,no,,"not checked (beyond --max-checks, or --no-health)",,,,,,
node/13903031701,node,Sandwilicious,restaurant,amenity,Food & drink,amenity=restaurant,592 Upper James Street,,,L9C 2Z1,+1-647-973-4020,,https://sandwilicious.ca/,Su-Th 10:00-22:00; Fr-Sa 10:00-00:00,43.2394519,-79.8773386,1.884,has_website,,no,,"not checked (beyond --max-checks, or --no-health)",,,,,,
node/3981038765,node,Aristos Greek Bakery,bakery,shop,Retail shops,shop=bakery,,,,,+1-905-522-0000,,,,43.252334,-79.8501028,1.889,no_website,,no,,,,,,,,
node/8140447434,node,Allure Lounge & Bar,restaurant,amenity,Food & drink,amenity=restaurant,,,,,,,,,43.2600879,-79.850163,1.891,no_website,,no,,,,,,,,
node/13903031801,node,Aly Beauty Nails Supply,beauty,shop,Salons & barbers,shop=beauty,,,,L9C 2Y8,+1-289-659-6561,,https://alybeautynailssupply.ca/,,43.2393737,-79.8773612,1.893,has_website,,no,,"not checked (beyond --max-checks, or --no-health)",,,,,,
node/8722916597,node,Yimee's,fast_food,amenity,Food & drink,amenity=fast_food,402 Concession Street,Hamilton,,,,,,,43.2425002,-79.8586844,1.897,no_website,,no,,,,,,,,
node/13903031901,node,Tracie's Place,bar,amenity,Food & drink,amenity=bar,,,,L9C 2Y8,+1-905-538-0795,takeout@traciesplace.ca,https://traciesplace.ca/,Mo-Su 11:00-02:00,43.2393189,-79.8773792,1.899,has_website,,no,,"not checked (beyond --max-checks, or --no-health)",,,,,,
node/13903031802,node,Twinkle Town,toys,shop,Retail shops,shop=toys,613 Upper James Street,,,,,,,,43.2392327,-79.8769238,1.902,no_website,,no,,,,,,,,
node/12956904172,node,Cowabunga,restaurant,amenity,Food & drink,amenity=restaurant,,,,,,,,,43.2396048,-79.8664266,1.905,no_website,,no,,,,,,,,
node/7817984972,node,Ed's Variety,convenience,shop,Retail shops,shop=convenience,,,,,,,,,43.2715533,-79.8627318,1.906,no_website,,no,,,,,,,,
node/13903031902,node,Cornerstone Computer Technologies,computer,shop,Retail shops,shop=computer,615 Upper James Street,,,,+1-289-339-8074; +1-289-799-2322,,,,43.2391826,-79.8769457,1.908,no_website,,no,,,,,,,,
way/255091131,way,WingsUp!,fast_food,amenity,Food & drink,amenity=fast_food,,,,,+1-905-388-8886,,,,43.2396914,-79.8658405,1.909,no_website,,no,,,,,,,,
node/7817984971,node,Fishers Pier 4 Pub,pub,amenity,Food & drink,amenity=pub,554 James Street North,,,L8L 1J5,+1 905 526 9622,eat@fisherspier.com,https://fisherspier.com/,,43.2714966,-79.8624395,1.911,has_website,,no,,"not checked (beyond --max-checks, or --no-health)",,,,,,
way/838649563,way,Dardan,car_repair,shop,Auto services,shop=car_repair,,,,,,,,,43.2598172,-79.849775,1.915,no_website,,no,,,,,,,,
node/13903032001,node,Vie Tea Cafe,cafe,amenity,Food & drink,amenity=cafe,598 Upper James Street,,,L9C 2Y8,+1-905-388-0888,hello@vieteacafe.ca,http://vieteacafe.ca,Mo-Su 10:00-21:00,43.2391593,-79.8773297,1.916,has_website,,no,,"not checked (beyond --max-checks, or --no-health)",,,,,,
node/13903032002,node,Pure NV Salon & Spa,beauty,shop,Salons & barbers,shop=beauty,602 Upper James Street,,,L9C 2Y8,+1-905-388-0100,info@purenv.ca,https://purenv.ca/,Tu-We 09:00-17:00; Th-Fr 09:30-20:30; Sa 08:30-16:00; Mo 09:30-14:00,43.2390422,-79.8773695,1.929,has_website,,no,,"not checked (beyond --max-checks, or --no-health)",,,,,,
way/255091123,way,Em Oi,restaurant,amenity,Food & drink,amenity=restaurant,542 Upper Wellington Street,,,L9A 3P5,+1 905 387 4582,,https://www.emoirestaurant.ca/,Mo-Su 11:00-21:00; Tu off,43.2393185,-79.8666462,1.931,has_website,,no,,"not checked (beyond --max-checks, or --no-health)",,,,,,
way/266168960,way,Mountain Eye Care,optician,shop,Retail shops,shop=optician,,,,,+1-905-389-4201,,,,43.2394584,-79.8658497,1.933,no_website,,no,,,,,,,,
node/3981038770,node,Carlton Tavern,pub,amenity,Food & drink,amenity=pub,,,,,,,,,43.2522649,-79.8494099,1.946,no_website,,no,,,,,,,,
node/8140447435,node,Vagueira Bakery & Pastry,bakery,shop,Retail shops,shop=bakery,,,,,,,,,43.2601455,-79.8494683,1.947,no_website,,no,,,,,,,,
way/266168961,way,Big Bee,convenience,shop,Retail shops,shop=convenience,,,,,,,,,43.2393012,-79.8659181,1.949,no_website,,no,,,,,,,,
node/13903052701,node,RTC Appliances,appliance,shop,Retail shops,shop=appliance,,,,,+1-905-574-1040,,,Mo-Fr 08:30-17:00,43.2387748,-79.8777207,1.964,no_website,,no,,,,,,,,
way/311143766,way,Tim Hortons,cafe,amenity,Food & drink,amenity=cafe,,,,,,,,,43.250648,-79.8497842,1.964,no_website,,no,,,,,,,,
node/3424026586,node,What The Crust!,restaurant,amenity,Food & drink,amenity=restaurant,610 Upper James Street,,,,+1-905-318-4454,,,Mo-Su 09:00-22:00,43.238751,-79.8775354,1.964,no_website,,no,,,,,,,,
node/2580320054,node,Big Bonus Convenience & Food Mart,convenience,shop,Retail shops,shop=convenience,,,,,,,,,43.2522594,-79.8490941,1.971,no_website,,no,,,,,,,,
way/255091119,way,Gilmour Denture Clinic,clinic,healthcare,Health & clinics,healthcare=clinic,,,,,+1-905-388-4333,,,,43.2390313,-79.8661591,1.972,no_website,,no,,,,,,,,
way/266168964,way,Masectomy Lingerie & More,clothes,shop,Retail shops,shop=clothes,,,,,+1-289-689-5409,,,,43.2389767,-79.8662835,1.975,no_website,,no,,,,,,,,
node/7817400460,node,Hasty Market,convenience,shop,Retail shops,shop=convenience,,,,,,,,,43.2721206,-79.8620485,1.987,no_website,,no,,,,,,,,
way/257865391,way,Whitwell's Service Centre,car_repair,shop,Auto services,shop=car_repair,,,,,,,,,43.2387221,-79.8670327,1.987,no_website,,no,,,,,,,,
node/8140447436,node,Pho Asparagus,restaurant,amenity,Food & drink,amenity=restaurant,,,,,,,,,43.2601469,-79.8489426,1.989,no_website,,no,,,,,,,,
node/8140447438,node,Lava Pizza & Wings,fast_food,amenity,Food & drink,amenity=fast_food,,,,,,,,,43.2601264,-79.8488648,1.994,no_website,,no,,,,,,,,
node/442130972,node,Weston Pizza & Wings,fast_food,amenity,Food & drink,amenity=fast_food,,,,,,,,,43.2721291,-79.8618589,1.994,no_website,,no,,,,,,,,
node/3981038776,node,Little Caesars,fast_food,amenity,Food & drink,amenity=fast_food,,,,,,,,,43.2519657,-79.8488432,1.998,no_website,,no,,,,,,,,
node/2580320058,node,Royal Convenience & Foodmart,convenience,shop,Retail shops,shop=convenience,,,,,,,,24/7,43.2498914,-79.8496969,1.998,no_website,,no,,,,,,,,
way/255091118,way,The Association Club & Banquet Hall,pub,amenity,Food & drink,amenity=pub,,,,,,,,,43.2387428,-79.8663394,1.999,no_website,,no,,,,,,,,
way/836916803,way,JSOR,car_repair,shop,Auto services,shop=car_repair,,,,,,,,,43.2557025,-79.8481687,2,no_website,,no,,,,,,,,
node/8671947341,node,Waterfront Nails & Spa,beauty,shop,Salons & barbers,shop=beauty,,,,,,,,,43.2722034,-79.8618127,2.004,no_website,,no,,,,,,,,
node/4069895617,node,Pita Pizza,fast_food,amenity,Food & drink,amenity=fast_food,,,,,,,,,43.2498716,-79.8495908,2.007,no_website,,no,,,,,,,,
way/255091128,way,Rumak Eatery & Bar,pub,amenity,Food & drink,amenity=pub,,,,,,,,,43.2385346,-79.867015,2.008,no_website,,no,,,,,,,,
node/3671036535,node,Hasty Market,convenience,shop,Retail shops,shop=convenience,,,,,,,,,43.2600844,-79.8486675,2.009,no_website,,no,,,,,,,,
node/8671947342,node,Mora's Laundromat,laundry,shop,Retail shops,shop=laundry,,,,,,,,,43.2722782,-79.8617836,2.012,no_website,,no,,,,,,,,
node/13903052703,node,Ontario Wireless Hub,electronics_repair,craft,Trades & contractors,craft=electronics_repair,Upper James Street,,,,+1-289-520-9570,,,,43.2382583,-79.8773427,2.015,no_website,,no,,,,,,,,
node/7817400458,node,Kohler Drug,pharmacy,healthcare,Health & clinics,healthcare=pharmacy,"574 James Street North, Unit 3",,,L8L1J7,,,,,43.2723549,-79.8617593,2.021,no_website,,no,,,,,,,,
node/2815751876,node,Canadian Variety,convenience,shop,Retail shops,shop=convenience,,,,,,,,,43.2598584,-79.8484158,2.023,no_website,,no,,,,,,,,
way/266168969,way,X-treme Hair Studio,hairdresser,shop,Salons & barbers,shop=hairdresser,,,,,+1-905-574-1578,,,,43.2383825,-79.8670387,2.024,no_website,,no,,,,,,,,
way/836916804,way,Big Bee,convenience,shop,Retail shops,shop=convenience,,,,,,,,,43.255637,-79.8478409,2.027,no_website,,no,,,,,,,,
node/7817400459,node,North End Pita,fast_food,amenity,Food & drink,amenity=fast_food,"574 James Street North, Unit 2",,,L8L1J7,,,,,43.2724175,-79.8617359,2.028,no_website,,no,,,,,,,,
node/3981038786,node,Wash Me Car Wash,car_wash,amenity,Services,amenity=car_wash,676 King Street East,,,,,,,,43.2515937,-79.8485441,2.031,no_website,,no,,,,,,,,
node/11464430877,node,Play It Again Sports,sports,shop,Retail shops,shop=sports,622 Upper James Street,,,L9C 2Z1,+1-289-674-4100,,https://www.playitagainsports.com/locations/hamilton-on,Mo-Fr 10:00-20:00; Sa 10:00-18:00; Su 11:00-17:00,43.238132,-79.8777636,2.035,has_website,,no,,"not checked (beyond --max-checks, or --no-health)",,,,,,
node/4018065437,node,Grandad's Donuts,cafe,amenity,Food & drink,amenity=cafe,"574 James Street North, Unit 1",,,L8L1J7,+1-289-755-4566,,,Mo-Su 07:00-17:00,43.2724899,-79.8617062,2.036,no_website,,no,,,,,,,,
way/255091124,way,FadeMaster Barber Shop,hairdresser,shop,Salons & barbers,shop=hairdresser,,,,,+1-289-887-2835,,,,43.2382314,-79.8671454,2.038,no_website,,no,,,,,,,,
way/838649264,way,Creative Automotive,car,shop,Auto services,shop=car,,,,,,,,,43.2560912,-79.8476697,2.04,no_website,,no,,,,,,,,
node/11464430871,node,Ice Flame,ice_cream,amenity,Food & drink,amenity=ice_cream,620 Upper James Street,,,L9C 2Z1,+1-289-674-4200,,https://theiceflame.com/,Sa-Th 17:00-01:00,43.2380778,-79.8777891,2.041,has_website,,no,,"not checked (beyond --max-checks, or --no-health)",,,,,,
node/10896085693,node,Mountainview Variety,convenience,shop,Retail shops,shop=convenience,,,,,,,,,43.2459594,-79.8518188,2.042,no_website,,no,,,,,,,,
node/8140447439,node,Breakaway,sports,shop,Retail shops,shop=sports,,,,,,,,,43.2598012,-79.8481514,2.043,no_website,,no,,,,,,,,
node/4462627394,node,Indian Spice,fast_food,amenity,Food & drink,amenity=fast_food,647 Upper James Street,Hamilton,,L9C 2Y9,+1-289-309-1888,,,,43.2380001,-79.8773198,2.043,no_website,,no,,,,,,,,
way/254403712,way,Cadillac Jax Bar & Grille,pub,amenity,Food & drink,amenity=pub,,,,,,,,,43.2498788,-79.8490925,2.045,no_website,,no,,,,,,,,
node/13736720201,node,Barburrito,restaurant,amenity,Food & drink,amenity=restaurant,,,,,+1-289-755-7700,,https://www.barburrito.ca/location/upper-james/,Mo-Su 11:00-21:00,43.2380192,-79.8781054,2.053,has_website,,no,,"not checked (beyond --max-checks, or --no-health)",,,,,,
node/11464430873,node,Junction Indian Street Food,fast_food,amenity,Food & drink,amenity=fast_food,,,,,+1 905-389-1111,info@junctionfoods.ca,https://junctionfoods.ca/locations/,,43.2379752,-79.8778488,2.053,has_website,,no,,"not checked (beyond --max-checks, or --no-health)",,,,,,
node/13736720301,node,Beforeifly,travel_agency,shop,Retail shops,shop=travel_agency,,,,L9C 2Z1,+1-905-383-2000,info@beforeifly.com,https://beforeifly.com/,Mo-Fr 09:00-17:00; Sa 09:00-13:00,43.2379948,-79.8779924,2.054,has_website,,no,,"not checked (beyond --max-checks, or --no-health)",,,,,,
node/4069895616,node,Meen McVicar Insurance Brokers,insurance,office,Professional services,office=insurance,,,,,,,,,43.2499136,-79.8489375,2.055,no_website,,no,,,,,,,,
node/4462627395,node,Anytime Convenience,convenience,shop,Retail shops,shop=convenience,649 Upper James Street,Hamilton,,L9C 2Y9,+1-905-389-9845,,,24/7,43.2378265,-79.8773108,2.062,no_website,,no,,,,,,,,
node/7818015228,node,Koodo,mobile_phone,shop,Retail shops,shop=mobile_phone,649 Upper James Street,Hamilton,,L9C 2Y9,+1-289-768-4758,,,10:30-19:00,43.2378057,-79.8771883,2.062,no_website,,no,,,,,,,,
way/255089462,way,Big Bee,convenience,shop,Retail shops,shop=convenience,,,,,,,,,43.2422497,-79.8558795,2.063,no_website,,no,,,,,,,,
node/4462630188,node,Pita Pit,fast_food,amenity,Food & drink,amenity=fast_food,649 Upper James Street,Hamilton,,L9C 2Y9,+1-905-388-7482,,https://pitapit.ca/,09:00-23:00,43.2377897,-79.8771102,2.063,has_website,,no,,"not checked (beyond --max-checks, or --no-health)",,,,,,
way/838309432,way,Shady Grove Lukaya Cafe,cafe,amenity,Food & drink,amenity=cafe,,,,,,,,,43.237991,-79.8672105,2.063,no_website,,no,,,,,,,,
node/13329631200,node,Hamilton Psychological Services,psychotherapist,healthcare,Health & clinics,healthcare=psychotherapist,"701 Main Street West, Unit 104",Hamilton,Ontario,L8S 1A2,+1-905-527-5991,info@hamiltonpsych.ca,https://www.hamiltonpsych.ca/,Mo-Th 08:30-19:30; Fr 08:30-16:30,43.2598319,-79.8978375,2.065,has_website,,no,,"not checked (beyond --max-checks, or --no-health)",,,,,,
node/8140447440,node,Hefty Hoagie,fast_food,amenity,Food & drink,amenity=fast_food,,,,,,,,,43.2597031,-79.8477973,2.069,no_website,,no,,,,,,,,
way/255089463,way,Liberty Tax,tax_advisor,office,Professional services,office=tax_advisor,,,,,,,,,43.2421077,-79.8557724,2.081,no_website,,no,,,,,,,,
node/7823861610,node,Hamilton Family Foot Care Clinic,clinic,healthcare,Health & clinics,healthcare=clinic,,,,,+1-905-575-9700,,,,43.237876,-79.8668296,2.082,no_website,,no,,,,,,,,
node/7823861611,node,Just feet Foot & Shoe Clinic Inc.,clinic,healthcare,Health & clinics,healthcare=clinic,,,,,,,,,43.2378355,-79.8668504,2.086,no_website,,no,,,,,,,,
node/3981038781,node,St. Vincent de Paul Value Shop,clothes,shop,Retail shops,shop=clothes,698 King Street East,,,,,,,,43.2517848,-79.8477843,2.086,no_website,,no,,,,,,,,
way/266168987,way,Rosanna's Hair Design,hairdresser,shop,Salons & barbers,shop=hairdresser,,,,,+1-905-388-1701,,,,43.2376675,-79.8673266,2.096,no_website,,no,,,,,,,,
way/155100224,way,Tim Hortons,cafe,amenity,Food & drink,amenity=cafe,,,,,,,,,43.2420929,-79.8555142,2.096,no_website,,no,,,,,,,,
node/7152394260,node,Dental Office,dentist,healthcare,Health & clinics,healthcare=dentist,709 Main Street West,Hamilton,Ontario,L8S 1A2,,,,,43.259702,-79.898301,2.099,no_website,,no,,,,,,,,
node/7823861612,node,O'Neill's,restaurant,amenity,Food & drink,amenity=restaurant,,,,,+1-905-387-8500,,,,43.237706,-79.8668933,2.099,no_website,,no,,,,,,,,
node/4069895610,node,Hamilton Cleaners,dry_cleaning,shop,Retail shops,shop=dry_cleaning,552 Main Street East,,,,,,,Mo-Fr 08:00-17:00,43.2497238,-79.8484263,2.101,no_website,,no,,,,,,,,
node/8990677058,node,Foresight Eyewear,optician,shop,Retail shops,shop=optician,,,,,,,,,43.2596705,-79.8983528,2.103,no_website,,no,,,,,,,,
node/12278730454,node,The Biking Lawyer LLP,lawyer,office,Professional services,office=lawyer,"605 James Street North, Unit 200",Hamilton,ON,L8L1J9,+1-800-725-0754,info@thebikinglawyer.ca,https://www.thebikinglawyer.ca/,,43.273317,-79.862182,2.103,has_website,,no,,"not checked (beyond --max-checks, or --no-health)",,,,,,
way/315997630,way,Hamilton Health Sciences - Urgent Care Centre,clinic,healthcare,Health & clinics,healthcare=clinic,690 Main Street West,Hamilton,Ontario,L8S 1A4,,,,Mo-Su 09:00-21:00,43.260319,-79.8982133,2.107,no_website,,no,,,,,,,,
way/266168993,way,B4 n' After Salon & Spa,beauty,shop,Salons & barbers,shop=beauty,,,,,,,,,43.2375567,-79.8673447,2.108,no_website,,no,,,,,,,,
node/8140447441,node,St. Vincent de Paul Value Store,clothes,shop,Retail shops,shop=clothes,,,,,,,,,43.2595815,-79.8472421,2.111,no_website,,no,,,,,,,,
node/13903108202,node,Unipol Academy of Driving,driving_school,amenity,Services,amenity=driving_school,636 Upper James Street,,,,+1-905-547-7769,,http://www.adu.on.ca,,43.2374819,-79.8781421,2.112,has_website,,no,,"not checked (beyond --max-checks, or --no-health)",,,,,,
way/266168984,way,Dr. Edwards & Dr. Taylor Orthodontics,dentist,healthcare,Health & clinics,healthcare=dentist,,,,,,,,,43.2375876,-79.8668199,2.114,no_website,,no,,,,,,,,
node/13888185002,node,Amazing Fitness,fitness_centre,leisure,Fitness & leisure,leisure=fitness_centre,702 King Street East,,,,,,,,43.2517,-79.8473928,2.119,no_website,,no,,,,,,,,
way/266168996,way,Tower Service Station,car_repair,shop,Auto services,shop=car_repair,616 Upper Wellington Street,Hamilton,,L9A 3P9,+1-905-574-6166,,https://towerservicestation.com/,08:00-17:30,43.2374021,-79.8676352,2.12,has_website,,no,,"not checked (beyond --max-checks, or --no-health)",,,,,,
node/8140447442,node,Mosaic Beer Bar,pub,amenity,Food & drink,amenity=pub,,,,,,,,,43.2595224,-79.8470805,2.122,no_website,,no,,,,,,,,
node/4069895618,node,Pizza & Wings,fast_food,amenity,Food & drink,amenity=fast_food,,,,,,,,,43.2499631,-79.8479877,2.126,no_website,,no,,,,,,,,
node/7817984959,node,Angel Variety,convenience,shop,Retail shops,shop=convenience,,,,,,,,,43.271648,-79.8576008,2.127,no_website,,no,,,,,,,,
node/4069895615,node,Main Medical Pharmacy,pharmacy,healthcare,Health & clinics,healthcare=pharmacy,,,,,,,,,43.2496466,-79.8480964,2.129,no_website,,no,,,,,,,,
node/13903108402,node,Reza Barber Salon Haircuts,hairdresser,shop,Salons & barbers,shop=hairdresser,640 Upper James Street,,,,,,,Mo-Su 10:00-21:00,43.2372945,-79.8781714,2.133,no_website,,no,,,,,,,,
node/12150704797,node,North Speed Cycle,bicycle,shop,Retail shops,shop=bicycle,201 Wentworth Street North,Hamilton,ON,L8L5V6,+1-905-519-3218,,,"""by appointment""",43.2581564,-79.8466508,2.135,no_website,,no,,,,,,,,
way/266168994,way,Studio Ritz,hairdresser,shop,Salons & barbers,shop=hairdresser,,,,,+1-905-383-3535,,,,43.2373605,-79.8669555,2.136,no_website,,no,,,,,,,,
node/6653799415,node,A Needle Alterations,tailor,shop,Retail shops,shop=tailor,661 Upper James Street,,,L9C 5R8,+1-905-318-1011,,,Mo-Fr 09:00-18:00; Sa 09:00-17:00,43.2370676,-79.8767334,2.137,no_website,,no,,,,,,,,
node/7817984954,node,Eastwood Variety,convenience,shop,Retail shops,shop=convenience,,,,,,,,,43.2715557,-79.8571743,2.139,no_website,,no,,,,,,,,
node/4069895622,node,The Laundromat,laundry,shop,Retail shops,shop=laundry,,,,,,,,,43.2500832,-79.8477342,2.141,no_website,,no,,,,,,,,
node/13903108302,node,First Class Driving School,driving_school,amenity,Services,amenity=driving_school,640 Upper James Street,,,,+1-905-318-7428,,,,43.2372254,-79.8782722,2.142,no_website,,no,,,,,,,,
node/13903108203,node,Indian Express & Pizza,fast_food,amenity,Food & drink,amenity=fast_food,640 Upper James Street,,,,+1-905-574-0763,,,,43.2371931,-79.8782056,2.144,no_website,,no,,,,,,,,
node/6653799417,node,C&D Jewellery,jewelry,shop,Retail shops,shop=jewelry,651 Upper James Street,,,L9C 5R8,+1 905-574-0662,,,,43.2369455,-79.8766261,2.149,no_website,,no,,,,,,,,
node/6653799411,node,Dollarama,variety_store,shop,Retail shops,shop=variety_store,661 Upper James Street,,,L9C 5R8,,,https://www.dollarama.com/en-CA/locations/on/hamilton-661-upper-james-st,Mo-Fr 09:00-21:00; Sa 09:00-17:30; Su 09:00-17:00,43.2370041,-79.8773114,2.152,has_website,,no,,"not checked (beyond --max-checks, or --no-health)",,,,,,
node/9810082236,node,Phin Coffee Bar,cafe,amenity,Food & drink,amenity=cafe,791 King Street West,,,L8S 1K1,,,https://phincoffee.ca,Th-Sa 09:00-16:00; Su-Mo 10:00-16:00,43.2625226,-79.897913,2.152,has_website,,no,,"not checked (beyond --max-checks, or --no-health)",,,,,,
node/7823861607,node,The Appliance Doctor,appliance,shop,Retail shops,shop=appliance,,,,,+1-905-574-2474,,,,43.2371845,-79.8671287,2.152,no_website,,no,,,,,,,,
node/6653799412,node,Dentistry on the Mountain,dentist,healthcare,Health & clinics,healthcare=dentist,681 Upper James Street,,,L9C 2Z4,+1-905-667-0490,info@dentistryonthemountain.com,https://dentistryonthemountain.com/,"Mo-Tu, Th-Fr 10:00-19:00; Sa 09:00-17:00",43.2369357,-79.8770297,2.155,has_website,,no,,"not checked (beyond --max-checks, or --no-health)",,,,,,
node/6653799414,node,Ardene,clothes,shop,Retail shops,shop=clothes,,,,,,,,,43.2369093,-79.876901,2.157,no_website,,no,,,,,,,,
node/6653799418,node,Wok Express,fast_food,amenity,Food & drink,amenity=fast_food,,,,,,,,,43.2368771,-79.8766556,2.157,no_website,,no,,,,,,,,
node/6653799413,node,Olive Branch,gift,shop,Retail shops,shop=gift,,,,,,,,,43.2368859,-79.8768152,2.158,no_website,,no,,,,,,,,
node/4069895611,node,Hasty Market,convenience,shop,Retail shops,shop=convenience,,,,,,,,"PH,Mo-Su 00:00-24:00+",43.2500443,-79.847491,2.161,no_website,,no,,,,,,,,
node/6653799424,node,Sooter's,photo,shop,Retail shops,shop=photo,,,,,,,,,43.236925,-79.8774442,2.162,no_website,,no,,,,,,,,
way/266168999,way,7-Eleven,convenience,shop,Retail shops,shop=convenience,622 Upper Wellington Street,Hamilton,,L9A 3R1,+1-905-389-9670,,https://stores.7-eleven.ca/store/23132,24/7,43.2369713,-79.8678907,2.163,has_website,,no,,"not checked (beyond --max-checks, or --no-health)",,,,,,
node/6653799419,node,Subway,fast_food,amenity,Food & drink,amenity=fast_food,651 Upper James Street,,,L9C 5R8,+1-905-383-1768,,https://restaurants.subway.com/canada/on/hamilton/651-upper-james-road,Mo-Fr 07:00-22:30; Sa 08:00-22:00; Su 09:00-22:00,43.2368224,-79.8766703,2.164,has_website,,no,,"not checked (beyond --max-checks, or --no-health)",,,,,,
node/6653799423,node,Sunshine Nails,beauty,shop,Salons & barbers,shop=beauty,,,,,,,,,43.2368878,-79.8772832,2.164,no_website,,no,,,,,,,,
node/6653799422,node,Tim Hortons,cafe,amenity,Food & drink,amenity=cafe,651 Upper James Street,,,L9C 5R8,,,https://locations.timhortons.ca/en/on/hamilton/651-upper-james/,Mo-Fr 08:00-20:00; Sa-Su 09:00-16:30,43.2368654,-79.8771679,2.165,has_website,,no,,"not checked (beyond --max-checks, or --no-health)",,,,,,
node/8104115455,node,Lisa's Hair Expressions,hairdresser,shop,Salons & barbers,shop=hairdresser,466 Cannon Street East,,,,,,,,43.25541,-79.8461317,2.166,no_website,,no,,,,,,,,
node/6653799421,node,Tkach & Tokiwa,lawyer,office,Professional services,office=lawyer,651 Upper James Street,,,L9C 5R8,+1 905-383-3545,,,,43.2368243,-79.877019,2.168,no_website,,no,,,,,,,,
node/6653799420,node,Ingebourg Shoes,shoes,shop,Retail shops,shop=shoes,,,,,,,,,43.2367931,-79.8768863,2.169,no_website,,no,,,,,,,,
way/266169003,way,Dixon Family Chiropractic,alternative,healthcare,Health & clinics,healthcare=alternative,,,,,+1-905-389-9135,,,,43.2369345,-79.86718,2.178,no_website,,no,,,,,,,,
node/8140447444,node,Bella Pizza,fast_food,amenity,Food & drink,amenity=fast_food,,,,,+1-905-529-7627,,,,43.2593051,-79.8461887,2.189,no_website,,no,,,,,,,,
way/266169004,way,A.A. Jones Optical,optician,shop,Retail shops,shop=optician,,,,,,,,,43.2368295,-79.8671327,2.19,no_website,,no,,,,,,,,
node/13903108305,node,Elite Barber,hairdresser,shop,Salons & barbers,shop=hairdresser,646 Upper James Street,,,L9C 2Z2,+1-365-227-0096,,https://elite1zqy.setmore.com/,Tu-Su 10:00-20:00; Mo 10:00-17:00,43.2367905,-79.8784782,2.193,has_website,,no,,"not checked (beyond --max-checks, or --no-health)",,,,,,
node/13903108306,node,Soryana Jewelry,jewelry,shop,Retail shops,shop=jewelry,,,,L9C 2Z2,+1-647-937-9647; +1-289-426-3246,miladshanaa1234@gmail.com,https://www.soryanajewelry.ca/,Mo-Fr 09:30-17:00; Sa 09:30-14:00,43.2367666,-79.8785272,2.196,has_website,,no,,"not checked (beyond --max-checks, or --no-health)",,,,,,
node/7152394259,node,Masala Corner,restaurant,amenity,Food & drink,amenity=restaurant,807 Main Street West,Hamilton,,L8S 3M4,+1-905-777-0123,,,,43.259385,-79.8996637,2.202,no_website,,no,,,,,,,,
way/449288916,way,Moores,clothes,shop,Retail shops,shop=clothes,659 Upper James Street,Hamilton,,L9C 5R8,,,,,43.2365909,-79.8777207,2.203,no_website,,no,,,,,,,,
node/4878592217+way/404717714,node,Koch Hamilton Invention Centre,lawyer,office,Professional services,office=lawyer,583 Main Street East,,,,,,http://www.lawkoch.com/,,43.249708,-79.8470248,2.209,has_website,,no,,"not checked (beyond --max-checks, or --no-health)",,,,,,
way/262965008,way,Shoppers Drug Mart,pharmacy,healthcare,Health & clinics,healthcare=pharmacy,,,,,,,https://www.shoppersdrugmart.ca/en/store-locator/store/1319,,43.2412413,-79.8546302,2.214,has_website,,no,,"not checked (beyond --max-checks, or --no-health)",,,,,,
way/266977063,way,Doctors Choice Physical Rehab & Wellness Clinic,clinic,healthcare,Health & clinics,healthcare=clinic,,,,,+1-905-389-9888,,,,43.2416641,-79.8539416,2.217,no_website,,no,,,,,,,,
node/3981038769,node,Auto Sales,car,shop,Auto services,shop=car,,,,,,,,,43.2515146,-79.8461227,2.224,no_website,,no,,,,,,,,
way/183327449,way,Pizza Pizza,fast_food,amenity,Food & drink,amenity=fast_food,815 Main Street West,Hamilton,Ontario,L8S 1A2,,,,24/7,43.259253,-79.9000343,2.229,no_website,,no,,,,,,,,
way/266755806,way,Mt. Cross Pharmacy,pharmacy,healthcare,Health & clinics,healthcare=pharmacy,,,,,,,,,43.2416191,-79.8537492,2.232,no_website,,no,,,,,,,,
way/255346195,way,Penningtons,clothes,shop,Retail shops,shop=clothes,659 Upper James Street,Hamilton,,L9C 5R8,,,,,43.2363349,-79.877851,2.233,no_website,,no,,,,,,,,
node/3081075785,node,Pinky Lewis Recreation Centre,sports_centre,leisure,Fitness & leisure,leisure=sports_centre,,,,,,,,,43.2569358,-79.8452928,2.234,no_website,,no,,,,,,,,
node/7824221580,node,Public Mobile,mobile_phone,shop,Retail shops,shop=mobile_phone,,,,,,,,,43.2412983,-79.8539676,2.246,no_website,,no,,,,,,,,
node/7824221581,node,LTP Financial,financial,office,Professional services,office=financial,,,,,,,,,43.241283,-79.8539069,2.25,no_website,,no,,,,,,,,
node/4069895619,node,Sola's Flowers,florist,shop,Retail shops,shop=florist,,,,,,,,,43.2493118,-79.8465647,2.259,no_website,,no,,,,,,,,
node/7824221583,node,Mario's Hair for Men,hairdresser,shop,Salons & barbers,shop=hairdresser,,,,,,,,,43.2412255,-79.8536341,2.27,no_website,,no,,,,,,,,
node/7824221584,node,Ford & Chambers,insurance,office,Professional services,office=insurance,,,,,,,,,43.2412175,-79.8535878,2.273,no_website,,no,,,,,,,,
node/13903108308,node,Personal Choice Mortgage Services,estate_agent,office,Professional services,office=estate_agent,654 Upper James Street,,,,+1-905-318-1414,,,,43.2361105,-79.8788442,2.273,no_website,,no,,,,,,,,
way/255346197,way,Shoppers Drug Mart,pharmacy,healthcare,Health & clinics,healthcare=pharmacy,661 Upper James Street,Hamilton,,L9C 5R8,+1-905-385-3269,asdm752@shoppersdrugmart.ca,https://www.shoppersdrugmart.ca/en/store-locator/store/752,08:00-00:00,43.2359733,-79.8780363,2.275,has_website,,no,,"not checked (beyond --max-checks, or --no-health)",,,,,,
node/13903108309,node,Back To Form,physiotherapist,healthcare,Health & clinics,healthcare=physiotherapist,654 Upper James Street,,,,+1-365-378-7883,,https://www.backtoform.ca/,,43.2360671,-79.8788696,2.278,has_website,,no,,"not checked (beyond --max-checks, or --no-health)",,,,,,
node/6201939786,node,Amir Pita and Grill,fast_food,amenity,Food & drink,amenity=fast_food,114 Sanford Avenue North,,,,,,,Mo-Fr 11:00-21:00; Sa-Su 12:00-21:00,43.2550468,-79.8447531,2.279,no_website,,no,,,,,,,,
node/8057482435,node,Pierik's Cycle,bicycle,shop,Retail shops,shop=bicycle,,,,,,,,,43.2628723,-79.8994137,2.279,no_website,,no,,,,,,,,
node/7824224985,node,Salon Scissors,hairdresser,shop,Salons & barbers,shop=hairdresser,,,,,+1-905-389-8813,,,,43.2411972,-79.8535131,2.279,no_website,,no,,,,,,,,
node/2581787211,node,Annalakshmi Hamilton,restaurant,amenity,Food & drink,amenity=restaurant,,,,,,,,,43.2590792,-79.900768,2.285,no_website,,no,,,,,,,,
way/266755808,way,Frank Longo Brothers Food Market,greengrocer,shop,Retail shops,shop=greengrocer,,,,,,,,,43.2413897,-79.8531321,2.285,no_website,,no,,,,,,,,
way/43939469,way,Park's Furniture,furniture,shop,Retail shops,shop=furniture,70 Sanford Avenue North,,,,+1 905 526 0965,,https://www.parksfurniture.com/,,43.2534464,-79.8448728,2.285,has_website,,no,,"not checked (beyond --max-checks, or --no-health)",,,,,,
node/7824224986,node,M2K Ventures,electronics,shop,Retail shops,shop=electronics,,,,,+1-905-296-9890,,,,43.241174,-79.8534044,2.287,no_website,,no,,,,,,,,
node/8057482434,node,Conspiracy Comics,books,shop,Retail shops,shop=books,,,,,,,,,43.2628967,-79.8995116,2.288,no_website,,no,,,,,,,,
node/7152394258,node,Westdale Nails & Spa,beauty,shop,Salons & barbers,shop=beauty,"875 Main Street West, Unit 2",Hamilton,Ontario,L8S 4P9,+1 905-529-8915,,,09:30-19:30,43.2590391,-79.9009476,2.298,no_website,,no,,,,,,,,
way/266755827,way,Classique Hair Salon,hairdresser,shop,Salons & barbers,shop=hairdresser,,,,,,,,,43.2416077,-79.8524939,2.304,no_website,,no,,,,,,,,
node/13903144501,node,Registered Massage Therapist,physiotherapist,healthcare,Health & clinics,healthcare=physiotherapist,658 Upper James Street,,,,+1-905-318-5294,,,,43.2358207,-79.8788852,2.305,no_website,,no,,,,,,,,
node/8057482432,node,Westside Stories,books,shop,Retail shops,shop=books,,,,,,,,,43.2629221,-79.8997624,2.308,no_website,,no,,,,,,,,
node/13903144502,node,Faklan Health Services,alternative,healthcare,Health & clinics,healthcare=alternative,658 Upper James Street,,,,+1-905-318-5294,faklan@rogers.com,,,43.2357902,-79.8789016,2.309,no_website,,no,,,,,,,,
node/9082186439,node,Westdale Convenience,convenience,shop,Retail shops,shop=convenience,,,,,,,,,43.2590361,-79.9010815,2.309,no_website,,no,,,,,,,,
way/263083734,way,David Braley Athletics & Recreation Centre,sports_centre,leisure,Fitness & leisure,leisure=sports_centre,,,,,,,,,43.2386544,-79.8884807,2.314,no_website,,no,,,,,,,,
node/13903144401,node,Modern Nails Salon,beauty,shop,Salons & barbers,shop=beauty,660 Upper James Street,,,L9C 2Z3,+1-905-318-5255,,,Mo-Fr 09:30-19:30; Sa 09:30-18:00; Su 11:00-16:00,43.2357283,-79.8789527,2.316,no_website,,no,,,,,,,,
node/7152394257,node,Lifemark Physiotherapy,physiotherapist,healthcare,Health & clinics,healthcare=physiotherapist,"875 Main Street West, Unit 4",Hamilton,Ontario,L8S 4P9,,,,,43.2589247,-79.9012056,2.317,no_website,,no,,,,,,,,
way/266755809,way,Rickard's,pub,amenity,Food & drink,amenity=pub,,,,,,,,,43.2412977,-79.8526882,2.317,no_website,,no,,,,,,,,
way/311140338,way,Tim Hortons,cafe,amenity,Food & drink,amenity=cafe,,,,,,,,,43.2553633,-79.8441978,2.322,no_website,,no,,,,,,,,
way/266959974,way,Mirella's Hair Studio,hairdresser,shop,Salons & barbers,shop=hairdresser,,,,,,,,,43.2409746,-79.8530359,2.324,no_website,,no,,,,,,,,
way/266959972,way,Ice Cream,restaurant,amenity,Food & drink,amenity=restaurant,,,,,,,,,43.2412966,-79.8525597,2.325,no_website,,no,,,,,,,,
node/13778716101,node,Fishing Sushi Hamilton,restaurant,amenity,Food & drink,amenity=restaurant,542 Concession Street,,,,+1-289-396-8888,,https://fishingsushi.ca/,Mo-Th 11:30-21:00; Fr-Sa 11:30-21:30; Su 11:30-20:30,43.2410512,-79.852873,2.327,has_website,,no,,"not checked (beyond --max-checks, or --no-health)",,,,,,
node/9753287645,node,Collective Arts Beergarden,pub,amenity,Food & drink,amenity=pub,,,,,,,,,43.2714473,-79.8533146,2.329,no_website,,no,,,,,,,,
node/8057482430,node,Runner's Den,shoes,shop,Retail shops,shop=shoes,,,,,,,,,43.2629904,-79.9000615,2.333,no_website,,no,,,,,,,,
way/266755812,way,M & R New & Used,furniture,shop,Retail shops,shop=furniture,544 Concession Street,,,,,,,,43.2409393,-79.8527665,2.341,no_website,,no,,,,,,,,
node/7152394255,node,Pinchin Ltd.,consulting,office,Professional services,office=consulting,"875 Main Street West, Unit 6",Hamilton,Ontario,L8S 4P9,,,,08:30-17:00,43.2589383,-79.9015618,2.346,no_website,,no,,,,,,,,
way/266755814,way,Law Offices,lawyer,office,Professional services,office=lawyer,,,,,,,,,43.2409357,-79.8526415,2.349,no_website,,no,,,,,,,,
way/837170820,way,King Street Dental,dentist,healthcare,Health & clinics,healthcare=dentist,870 King Street West,,,,,,,,43.2631144,-79.9002497,2.352,no_website,,no,,,,,,,,
node/7152394254,node,West EndSports,sports,shop,Retail shops,shop=sports,875 Main Street West,Hamilton,Ontario,L8S 4P9,,,,10:00-18:00,43.2588999,-79.9016463,2.352,no_website,,no,,,,,,,,
way/266755815,way,Star Nails,beauty,shop,Salons & barbers,shop=beauty,,,,,+1-905-387-9992,,,,43.2408985,-79.852576,2.355,no_website,,no,,,,,,,,
node/7152394252,node,Ross Rehabilitation,clinic,healthcare,Health & clinics,healthcare=clinic,"875 Main Street West, Unit Suit 1",Hamilton,Ontario,L8S 4P9,,,,08:30-17:00,43.2589663,-79.9017362,2.36,no_website,,no,,,,,,,,
node/2811484501,node,Busy Bee Food Mart,convenience,shop,Retail shops,shop=convenience,,,,,,,,24/7,43.2583131,-79.8438393,2.363,no_website,,no,,,,,,,,
way/155097619,way,Inch Park Arena & Outdoor Pool,sports_centre,leisure,Fitness & leisure,leisure=sports_centre,,,,,,,,,43.2370588,-79.859603,2.372,no_website,,no,,,,,,,,
node/7152394253,node,Papa John's,fast_food,amenity,Food & drink,amenity=fast_food,875 Main Street West,Hamilton,Ontario,L8S 4P9,,,,10:00-01:00,43.258914,-79.9019019,2.373,no_website,,no,,,,,,,,
way/266755818,way,Zarky's,restaurant,amenity,Food & drink,amenity=restaurant,,,,,,,,,43.240824,-79.8523407,2.375,no_website,,no,,,,,,,,
way/266755819,way,Mountain Bookstore,books,shop,Retail shops,shop=books,,,,,,,,,43.2408709,-79.8522243,2.378,no_website,,no,,,,,,,,
way/266959969,way,Speedy Subs,restaurant,amenity,Food & drink,amenity=restaurant,562 Concession Street,Hamilton,Ontario,L8V 1A9,+1-289-396-6984,,,Tu-Su 11:00-00:00,43.2408591,-79.8521681,2.382,no_website,,no,,,,,,,,
node/2592310931,node,Mary's Food Mart,convenience,shop,Retail shops,shop=convenience,,,,,,,,,43.2550461,-79.8434697,2.383,no_website,,no,,,,,,,,
way/837643387,way,Carter's Auto Glass,car_repair,shop,Auto services,shop=car_repair,,,,,,,,,43.2696177,-79.8500006,2.386,no_website,,no,,,,,,,,
node/9106565615,node,Lava Pizza & Wings,fast_food,amenity,Food & drink,amenity=fast_food,876 King Street West,Hamilton,ON,L8S 4S6,+1 905-525-6606,,https://www.lavapizza.ca/,Su-We 11:00-02:00; Th-Sa 11:00-03:00,43.2633092,-79.9008156,2.402,has_website,,no,,"not checked (beyond --max-checks, or --no-health)",,,,,,
way/404717698,way,Car nation,car,shop,Auto services,shop=car,,,,,,,,,43.2491811,-79.8446792,2.408,no_website,,no,,,,,,,,
node/3979037158,node,Downtown Animal Hospital,veterinary,amenity,Services,amenity=veterinary,,,,,,,,,43.2513347,-79.8438385,2.409,no_website,,no,,,,,,,,
way/266755828,way,In 2 Uniforms,clothes,shop,Retail shops,shop=clothes,,,,,,,,,43.2407276,-79.8518809,2.409,no_website,,no,,,,,,,,
node/9106565614,node,Big Bear Foodmart,convenience,shop,Retail shops,shop=convenience,878 King Street West,Hamilton,ON,L8S 4S6,+1 905-527-4555,,https://bigbearfoodmart.ca/,Mo-Fr 07:00-00:00; Sa-Su 07:30-00:00,43.2633417,-79.9009843,2.416,has_website,,no,,"not checked (beyond --max-checks, or --no-health)",,,,,,
way/838347223,way,Caribbean & Canadian,restaurant,amenity,Food & drink,amenity=restaurant,,,,,,,,,43.2407435,-79.8517111,2.417,no_website,,no,,,,,,,,
way/838347222,way,Pumkin Patch Daycare,kindergarten,amenity,Services,amenity=kindergarten,,,,,,,,,43.2380407,-79.856066,2.424,no_website,,no,,,,,,,,
node/8034267276,node,McDonald's,fast_food,amenity,Food & drink,amenity=fast_food,,,,L9C 2Z5,+1 905-388-5095,,https://www.mcdonalds.com/ca/en-ca/location/hamilton/wm-hamilton-mountain/wal-mart-675-upper-james-street/40321.html,Mo-Sa 07:00-23:00; Su 07:00-22:00,43.2345282,-79.8774076,2.425,has_website,,no,,"not checked (beyond --max-checks, or --no-health)",,,,,,
node/8140447446,node,Trocadero Tavern,restaurant,amenity,Food & drink,amenity=restaurant,,,,,,,,,43.2584803,-79.8430954,2.425,no_website,,no,,,,,,,,
node/13718020601,node,Garden Centre,garden_centre,shop,Retail shops,shop=garden_centre,675 Upper James Street,,,,,,,,43.2344811,-79.8771636,2.427,no_website,,no,,,,,,,,
way/661052561,way,Hamilton Kosher Meat Market,butcher,shop,Retail shops,shop=butcher,889 King Street West,Hamilton,,,+1 9055275762,,,,43.2629608,-79.9013173,2.428,no_website,,no,,,,,,,,
node/6188915577,node,Westdale Delicatessen,restaurant,amenity,Food & drink,amenity=restaurant,893 King Street West,Hamilton,,,+1-905-529-2605,,,Tu-Th 12:00-17:00; Fr 10:00-14:00,43.2629937,-79.9014175,2.437,no_website,,no,,,,,,,,
way/266755836,way,CAP Cancer Assistance Program,clinic,healthcare,Health & clinics,healthcare=clinic,,,,,,,,,43.2409405,-79.8509679,2.445,no_website,,no,,,,,,,,
way/266755832,way,Almizan Grill,restaurant,amenity,Food & drink,amenity=restaurant,,,,,+1-905-296-6962,,,,43.240588,-79.8513573,2.45,no_website,,no,,,,,,,,
way/661052558,way,Tri-Star Computer,computer,shop,Retail shops,shop=computer,901 King Street West,Hamilton,,,,,,,43.2629724,-79.9016451,2.454,no_website,,no,,,,,,,,
way/1051425337,way,Taco Bell,fast_food,amenity,Food & drink,amenity=fast_food,677 Upper James Street,,,L9C 5R9,+1-905-383-8877,,https://locations.tacobell.ca/en/on/hamilton/677-upper-james-st,Su-Th 10:30-02:00; Fr-Sa 10:30-03:00,43.2344408,-79.8788962,2.455,has_website,,no,,"not checked (beyond --max-checks, or --no-health)",,,,,,
node/13888685301,node,Sinkin Ink Tattoos,tattoo,shop,Salons & barbers,shop=tattoo,676 Upper James Street,,,L9C 2Z6,,,https://www.sinkinink.com/services,Mo 12:00-16:00; Tu-We 12:00-20:00; Th-Sa 11:00-22:00,43.234509,-79.8794944,2.458,has_website,,no,,"not checked (beyond --max-checks, or --no-health)",,,,,,
way/266959169,way,New Style Jewellery,jewelry,shop,Retail shops,shop=jewelry,,,,,+1-905-387-6930,,,,43.2405818,-79.851132,2.463,no_website,,no,,,,,,,,
node/2811485901,node,Golden Dragon Restaurant,restaurant,amenity,Food & drink,amenity=restaurant,,,,,,,,,43.2583326,-79.8425691,2.466,no_website,,no,,,,,,,,
way/266959170,way,Amtech Photographic Services,photo,shop,Retail shops,shop=photo,,,,,,,,,43.2405668,-79.8510611,2.468,no_website,,no,,,,,,,,
node/442130931,node,Williams Fresh Cafe,cafe,amenity,Food & drink,amenity=cafe,47 Discovery Drive,,,L8L 8B4,+1 905-522-5886,,https://williamsfreshcafe.com/,08:00-21:00,43.2764637,-79.8608022,2.468,has_website,,no,,"not checked (beyond --max-checks, or --no-health)",,,,,,
node/3979037162,node,Kitchen Collective,restaurant,amenity,Food & drink,amenity=restaurant,,,,,,,,"""Only has popup""",43.2515346,-79.8428516,2.482,no_website,,no,,,,,,,,
node/12879130890,node,Hanilton Waterfront Scoops,ice_cream,amenity,Food & drink,amenity=ice_cream,,,,,,,https://hamiltonwaterfront.com/waterfront-scoops-ice-cream-parlour/,,43.2765701,-79.860645,2.484,has_website,,no,,"not checked (beyond --max-checks, or --no-health)",,,,,,
node/13379049001,node,541 Eatery & Exchange,cafe,amenity,Food & drink,amenity=cafe,541 Barton Street East,,,L8L2Z2,+1-289-389-0541,,https://www.fivefortyone.ca/,Tu-Sa 08:00-14:00,43.2582753,-79.8422724,2.489,has_website,,no,,"not checked (beyond --max-checks, or --no-health)",,,,,,
way/266959168,way,Gasper's Hair Design,hairdresser,shop,Salons & barbers,shop=hairdresser,,,,,,,,,43.2405059,-79.8507204,2.493,no_website,,no,,,,,,,,
node/9900790554,node,The Parlour Dairy Bar,ice_cream,amenity,Food & drink,amenity=ice_cream,,,,,,,,,43.2407518,-79.8502504,2.502,no_website,,no,,,,,,,,
way/838618823,way,Friends of HMCS Haida Gift Shop & Museum,gift,shop,Retail shops,shop=gift,,,,,,,,,43.2751873,-79.8562496,2.514,no_website,,no,,,,,,,,
way/266959165,way,Maribel's Variety Store,variety_store,shop,Retail shops,shop=variety_store,,,,,,,,,43.2404187,-79.8503542,2.521,no_website,,no,,,,,,,,
node/12505459278,node,Tea With You,cafe,amenity,Food & drink,amenity=cafe,,,,,,,,,43.2630627,-79.902487,2.522,no_website,,no,,,,,,,,
node/4069895612,node,Holiday Variety,convenience,shop,Retail shops,shop=convenience,,,,,,,,,43.2487277,-79.8433251,2.528,no_website,,no,,,,,,,,
node/8140447448,node,Sewing by Kim,tailor,shop,Retail shops,shop=tailor,,,,,,,,,43.2580891,-79.8416772,2.535,no_website,,no,,,,,,,,
way/266906091,way,Pro Transmission Centre,car_repair,shop,Auto services,shop=car_repair,,,,,,,,,43.240703,-79.8497286,2.536,no_website,,no,,,,,,,,
way/266755840,way,Benjamin Home Furniture,furniture,shop,Retail shops,shop=furniture,,,,,+1-905-575-8209,,,,43.2402836,-79.8501781,2.542,no_website,,no,,,,,,,,
node/8140447449,node,Country Style,cafe,amenity,Food & drink,amenity=cafe,,,,,,,,,43.2576769,-79.8414619,2.549,no_website,,no,,,,,,,,
way/404717712,way,Tony's Submarine's,fast_food,amenity,Food & drink,amenity=fast_food,,,,,,,,,43.2487733,-79.8430199,2.549,no_website,,no,,,,,,,,
way/266906068,way,Eng's Chinese Resteraunt,restaurant,amenity,Food & drink,amenity=restaurant,,,,,,,,,43.2402894,-79.8500188,2.55,no_website,,no,,,,,,,,
node/13811815812,node,Fascinature The Salon,hairdresser,shop,Salons & barbers,shop=hairdresser,688 Upper James Street,Hamilton,On,L9C 2Z6,+1-226-387-8228,,https://fascinaturesalon.com,,43.2336997,-79.8798708,2.553,has_website,,no,,"not checked (beyond --max-checks, or --no-health)",,,,,,
way/266906069,way,Angel's Touch Nail Salon,beauty,shop,Salons & barbers,shop=beauty,,,,,+1-905-296-4482,,,,43.2402912,-79.849919,2.556,no_website,,no,,,,,,,,
node/3981038774,node,King's Corner Laundromat,laundry,shop,Retail shops,shop=laundry,,,,,,,,Mo-Fr 07:30-20:30,43.251489,-79.8419281,2.556,no_website,,no,,,,,,,,
way/266906090,way,JT Pets,pet,shop,Pet services,shop=pet,605 Concession Street,Hamilton,Ontario,L8V1B4,+1-905-971-7387,,,,43.2405256,-79.8495603,2.56,no_website,,no,,,,,,,,
node/7620331884,node,We Buy Your House,estate_agent,office,Professional services,office=estate_agent,453 Wentworth Street North,Hamilton,,L8K 6N1,+1-289-426-2700,,https://www.webuyyourhouse.ca,24/7,43.2648689,-79.8436401,2.56,has_website,,no,,"not checked (beyond --max-checks, or --no-health)",,,,,,
way/266906070,way,One Stop Foot clinic & Orthotic Centre,clinic,healthcare,Health & clinics,healthcare=clinic,,,,,+1-905-561-8633,,,,43.2402741,-79.8498437,2.562,no_website,,no,,,,,,,,
node/3033884937,node,Tim Hortons,cafe,amenity,Food & drink,amenity=cafe,,,,,,,,,43.2627282,-79.9032769,2.572,no_website,,no,,,,,,,,
node/8057482420,node,Fazakas Law Office,lawyer,office,Professional services,office=lawyer,,,,,,,,,43.2631237,-79.9032325,2.581,no_website,,no,,,,,,,,
way/266906071,way,Diner on Concession,restaurant,amenity,Food & drink,amenity=restaurant,612 Concession Street,Hamilton,Ontario,,+1-905-575-4409,,https://www.instagram.com/dineronconcession/,,43.2401533,-79.8495414,2.589,social_only,instagram,no,,,,,,,,
way/266906074,way,Canfin Financial Group,financial,office,Professional services,office=financial,,,,,,,,,43.2401827,-79.8493575,2.598,no_website,,no,,,,,,,,
node/3979037166,node,Queen's Pizza & Wings,fast_food,amenity,Food & drink,amenity=fast_food,,,,,+1-905-545-0101,,http://www.queenspizza.ca/,,43.2511562,-79.8413852,2.607,has_website,,no,,"not checked (beyond --max-checks, or --no-health)",,,,,,
node/12505364375,node,Simpson Law Office,lawyer,office,Professional services,office=lawyer,950 King Street West,,,,,,,,43.2629471,-79.903634,2.607,no_website,,no,,,,,,,,
node/8140447450,node,Barton Furniture,furniture,shop,Retail shops,shop=furniture,,,,,,,,,43.257842,-79.8407324,2.609,no_website,,no,,,,,,,,
node/404120625,node,Big Bear,convenience,shop,Retail shops,shop=convenience,,,,,,,,24/7,43.2511202,-79.8411837,2.624,no_website,,no,,,,,,,,
node/3981038775,node,Kool Stuff Toys,toys,shop,Retail shops,shop=toys,,,,,+1-905-547-7280,,,,43.2514766,-79.8409869,2.631,no_website,,no,,,,,,,,
node/3033884946,node,Weil's Bakery,bakery,shop,Retail shops,shop=bakery,,,,,,,,,43.2623551,-79.9042237,2.634,no_website,,no,,,,,,,,
way/252565355,way,Shoppers Drug Mart,pharmacy,healthcare,Health & clinics,healthcare=pharmacy,,,,,,,https://www.shoppersdrugmart.ca/en/store-locator/store/1046,,43.262201,-79.9044071,2.644,has_website,,no,,"not checked (beyond --max-checks, or --no-health)",,,,,,
way/266906079,way,Papa Leo's Resteraunt,restaurant,amenity,Food & drink,amenity=restaurant,,,,,,,,,43.2399662,-79.8486822,2.654,no_website,,no,,,,,,,,
node/3981038785,node,Wally's Bar and Grill,restaurant,amenity,Food & drink,amenity=restaurant,,,,,,,,,43.2514655,-79.8406843,2.656,no_website,,no,,,,,,,,
way/312015663,way,Hamilton Reptile,pet,shop,Pet services,shop=pet,,,,,,,,,43.2515013,-79.840568,2.664,no_website,,no,,,,,,,,
node/2811486901,node,Walt's Variety,convenience,shop,Retail shops,shop=convenience,,,,,,,,,43.2576324,-79.840005,2.666,no_website,,no,,,,,,,,
way/836552648,way,Dragon Court,restaurant,amenity,Food & drink,amenity=restaurant,988 King Street West,Hamilton,Ontario,L8S 1L1,+19055221999,,https://www.westdaledragoncourt.com/,Mo-Su 11:30-20:30,43.262636,-79.9046726,2.677,has_website,,no,,"not checked (beyond --max-checks, or --no-health)",,,,,,
node/8057482418,node,Westdale Barber Shop,hairdresser,shop,Salons & barbers,shop=hairdresser,,,,,,,,,43.2624367,-79.9048546,2.686,no_website,,no,,,,,,,,
node/8057482419,node,Freedom Mobile,mobile_phone,shop,Retail shops,shop=mobile_phone,,,,,,,,,43.2624191,-79.9048975,2.689,no_website,,no,,,,,,,,
node/8057482416,node,Pizzaiolo,restaurant,amenity,Food & drink,amenity=restaurant,,,,,,,,,43.2618439,-79.9051805,2.695,no_website,,no,,,,,,,,
node/3033884944,node,The Snooty Fox,restaurant,amenity,Food & drink,amenity=restaurant,,,,,,,,,43.2617692,-79.9052215,2.696,no_website,,no,,,,,,,,
node/8140447453,node,PC Shop Computers,computer,shop,Retail shops,shop=computer,,,,,,,,,43.2572565,-79.8395093,2.704,no_website,,no,,,,,,,,
node/3033884940,node,Westdale Café,cafe,amenity,Food & drink,amenity=cafe,1004 King Street West,Hamilton,ON,L8S 1L1,+1-905-540-4839,,https://westdalecafe.ca/,,43.2624626,-79.9051142,2.707,has_website,,no,,"not checked (beyond --max-checks, or --no-health)",,,,,,
node/8057482415,node,The Burnt Tongue,restaurant,amenity,Food & drink,amenity=restaurant,,,,,,,,,43.2616847,-79.9055587,2.72,no_website,,no,,,,,,,,
way/266906080,way,La Luna,restaurant,amenity,Food & drink,amenity=restaurant,,,,,+1-905-385-5123,,,,43.239692,-79.8479055,2.721,no_website,,no,,,,,,,,
node/9803892794,node,Mikel Coffee,cafe,amenity,Food & drink,amenity=cafe,1008 King Street West,,,L8S 1L4,+1 289 689 8839,,https://mikelcoffee.com/en/stores-canada,Mo-Sa 07:00-22:00; Su 08:00-20:00,43.2623794,-79.9054205,2.728,has_website,,no,,"not checked (beyond --max-checks, or --no-health)",,,,,,
node/9063211414,node,Nannaa Persian Eatery,restaurant,amenity,Food & drink,amenity=restaurant,1010 King Street West,,,L8S 1L4,+1 905 777 1010,,https://www.nannaaeatery.com/,"Mo-Su 11:30-21:00; Fr,Sa 11:30-22:00",43.2623498,-79.9054568,2.73,has_website,,no,,"not checked (beyond --max-checks, or --no-health)",,,,,,
node/3033884943,node,Delirious Burger,fast_food,amenity,Food & drink,amenity=fast_food,,,,,,,,,43.2625075,-79.9054897,2.737,no_website,,no,,,,,,,,
way/266906081,way,Henderson Arts Pharmacy,pharmacy,healthcare,Health & clinics,healthcare=pharmacy,,,,,+1-905-383-9370,,,,43.2396846,-79.847579,2.742,no_website,,no,,,,,,,,
way/404717700,way,KFC,fast_food,amenity,Food & drink,amenity=fast_food,,,,,,,,,43.2478058,-79.8409213,2.745,no_website,,no,,,,,,,,
node/9707458287,node,Pizza Nova,fast_food,amenity,Food & drink,amenity=fast_food,,,,,,,,,43.2622613,-79.9056731,2.745,no_website,,no,,,,,,,,
node/3033884942,node,Subway,fast_food,amenity,Food & drink,amenity=fast_food,,,,,,,,,43.2622231,-79.9057723,2.751,no_website,,no,,,,,,,,
node/3033884939,node,Paisley Coffeehouse & Eatery,cafe,amenity,Food & drink,amenity=cafe,1020 King Street West,Hamilton,,L8S 1L4,+1 905-777-8100,,https://paisleycoffeehouse.com/,Mo-Su 08:00-18:00,43.2621889,-79.9058527,2.757,has_website,,no,,"not checked (beyond --max-checks, or --no-health)",,,,,,
node/4069895608,node,Bruno's 2 for 1 Pizza & Wings,fast_food,amenity,Food & drink,amenity=fast_food,,,,,+1-905-777-8888,,,,43.2478128,-79.8407383,2.759,no_website,,no,,,,,,,,
node/8140447454,node,Computers,computer,shop,Retail shops,shop=computer,,,,,,,,,43.2570587,-79.838763,2.763,no_website,,no,,,,,,,,
way/266930961,way,Mia's Panno Bar,bar,amenity,Food & drink,amenity=bar,,,,,+1-905-574-9100,,,,43.2396028,-79.8472683,2.766,no_website,,no,,,,,,,,
node/8057482412,node,Lazeez Shwarma,fast_food,amenity,Food & drink,amenity=fast_food,,,,,,,,,43.2615532,-79.9062713,2.773,no_website,,no,,,,,,,,
node/11387812873,node,Rooney's,cafe,amenity,Food & drink,amenity=cafe,724 Main Street East,Hamilton,Ontario,L8M1K9,+16475720454,,http://www.shoprooneys.ca/,,43.2477556,-79.8405343,2.777,has_website,,no,,"not checked (beyond --max-checks, or --no-health)",,,,,,
node/3979037161,node,King Car Wash,car_wash,amenity,Services,amenity=car_wash,,,,,,,,,43.2516167,-79.83906,2.782,no_website,,no,,,,,,,,
node/13759782402,node,Bliss Bras,clothes,shop,Retail shops,shop=clothes,720 Upper James Street,,,L9C 2Z9,+1-289-755-3345,info@blissbras.com,https://blissbras.com/,,43.2316613,-79.8807502,2.789,has_website,,no,,"not checked (beyond --max-checks, or --no-health)",,,,,,
node/13759782501,node,Bliss Bras,clothes,shop,Retail shops,shop=clothes,,,,,,,,,43.2316613,-79.8807502,2.789,no_website,,no,,,,,,,,
node/9675631999,node,Bare Wax Bar,beauty,shop,Salons & barbers,shop=beauty,1030 King Street West,Hamilton,Ontario,L8S1L6,,,,,43.261785,-79.9064902,2.796,no_website,,no,,,,,,,,
node/4069895623,node,iWealth Group,accountant,office,Professional services,office=accountant,,,,,,,,,43.2477063,-79.8403104,2.796,no_website,,no,,,,,,,,
node/9675632002,node,Presotea,cafe,amenity,Food & drink,amenity=cafe,,,,,,,,,43.2614219,-79.9066038,2.797,no_website,,no,,,,,,,,
way/836552304,way,Saigon Asian Restaurant,restaurant,amenity,Food & drink,amenity=restaurant,1024 King Street West,,,L8S1L3,+1 905 528 1096,,http://www.saigonasianrestaurant.com/,,43.2619507,-79.9064429,2.797,has_website,,no,,"not checked (beyond --max-checks, or --no-health)",,,,,,
way/838343585,way,Buddy's Greek Bites,fast_food,amenity,Food & drink,amenity=fast_food,,,,,+1-905-389-8000,,,,43.2330748,-79.8587972,2.8,no_website,,no,,,,,,,,
way/266906082,way,Mountain Medical Centre,clinic,healthcare,Health & clinics,healthcare=clinic,,,,,,,,,43.2394478,-79.8468988,2.8,no_website,,no,,,,,,,,
node/9675632003,node,Westdale Florist,florist,shop,Retail shops,shop=florist,1041 King Street West,Hamilton,Ontario,L8S1L6,+1 905 527 4127,,https://www.westdaleflorists.ca/,,43.2613986,-79.906663,2.801,has_website,,no,,"not checked (beyond --max-checks, or --no-health)",,,,,,
node/8057482409,node,The Express Italian Eatery,restaurant,amenity,Food & drink,amenity=restaurant,,,,,,,,,43.2617417,-79.9065981,2.804,no_website,,no,,,,,,,,
way/839417800,way,Sam's Hotel & Tavern,pub,amenity,Food & drink,amenity=pub,,,,,,,,,43.2567908,-79.8382081,2.807,no_website,,no,,,,,,,,
node/8057482406,node,Westdale Dentalcare,dentist,healthcare,Health & clinics,healthcare=dentist,,,,,,,,,43.2613602,-79.9067602,2.807,no_website,,no,,,,,,,,
node/9707458289,node,Relax Spa & Beauty Bar,beauty,shop,Salons & barbers,shop=beauty,1036 King Street West,Hamilton,ON,L8S 1L5,,,,,43.2617326,-79.9066547,2.808,no_website,,no,,,,,,,,
node/9707458288,node,Sokie & Co,hairdresser,shop,Salons & barbers,shop=hairdresser,1036 King Street West,Hamilton,ON,L8S 1L5,,,https://sokieandco.ca/,,43.2617125,-79.9066687,2.809,has_website,,no,,"not checked (beyond --max-checks, or --no-health)",,,,,,
node/9675632000,node,Cuppa Tea,cafe,amenity,Food & drink,amenity=cafe,,,,,,,,,43.2616882,-79.9067312,2.813,no_website,,no,,,,,,,,
node/13759782301,node,AGcuts Barber Shop & Estheticians,hairdresser,shop,Salons & barbers,shop=hairdresser,720 Upper James Street,,,,,,,Mo-Fr 10:00-20:00; Sa 10:00-18:00,43.2314353,-79.8808316,2.815,no_website,,no,,,,,,,,
node/9675632001,node,Spicy Master,restaurant,amenity,Food & drink,amenity=restaurant,,,,,,,,,43.2616783,-79.9067559,2.815,no_website,,no,,,,,,,,
node/8057482408,node,Waypoint Board Game Cafe,cafe,amenity,Food & drink,amenity=cafe,,,,,,,,,43.2616941,-79.9067517,2.815,no_website,,no,,,,,,,,
node/9675632004,node,Pure Realty Brokerage,estate_agent,office,Professional services,office=estate_agent,1047 King Street West,Hamilton,Ontario,L8S1L6,,,,,43.2612986,-79.9069163,2.818,no_website,,no,,,,,,,,
node/404120632,node,Petro-Canada,convenience,shop,Retail shops,shop=convenience,,,,,,,,,43.2516246,-79.8385724,2.821,no_website,,no,,,,,,,,
node/9675632006,node,Chungchun Rice Dog,restaurant,amenity,Food & drink,amenity=restaurant,1051 King Street West,Hamilton,Ontario,L8S1L6,+1 289-246-9520,,https://chungchunricedog.ca/,Mo-Su 11:30-23:00,43.2612804,-79.9069623,2.822,has_website,,no,,"not checked (beyond --max-checks, or --no-health)",,,,,,
node/8057482404,node,Chef Martin Sushi,restaurant,amenity,Food & drink,amenity=restaurant,,,,,,,,,43.2616285,-79.9068797,2.823,no_website,,no,,,,,,,,
node/9054082273,node,The Alley,cafe,amenity,Food & drink,amenity=cafe,"1050 King Street West, Unit Unit 5",Hamilton,ON,L8S1L5,+1 905-522-5300,,https://www.the-alley.ca/,Mo-Su 11:30-23:00,43.2616601,-79.9070056,2.834,has_website,,no,,"not checked (beyond --max-checks, or --no-health)",,,,,,
node/8140447456,node,Transitions Hair Design,hairdresser,shop,Salons & barbers,shop=hairdresser,,,,,,,,,43.2570523,-79.8378624,2.836,no_website,,no,,,,,,,,
node/8124855905,node,Twin Peaks Electrical,electrician,craft,Trades & contractors,craft=electrician,,,,,,,,,43.232873,-79.8582378,2.839,no_website,,no,,,,,,,,
way/839413473,way,P.J. Auro Repair,car_repair,shop,Auto services,shop=car_repair,,,,,+1-905-522-3742,,,,43.2531467,-79.8379991,2.842,no_website,,no,,,,,,,,
node/9054082272,node,Cupcakes of Westdale Village,bakery,shop,Retail shops,shop=bakery,1050 King Street West,Hamilton,ON,L8S1L3,+1 905-308-8484,,https://www.westdalecupcakes.com/,Mo-Sa 12:00-17:00,43.2616118,-79.907132,2.843,has_website,,no,,"not checked (beyond --max-checks, or --no-health)",,,,,,
node/275680905,node,Big Top Family Resturant,restaurant,amenity,Food & drink,amenity=restaurant,,,,,,,,,43.2475078,-79.839767,2.844,no_website,,no,,,,,,,,
node/8057482403,node,TCBY,ice_cream,amenity,Food & drink,amenity=ice_cream,,,,,,,,,43.2611455,-79.9072978,2.845,no_website,,no,,,,,,,,
node/9675631996,node,Westdale Optical Boutique,optician,shop,Retail shops,shop=optician,1056 King Street West,Hamilton,Ontario,L8S 1L6,,,,,43.261545,-79.9072304,2.849,no_website,,no,,,,,,,,
way/266906085,way,Kay Penny Florist,florist,shop,Retail shops,shop=florist,,,,,,,,,43.239309,-79.8462355,2.851,no_website,,no,,,,,,,,
node/9675631993,node,Basilique,restaurant,amenity,Food & drink,amenity=restaurant,,,,,,,,,43.2610367,-79.9074832,2.858,no_website,,no,,,,,,,,
way/252831727,way,Shoppers Drug Mart,pharmacy,healthcare,Health & clinics,healthcare=pharmacy,,,,,,,https://www.shoppersdrugmart.ca/en/store-locator/store/1041,,43.247858,-79.8393272,2.865,has_website,,no,,"not checked (beyond --max-checks, or --no-health)",,,,,,
node/8057482402,node,Pita Pit,fast_food,amenity,Food & drink,amenity=fast_food,,,,,,,,,43.2613883,-79.9074852,2.866,no_website,,no,,,,,,,,
node/8098448769,node,Cannon Variety,convenience,shop,Retail shops,shop=convenience,,,,,,,,,43.2533754,-79.8376498,2.867,no_website,,no,,,,,,,,
node/3981038767,node,Atlantic Submarines,fast_food,amenity,Food & drink,amenity=fast_food,,,,,,,,,43.2515455,-79.837932,2.873,no_website,,no,,,,,,,,
node/3033884532,node,King W. Books,books,shop,Retail shops,shop=books,1060 King Street West,Hamilton,,L8S 1L7,,,,,43.2613512,-79.9075872,2.873,no_website,,no,,,,,,,,
node/8140447457,node,Anytime Convenience,convenience,shop,Retail shops,shop=convenience,,,,,,,,,43.2569097,-79.8373353,2.878,no_website,,no,,,,,,,,
node/13759778301,node,Jenny's Healing Touch Wellness Center,massage,shop,Salons & barbers,shop=massage,,,,,+1-905-383-7888,,,Mo-Su 09:30-21:00,43.2308878,-79.8811341,2.88,no_website,,no,,,,,,,,
node/3637812169,node,Westdale Driving School,driving_school,amenity,Services,amenity=driving_school,,,,,,,,,43.2580962,-79.9085791,2.901,no_website,,no,,,,,,,,
node/3981038782,node,TR Autohaus,car,shop,Auto services,shop=car,,,,,,,,,43.251497,-79.8375713,2.903,no_website,,no,,,,,,,,
node/8140447458,node,Hendrys Shoes,shoes,shop,Retail shops,shop=shoes,,,,,,,,,43.2568125,-79.83699,2.906,no_website,,no,,,,,,,,
node/8140447459,node,F.L.A. Cafe & Bar,cafe,amenity,Food & drink,amenity=cafe,,,,,,,,,43.2565142,-79.836929,2.91,no_website,,no,,,,,,,,
node/9869545988,node,Main West Dental,dentist,healthcare,Health & clinics,healthcare=dentist,1058 Main Street West,Hamilton,Ontario,L8S 1B3,,,,,43.258493,-79.908713,2.916,no_website,,no,,,,,,,,
node/12688634701,node,Blue Willow Variety & Communication,convenience,shop,Retail shops,shop=convenience,732 Upper James Street,,,L9C3A2,,,,Mo-Sa 08:30-21:00; Su 09:00-20:00,43.230559,-79.8812786,2.919,no_website,,no,,,,,,,,
node/3979037160,node,Good Life Deli,fast_food,amenity,Food & drink,amenity=fast_food,,,,,,,,,43.2513992,-79.837387,2.919,no_website,,no,,,,,,,,
node/8140447460,node,Honey Bee Esthetics,beauty,shop,Salons & barbers,shop=beauty,,,,,,,,,43.2567769,-79.8368284,2.919,no_website,,no,,,,,,,,
node/13759821801,node,Dog Cafe,cafe,amenity,Food & drink,amenity=cafe,,,,,,,,,43.2306749,-79.881977,2.92,no_website,,no,,,,,,,,
way/253086380,way,Harvey's,fast_food,amenity,Food & drink,amenity=fast_food,,,,,,,,,43.232242,-79.8577249,2.92,no_website,,no,,,,,,,,
node/9869545989,node,Sakura Tea,cafe,amenity,Food & drink,amenity=cafe,1064 Main Street West,Hamilton,Ontario,L8S 1B3,,,,,43.2584859,-79.9087807,2.921,no_website,,no,,,,,,,,
node/7818015229,node,Jupiter Nails,beauty,shop,Salons & barbers,shop=beauty,734 Upper James Street,Hamilton,,L9C 3A2,+1 905-385-1767,,https://www.dashbooking.com/salon/jupiter-nails-spa,Tu-Fr 09:00-20:00; Mo 09:00-19:30; Sa 09:00-19:00; Su 09:30-19:00,43.2305172,-79.8813645,2.925,has_website,,no,,"not checked (beyond --max-checks, or --no-health)",,,,,,
node/8140447462,node,I.D.A.,pharmacy,healthcare,Health & clinics,healthcare=pharmacy,,,,,,,,,43.2565024,-79.836705,2.928,no_website,,no,,,,,,,,
way/404717701,way,Liquidation & Discount Outlet,variety_store,shop,Retail shops,shop=variety_store,,,,,,,,,43.2476176,-79.8386211,2.928,no_website,,no,,,,,,,,
node/9869545990,node,Freeze Fill Glow Aesthetics Bar,beauty,shop,Salons & barbers,shop=beauty,"1070 Main Street West, Unit Unit F",Hamilton,ON,L8S 1B4,+1 905 460 4569,,https://www.freezefillglow.ca/,,43.258472,-79.9089373,2.934,has_website,,no,,"not checked (beyond --max-checks, or --no-health)",,,,,,
node/13759767301,node,Vintage Agro Barber Shop,hairdresser,shop,Salons & barbers,shop=hairdresser,736 Upper James Street,,,,+1-905-383-9031,,https://www.vintagebarbershophamilton.ca/,Mo-Fr 10:00-20:00; Sa 08:00-17:00; Su 10:00-17:00,43.2304151,-79.8813222,2.935,has_website,,no,,"not checked (beyond --max-checks, or --no-health)",,,,,,
node/8140447461,node,Sicilia Bakery,bakery,shop,Retail shops,shop=bakery,,,,,,,,,43.2567066,-79.8366132,2.936,no_website,,no,,,,,,,,
node/9869545991,node,The Squire Barber Shop,hairdresser,shop,Salons & barbers,shop=hairdresser,"1070 Main Street West, Unit Unit E",Hamilton,ON,L8S 1B4,+1 905 525 3205,,,,43.2584651,-79.9090008,2.939,no_website,,no,,,,,,,,
node/9869545992,node,Lilya's Dressmaking and Alterations,tailor,shop,Retail shops,shop=tailor,"1070 Main Street West, Unit Unit D",Hamilton,ON,L8S 1B4,,,,,43.25846,-79.9090479,2.943,no_website,,no,,,,,,,,
node/13759767201,node,Mountain Animal Hospital,veterinary,amenity,Services,amenity=veterinary,738 Upper James Street,,,L9C 3A2,+1-905-385-5354,office@mountainanimalhospital.ca,https://www.mountainanimalhospital.ca/,Mo-Fr 08:00-18:00; Sa 09:00-12:00,43.2303375,-79.8813526,2.944,has_website,,no,,"not checked (beyond --max-checks, or --no-health)",,,,,,
node/9869545993,node,Computer Trade In Post,computer,shop,Retail shops,shop=computer,"1070 Main Street West, Unit Unit C",Hamilton,ON,L8S 1B4,,,https://www.tradeinpost.ca/,,43.2584549,-79.9090951,2.946,has_website,,no,,"not checked (beyond --max-checks, or --no-health)",,,,,,
node/9869545994,node,Michele's Salon,hairdresser,shop,Salons & barbers,shop=hairdresser,"1070 Main Street West, Unit Unit B",Hamilton,ON,L8S 1B4,,,,,43.2584496,-79.9091435,2.95,no_website,,no,,,,,,,,
node/13762425902,node,Samir Butchery,butcher,shop,Retail shops,shop=butcher,750 Upper James Street,,,,,,,Mo-Su 09:00-20:00,43.2302951,-79.8815637,2.953,no_website,,no,,,,,,,,
node/9869545995,node,The DLD Group,consulting,office,Professional services,office=consulting,"1070 Main Street West, Unit Unit A",Hamilton,ON,L8S 1B4,,,https://dldgroup.com/,,43.2584446,-79.9091901,2.954,has_website,,no,,"not checked (beyond --max-checks, or --no-health)",,,,,,
node/7818015230,node,Binh Minh Mai,restaurant,amenity,Food & drink,amenity=restaurant,740 Upper James Street,,,,+1 905-296-8676,,https://www.binhminhmai.ca/,"Su-Mo, We-Th 11:00-21:00; Fr-Sa 11:00-22:00",43.2302876,-79.8817769,2.958,has_website,,no,,"not checked (beyond --max-checks, or --no-health)",,,,,,
node/4069895606,node,Acupunture & Herbal Clinic,doctor,healthcare,Health & clinics,healthcare=doctor,,,,,,,,,43.2474337,-79.8381661,2.97,no_website,,no,,,,,,,,
way/266906088,way,Big Bear Food Mart,convenience,shop,Retail shops,shop=convenience,,,,,,,,,43.2388425,-79.8447671,2.975,no_website,,no,,,,,,,,
node/7833009730,node,Pet Valu,pet,shop,Pet services,shop=pet,,,,,,,https://store.petvalu.ca/location/2011,Mo-Fr 09:00-21:00; Sa 09:00-18:00; Su 10:00-18:00,43.2320053,-79.8567872,2.977,has_website,,no,,"not checked (beyond --max-checks, or --no-health)",,,,,,
node/7833009729,node,Lava Pizza & Wings,fast_food,amenity,Food & drink,amenity=fast_food,,,,,,,,,43.2319622,-79.8566373,2.986,no_website,,no,,,,,,,,
node/2811486902,node,Ever Convenience Variety,convenience,shop,Retail shops,shop=convenience,,,,,,,,,43.2565368,-79.8359679,2.988,no_website,,no,,,,,,,,
node/7833009728,node,Liberty Tax,tax_advisor,office,Professional services,office=tax_advisor,,,,,,,,,43.2319349,-79.856512,2.994,no_website,,no,,,,,,,,
node/12779969001,node,Burger King,fast_food,amenity,Food & drink,amenity=fast_food,777 Upper James Street,,,L9C3A1,+1-647-398-9455,,https://burgerking.com/store-locator/store/restaurant_238814,24/7,43.2298094,-79.8810282,2.995,has_website,,no,,"not checked (beyond --max-checks, or --no-health)",,,,,,
node/7833009727,node,I.D.A.,pharmacy,healthcare,Health & clinics,healthcare=pharmacy,,,,,,,,,43.2319129,-79.8564414,2.998,no_website,,no,,,,,,,,
way/183330856,way,Wei Xiang Yuan Restaurant,restaurant,amenity,Food & drink,amenity=restaurant,1088 Main Street West,Hamilton,Ontario,L8S 1B3,,,,Mo-Su 10:00-22:00,43.2584494,-79.9097721,3.001,no_website,,no,,,,,,,,
node/7833009726,node,Popeyes,fast_food,amenity,Food & drink,amenity=fast_food,550 Fennell Avenue East,,,L8V 4S9,,,https://www.popeyeschicken.ca/,Mo-Su 11:00-03:00,43.2318961,-79.856352,3.003,has_website,,no,,"not checked (beyond --max-checks, or --no-health)",,,,,,
node/8951491675,node,Little Caesars,fast_food,amenity,Food & drink,amenity=fast_food,,,,,,,,,43.229868,-79.8821252,3.01,no_website,,no,,,,,,,,
node/8140447464,node,Wheel Wizards,car_repair,shop,Auto services,shop=car_repair,,,,,+1-905-544-9651,,,,43.2564741,-79.8356751,3.012,no_website,,no,,,,,,,,
node/7833009734,node,Hasty Market,convenience,shop,Retail shops,shop=convenience,,,,,,,,,43.2316211,-79.8566955,3.018,no_website,,no,,,,,,,,
node/7833009733,node,easyhome,furniture,shop,Retail shops,shop=furniture,,,,,,,,,43.2315522,-79.8567249,3.024,no_website,,no,,,,,,,,
node/8140447465,node,Friends Beauty Salon,hairdresser,shop,Salons & barbers,shop=hairdresser,,,,,+1-905-543-1776,,,,43.2564175,-79.8354732,3.028,no_website,,no,,,,,,,,
node/9082397613,node,Lancaster Eatery,restaurant,amenity,Food & drink,amenity=restaurant,,,,,,,,,43.2463836,-79.9079047,3.036,no_website,,no,,,,,,,,
node/7833009732,node,Ye Olde Squire,pub,amenity,Food & drink,amenity=pub,,,,,,,,,43.2312871,-79.8571311,3.037,no_website,,no,,,,,,,,
way/265625430,way,Big Bear,convenience,shop,Retail shops,shop=convenience,580 Fennell Avenue East,,,,,,,24/7,43.2317226,-79.8555579,3.049,no_website,,no,,,,,,,,
way/269604337,way,Canadian Tire Car Wash,car_wash,amenity,Services,amenity=car_wash,,,,,,,,,43.229289,-79.8809548,3.05,no_website,,no,,,,,,,,
node/3979037157,node,Central High Speed Cycle,bicycle,shop,Retail shops,shop=bicycle,,,,,,,,,43.2513494,-79.8357298,3.053,no_website,,no,,,,,,,,
way/265631300,way,Mr. Sub,fast_food,amenity,Food & drink,amenity=fast_food,,,,,,,,,43.238588,-79.8437909,3.054,no_website,,no,,,,,,,,
node/4069895621,node,Subway,fast_food,amenity,Food & drink,amenity=fast_food,,,,,,,,,43.2468897,-79.8372363,3.061,no_website,,no,,,,,,,,
node/4069895607,node,Big Bee,convenience,shop,Retail shops,shop=convenience,,,,,,,,24/7,43.2468027,-79.837251,3.063,no_website,,no,,,,,,,,
node/8124855901,node,Nutri Bar Cafe,cafe,amenity,Food & drink,amenity=cafe,,,,,,,,,43.2305944,-79.8584685,3.064,no_website,,no,,,,,,,,
way/265522749,way,Trusty Auto Center,car_repair,shop,Auto services,shop=car_repair,,,,,+1-905-388-8084,,,,43.2369685,-79.8455304,3.068,no_website,,no,,,,,,,,
node/8140447467,node,Zygmunt Fine Jewellers,jewelry,shop,Retail shops,shop=jewelry,,,,,,,,,43.2562656,-79.8348476,3.078,no_website,,no,,,,,,,,
way/342218564,way,Vintage Coffee Roasters,cafe,amenity,Food & drink,amenity=cafe,977 King Street East,Hamilton,Ontario,L8M 1C3,,,http://www.vintagecoffeeroasters.ca/,Mo-Fr 08:00-16:00; Sa-Su 09:00-15:00,43.2514038,-79.8353575,3.081,has_website,,no,,"not checked (beyond --max-checks, or --no-health)",,,,,,
node/8140447468,node,Polimex Travel Hamilton,travel_agency,shop,Retail shops,shop=travel_agency,,,,,,,,,43.2562475,-79.8347718,3.084,no_website,,no,,,,,,,,
node/7833009736,node,Body Pro Gym,fitness_centre,leisure,Fitness & leisure,leisure=fitness_centre,,,,,,,,,43.2304187,-79.8582067,3.09,no_website,,no,,,,,,,,
way/255086245,way,LoPresti Pharmacy,pharmacy,healthcare,Health & clinics,healthcare=pharmacy,,,,,+1-905-383-2189,,,,43.2384703,-79.8433515,3.09,no_website,,no,,,,,,,,
node/9869545996,node,Pho-Excellent,restaurant,amenity,Food & drink,amenity=restaurant,,,,,,,,,43.2582329,-79.9109667,3.095,no_website,,no,,,,,,,,
node/9869545998,node,Porcelain Hot Pot & Lounge,restaurant,amenity,Food & drink,amenity=restaurant,1122 Main Street West,Hamilton,,L8S 1C1,+1 289 396 6993,,,,43.2582274,-79.9110381,3.101,no_website,,no,,,,,,,,
node/9869545997,node,Caribbean Flavah,restaurant,amenity,Food & drink,amenity=restaurant,,,,,,,,,43.2582222,-79.9111072,3.107,no_website,,no,,,,,,,,
way/265631305,way,Mountain Coin Laundry,laundry,shop,Retail shops,shop=laundry,,,,,,,,,43.2384736,-79.8429999,3.111,no_website,,no,,,,,,,,
way/265631307,way,Sanghera Wash,laundry,shop,Retail shops,shop=laundry,,,,,,,,07:00-22:00,43.2384501,-79.8428364,3.123,no_website,,no,,,,,,,,
node/7817984939,node,Hamilton Meat Pie Co.,fast_food,amenity,Food & drink,amenity=fast_food,,,,,,,,,43.2673333,-79.8374681,3.127,no_website,,no,,,,,,,,
node/7817984938,node,Two Cougars & a Cafe,restaurant,amenity,Food & drink,amenity=restaurant,601 Burlington Street East,Hamilton,Ontario,L8L 4J5,+1-905-525-8112,,https://m.facebook.com/TwoCougarsAndACafe,"Mo-We 08:00-14:00,Th-Fr 08:00-15:00, Sa-Su 08:00-14:00",43.267301,-79.8373126,3.137,social_only,facebook,no,,,,,,,,
way/265631308,way,Big Bee Food Mart,convenience,shop,Retail shops,shop=convenience,,,,,,,,,43.2383585,-79.8425692,3.147,no_website,,no,,,,,,,,
way/342218619,way,King East Medical Building,doctor,healthcare,Health & clinics,healthcare=doctor,,,,,,,,,43.2512138,-79.8345685,3.148,no_website,,no,,,,,,,,
node/7817984937,node,Fastenal Company,hardware,shop,Retail shops,shop=hardware,"601 Burlington Street East, Unit G",,,L8L 4J5,+1 905 525 2614,ONHAM@stores.fastenal.com,https://www.fastenal.ca/,,43.2672288,-79.8370269,3.155,has_website,,no,,"not checked (beyond --max-checks, or --no-health)",,,,,,
node/5033379927,node,Mr. Sub,fast_food,amenity,Food & drink,amenity=fast_food,1144 Main Street West,Hamilton,Ontario,L8S 1C1,,,,Mo-Su 10:00-22:00,43.2581569,-79.9117418,3.157,no_website,,no,,,,,,,,
way/265631310,way,Jerry's Family Salon & Barber,hairdresser,shop,Salons & barbers,shop=hairdresser,,,,,+1-905-383-0014,,,,43.2382706,-79.8424603,3.16,no_website,,no,,,,,,,,
way/265631312,way,Pagoda Chop Suey House,restaurant,amenity,Food & drink,amenity=restaurant,790 Concession Street,Hamilton,,L8V 1C9,+1-905-389-2240;+1-905-389-2249,,,,43.2382459,-79.8423517,3.168,no_website,,no,,,,,,,,
node/8140447470,node,Hamilton Sportswear,sports,shop,Retail shops,shop=sports,,,,,,,,,43.2559848,-79.8337204,3.17,no_website,,no,,,,,,,,
way/265631313,way,Hygienic Smiles,dentist,healthcare,Health & clinics,healthcare=dentist,792 Concession Street,Hamilton,,L8V 1C9,+1-905-538-7315,,,,43.2382333,-79.8423001,3.172,no_website,,no,,,,,,,,
node/8127105640,node,Tim Hortons,cafe,amenity,Food & drink,amenity=cafe,,,,,,,,,43.2281442,-79.8812002,3.179,no_website,,no,,,,,,,,
node/8140447471,node,Crystal Clean Clean Carpets,dry_cleaning,shop,Retail shops,shop=dry_cleaning,,,,,+1-905-574-5122,,,,43.2559613,-79.8335896,3.18,no_website,,no,,,,,,,,
node/7237733930,node,Pho Dui Bo,restaurant,amenity,Food & drink,amenity=restaurant,,,,,,,,,43.2283377,-79.8824534,3.181,no_website,,no,,,,,,,,
way/265631314,way,Jack's RoadHouse,restaurant,amenity,Food & drink,amenity=restaurant,794 Concession Street,Hamilton,,L8V 1C9,+1-905-383-3860,,,,43.2382193,-79.8421566,3.182,no_website,,no,,,,,,,,
way/269604614,way,Petro-Canada,convenience,shop,Retail shops,shop=convenience,813,,,,,,,,43.2280965,-79.8812483,3.185,no_website,,no,,,,,,,,
way/265631315,way,Delightful Nails,beauty,shop,Salons & barbers,shop=beauty,,,,,+1-905-387-1375,,,,43.2381892,-79.8420278,3.193,no_website,,no,,,,,,,,
node/7237733934,node,Split Ave,hairdresser,shop,Salons & barbers,shop=hairdresser,,,,,,,,,43.2282434,-79.8826784,3.196,no_website,,no,,,,,,,,
way/265631316,way,Gina's Place,restaurant,amenity,Food & drink,amenity=restaurant,,,,,+1-905-385-1550,,,,43.2381869,-79.8419538,3.198,no_website,,no,,,,,,,,
node/7237733933,node,Subway,fast_food,amenity,Food & drink,amenity=fast_food,,,,,,,,,43.2282053,-79.8826716,3.2,no_website,,no,,,,,,,,
node/3981038768,node,Atlas,car_repair,shop,Auto services,shop=car_repair,990 King Street East,,,,,,,,43.2506132,-79.834054,3.201,no_website,,no,,,,,,,,
node/7237733932,node,I.D.A.,pharmacy,healthcare,Health & clinics,healthcare=pharmacy,,,,,,,,,43.2281404,-79.8827087,3.208,no_website,,no,,,,,,,,
node/2811489801,node,Wingporium,restaurant,amenity,Food & drink,amenity=restaurant,,,,,,,,,43.2558588,-79.8331699,3.214,no_website,,no,,,,,,,,
node/8951325835,node,Hamilton Medical Clinic,doctor,healthcare,Health & clinics,healthcare=doctor,,,,,,,,,43.2280739,-79.8827403,3.215,no_website,,no,,,,,,,,
node/3650940614,node,Smith Health Centre,doctor,healthcare,Health & clinics,healthcare=doctor,263 Mohawk Road West,Hamilton,,,,,,,43.2305179,-79.891458,3.217,no_website,,no,,,,,,,,
node/8951491683,node,Ginseng,convenience,shop,Retail shops,shop=convenience,,,,,,,,,43.2277976,-79.8814406,3.221,no_website,,no,,,,,,,,
node/8127105644,node,MDG Computers,computer,shop,Retail shops,shop=computer,,,,,,,,,43.2279774,-79.882771,3.226,no_website,,no,,,,,,,,
node/13704061501,node,N2N Books - Used book store,books,shop,Retail shops,shop=books,28 Athens Street,,,,+1-905-574-1334,,https://www.n2ncentre.com/bookstore/,"Mo-We, Fr 09:30-15:30; Th 09:30-18:30",43.2285192,-79.8854384,3.23,has_website,,no,,"not checked (beyond --max-checks, or --no-health)",,,,,,
node/7237733935,node,Pizza Pizza,fast_food,amenity,Food & drink,amenity=fast_food,,,,,,,,,43.2277223,-79.8815965,3.232,no_website,,no,,,,,,,,
node/7237733936,node,Quiznos,fast_food,amenity,Food & drink,amenity=fast_food,,,,,,,,,43.2276679,-79.8816205,3.238,no_website,,no,,,,,,,,
node/8951491684,node,Wescan Accountants,accountant,office,Professional services,office=accountant,,,,,,,,,43.2276477,-79.8814853,3.238,no_website,,no,,,,,,,,
node/8140447472,node,O'Leas Cafe & Restaurant,cafe,amenity,Food & drink,amenity=cafe,,,,,,,,,43.2555467,-79.832848,3.241,no_website,,no,,,,,,,,
node/8951491685,node,Ron Barrs Lawyer,lawyer,office,Professional services,office=lawyer,,,,,,,,,43.2275978,-79.8815119,3.244,no_website,,no,,,,,,,,
node/8951491678,node,BDO Financial Recovery Services,financial,office,Professional services,office=financial,,,,,,,,,43.227605,-79.8816225,3.245,no_website,,no,,,,,,,,
node/8951491677,node,Leadex Realty Inc.,estate_agent,office,Professional services,office=estate_agent,845 Upper James Street,,,,,,,,43.2275723,-79.8816602,3.249,no_website,,no,,,,,,,,
node/8127105641,node,IQ Driving,driving_school,amenity,Services,amenity=driving_school,,,,,,,,,43.2275352,-79.881549,3.251,no_website,,no,,,,,,,,
node/10184418332,node,Not Just Another Dance Studio,dance,leisure,Fitness & leisure,leisure=dance,"833 Upper James Street, Unit Rear unit",Hamilton,ON,L9C 3A3,+1 905-529-9885,,https://www.notjustanotherdancestudio.ca/,,43.2274676,-79.8812288,3.253,has_website,,no,,"not checked (beyond --max-checks, or --no-health)",,,,,,
node/13728509401,node,Shelby's,restaurant,amenity,Food & drink,amenity=restaurant,,,,,,,,Mo-We 11:00-01:00; Th-Su 11:00-02:00,43.2275359,-79.8817062,3.254,no_website,,no,,,,,,,,
node/3979037163,node,Mario's Pizza,fast_food,amenity,Food & drink,amenity=fast_food,,,,,+1-905-544-4440,,,,43.2503714,-79.8333152,3.265,no_website,,no,,,,,,,,
node/8287423954,node,Spinel Dental,dentist,healthcare,Health & clinics,healthcare=dentist,93 Sanatorium Road,Hamilton,ON,L9C 1Y6,+1-905-318-6106,smile@spinel.dental,https://www.spinel.dental,Mo-Fr 09:00-20:00; Sa 08:00-14:00; Su closed,43.2320364,-79.8963135,3.28,has_website,,no,,"not checked (beyond --max-checks, or --no-health)",,,,,,
way/266018979,way,Tim Hortons,cafe,amenity,Food & drink,amenity=cafe,,,,,,,,,43.2265823,-79.8712716,3.283,no_website,,no,,,,,,,,
node/8140447475,node,Karlik Pastry,bakery,shop,Retail shops,shop=bakery,,,,,,,,,43.2553631,-79.8321044,3.301,no_website,,no,,,,,,,,
way/264321203,way,The Laundry Room,laundry,shop,Retail shops,shop=laundry,,,,,,,,,43.2310563,-79.8509284,3.301,no_website,,no,,,,,,,,
node/8140447474,node,Love Books,books,shop,Retail shops,shop=books,,,,,,,,,43.2555648,-79.8319957,3.31,no_website,,no,,,,,,,,
node/7237733941,node,Osmow's,fast_food,amenity,Food & drink,amenity=fast_food,,,,,,,,,43.2272342,-79.8829509,3.31,no_website,,no,,,,,,,,
node/8951325836,node,Dr Gabor Filo,dentist,healthcare,Health & clinics,healthcare=dentist,,,,,,,,,43.2271884,-79.8829933,3.316,no_website,,no,,,,,,,,
way/264321202,way,Steve and Rick's,car_repair,shop,Auto services,shop=car_repair,,,,,+1-905-383-8783,,,,43.23103,-79.8506068,3.318,no_website,,no,,,,,,,,
way/265528125,way,Debs family Hairstyling,hairdresser,shop,Salons & barbers,shop=hairdresser,,,,,+1-905-318-0208,,,,43.2364721,-79.8418718,3.325,no_website,,no,,,,,,,,
node/8951325834,node,National Pizza & Wings,fast_food,amenity,Food & drink,amenity=fast_food,,,,,+1-905-575-4500,,https://www.nationalpizzaupperjames.ca/,"Tu, Th 14:30-00:00; We 14:30-22:00; Fr 14:00-00:00; Sa 11:30-00:00; Su 12:00-22:00",43.2271001,-79.8830314,3.326,has_website,,no,,"not checked (beyond --max-checks, or --no-health)",,,,,,
node/11025947443,node,John The Plumber,plumber,craft,Trades & contractors,craft=plumber,"129 Melrose Avenue South, Unit Unit #1",Hamilton,ON,L8M 2Y7,+1 905-237-5153,john@johntheplumber.ca,https://johntheplumber.ca/hamilton/crown-point-east/,Mo-Su 07:30-23:00,43.2463578,-79.8339956,3.328,has_website,,no,,"not checked (beyond --max-checks, or --no-health)",,,,,,
way/184076396,way,Wendy's,fast_food,amenity,Food & drink,amenity=fast_food,,,,,,,,,43.2268873,-79.8820192,3.33,no_website,,no,,,,,,,,
node/8951325837,node,Al-Amin Grovery and Halal Meat,convenience,shop,Retail shops,shop=convenience,,,,,,,,,43.2270601,-79.8830505,3.331,no_website,,no,,,,,,,,
way/255085585,way,Odyssea Bakery,bakery,shop,Retail shops,shop=bakery,301 Crockett Street,Hamilton,,L8V 1H5,+1-905-389-4427,,,,43.2364755,-79.8417471,3.332,no_website,,no,,,,,,,,
way/264321207,way,Mountain Physiotherapy & Rehabilitation,physiotherapist,healthcare,Health & clinics,healthcare=physiotherapist,,,,,,,,,43.2324921,-79.8474686,3.333,no_website,,no,,,,,,,,
node/7237733944,node,Green Leaf,restaurant,amenity,Food & drink,amenity=restaurant,,,,,,,,,43.2266966,-79.8813597,3.339,no_website,,no,,,,,,,,
node/8140447476,node,Balanced Lives Cafe,cafe,amenity,Food & drink,amenity=cafe,,,,,,,,,43.2554661,-79.831578,3.344,no_website,,no,,,,,,,,
node/8127105648,node,Hamilton Health & Wellness Centre,clinic,healthcare,Health & clinics,healthcare=clinic,,,,,,,,,43.2266593,-79.8814107,3.344,no_website,,no,,,,,,,,
way/252831751,way,Tim Hortons,cafe,amenity,Food & drink,amenity=cafe,,,,,,,,,43.2458168,-79.8340377,3.345,no_website,,no,,,,,,,,
way/265625427,way,Bridgecan Realty Corp.,estate_agent,office,Professional services,office=estate_agent,,,,,,,,,43.2305887,-79.8509188,3.346,no_website,,no,,,,,,,,
way/265522751,way,Minature World Daycare,childcare,amenity,Services,amenity=childcare,,,,,+1-905-574-8194,,,,43.2329832,-79.8463368,3.348,no_website,,no,,,,,,,,
node/8127105649,node,Mountcrest Dental,dentist,healthcare,Health & clinics,healthcare=dentist,"865 Upper James Street, Unit 4",Hamilton,ON,L9C 3A3,+1-289-796-1146,,https://mountcrestdental.com/,Mo-Th 09:00-18:00; Fr 09:00-14:00; Sa-Su off,43.2266154,-79.8814282,3.349,has_website,,no,,"not checked (beyond --max-checks, or --no-health)",,,,,,
way/265625426,way,Jim Pauls Real Estate Ltd.,estate_agent,office,Professional services,office=estate_agent,,,,,+1-905-667-8877,,,,43.2305807,-79.8508242,3.35,no_website,,no,,,,,,,,
node/8127105650,node,Best for Bride,clothes,shop,Retail shops,shop=clothes,,,,,,,https://www.bestforbride.com,,43.2265812,-79.8814376,3.353,has_website,,no,,"not checked (beyond --max-checks, or --no-health)",,,,,,
way/449471958,way,Circle K,convenience,shop,Retail shops,shop=convenience,,,,,,,,,43.2268662,-79.8832735,3.356,no_website,,no,,,,,,,,
way/265625425,way,Ray C. Edwards Realty Ltd.,estate_agent,office,Professional services,office=estate_agent,,,,,,,,,43.2305415,-79.8507283,3.358,no_website,,no,,,,,,,,
way/255488121,way,Chicago Style Pizza,restaurant,amenity,Food & drink,amenity=restaurant,534 Upper Sherman Avenue,Hamilton,,,,,,,43.2320872,-79.847601,3.362,no_website,,no,,,,,,,,
node/7826668807,node,The Cutting Studio,hairdresser,shop,Salons & barbers,shop=hairdresser,,,,,,,,,43.2362976,-79.8414079,3.366,no_website,,no,,,,,,,,
node/8057482395,node,Sacred Blue,tattoo,shop,Salons & barbers,shop=tattoo,,,,,,,,,43.2576916,-79.9144046,3.369,no_website,,no,,,,,,,,
node/7826668806,node,BarberShop Studio 5,hairdresser,shop,Salons & barbers,shop=hairdresser,,,,,,,,,43.2362874,-79.841356,3.37,no_website,,no,,,,,,,,
way/184303908,way,RE/MAX,estate_agent,office,Professional services,office=estate_agent,,,,,+1-905-575-7700,,,,43.2304542,-79.8506146,3.371,no_website,,no,,,,,,,,
node/8057482394,node,South China Chinese Food,restaurant,amenity,Food & drink,amenity=restaurant,1223 Main Street West,,,L8S 1C3,+1-905-528-8474,,,Mo-Su 11:00-22:00,43.2577062,-79.9144844,3.376,no_website,,no,,,,,,,,
node/7826668805,node,The Wobbley Scotsman,bar,amenity,Food & drink,amenity=bar,,,,,+1-905-389-8224,,,,43.2362732,-79.8412453,3.377,no_website,,no,,,,,,,,
way/264321206,way,Rexall,pharmacy,healthcare,Health & clinics,healthcare=pharmacy,,,,,,,,,43.2323289,-79.8468541,3.378,no_website,,no,,,,,,,,
node/13461209278,node,Shoppers Drug Mart,pharmacy,healthcare,Health & clinics,healthcare=pharmacy,,,,,,,,,43.2257079,-79.8716814,3.379,no_website,,no,,,,,,,,
way/342218601,way,Dairy Queen,fast_food,amenity,Food & drink,amenity=fast_food,,,,,,,,,43.2550676,-79.8311342,3.381,no_website,,no,,,,,,,,
node/7237733943,node,Pizza Hut,restaurant,amenity,Food & drink,amenity=restaurant,,,,,,,,,43.2263081,-79.8818412,3.39,no_website,,no,,,,,,,,
way/255491134,way,Best Buy Convenience,convenience,shop,Retail shops,shop=convenience,665 Fennell Avenue East,Hamilton,,,,,,,43.2307254,-79.8496043,3.391,no_website,,no,,,,,,,,
node/7076329908,node,Hasty Market,convenience,shop,Retail shops,shop=convenience,,,,,,,,,43.2256093,-79.8713122,3.391,no_website,,no,,,,,,,,
node/7826668808,node,John's Auto Service,car_repair,shop,Auto services,shop=car_repair,,,,,,,,08:00-17:00,43.2359884,-79.8413339,3.393,no_website,,no,,,,,,,,
way/255488129,way,Biggie's Ice Cream,restaurant,amenity,Food & drink,amenity=restaurant,519 Upper Sherman Avenue,Hamilton,,,,,,,43.23207,-79.846987,3.394,no_website,,no,,,,,,,,
way/255488128,way,Sago Travel,travel_agency,shop,Retail shops,shop=travel_agency,521 Upper Sherman Avenue,Hamilton,,,,,,,43.2320191,-79.8470076,3.397,no_website,,no,,,,,,,,
way/255491133,way,Star Pizza,restaurant,amenity,Food & drink,amenity=restaurant,667 Fennell Avenue East,Hamilton,,,+1-905-387-3700,,,,43.2307045,-79.8494999,3.397,no_website,,no,,,,,,,,
node/3650935228,node,Niva Pizza & Wings,fast_food,amenity,Food & drink,amenity=fast_food,,,,,+1-905-544-4544,,,,43.2548731,-79.8309054,3.4,no_website,,no,,,,,,,,
way/255488127,way,Absolute Soccer,sports,shop,Retail shops,shop=sports,523 Upper Sherman Avenue,Hamilton,,,,,,,43.2319533,-79.8470376,3.402,no_website,,no,,,,,,,,
way/255491132,way,Parsa,restaurant,amenity,Food & drink,amenity=restaurant,669 Fennell Avenue East,Hamilton,,,+1-905-387-1941,,,,43.2306882,-79.8494329,3.402,no_website,,no,,,,,,,,
way/836538827,way,Remedy'sRx,pharmacy,healthcare,Health & clinics,healthcare=pharmacy,908 Garth Street,,,L9C 4L2,,,,,43.233386,-79.901019,3.402,no_website,,no,,,,,,,,
way/255488126,way,Cutting Edge Studio,beauty,shop,Salons & barbers,shop=beauty,525 Upper Sherman Avenue,Hamilton,,,+1-905-574-4441,,,,43.2318917,-79.8470653,3.406,no_website,,no,,,,,,,,
node/4069895609,node,Gageview Fries,fast_food,amenity,Food & drink,amenity=fast_food,,,,,,,,,43.2457314,-79.8332652,3.407,no_website,,no,,,,,,,,
way/255491131,way,Hue Nails and Spa,beauty,shop,Salons & barbers,shop=beauty,675 Fennell Avenue East,Hamilton,,,,,,,43.2306661,-79.8493389,3.408,no_website,,no,,,,,,,,
way/255488125,way,Mahal,restaurant,amenity,Food & drink,amenity=restaurant,527 Upper Sherman Avenue,Hamilton,,,+1-905-777-0077,,,,43.2318447,-79.847087,3.409,no_website,,no,,,,,,,,
node/8951507341,node,Hamilton Public Health Clinic,clinic,healthcare,Health & clinics,healthcare=clinic,,,,,,,,,43.2261024,-79.8819457,3.414,no_website,,no,,,,,,,,
way/258032485,way,McDonald's,fast_food,amenity,Food & drink,amenity=fast_food,,,,,,,,,43.2554298,-79.8306642,3.418,no_website,,no,,,,,,,,
node/7237733947,node,Quesada,fast_food,amenity,Food & drink,amenity=fast_food,,,,,,,,,43.2260637,-79.8819517,3.418,no_website,,no,,,,,,,,
node/3650935227,node,Big Bee,convenience,shop,Retail shops,shop=convenience,,,,,,,,24/7,43.2548347,-79.8306569,3.42,no_website,,no,,,,,,,,
way/265528131,way,Alternative Auto inc.,car,shop,Auto services,shop=car,,,,,+1-905-538-2308,,,,43.2358842,-79.8409891,3.421,no_website,,no,,,,,,,,
way/270247897,way,Tim Hortons,cafe,amenity,Food & drink,amenity=cafe,,,,,,,,,43.2262496,-79.8832445,3.422,no_website,,no,,,,,,,,
node/8951507342,node,Classy Nails,beauty,shop,Salons & barbers,shop=beauty,,,,,,,,,43.225996,-79.8820072,3.426,no_website,,no,,,,,,,,
node/3630245093,node,Infant Jesus Kindergarten and Nursery,kindergarten,amenity,Services,amenity=kindergarten,,,,,,,,,43.2298708,-79.8950997,3.426,no_website,,no,,,,,,,,
way/320906450,way,Tim Hortons,cafe,amenity,Food & drink,amenity=cafe,,,,,,,,,43.2649323,-79.8322848,3.43,no_website,,no,,,,,,,,
node/7824180303,node,Fennel Variety,convenience,shop,Retail shops,shop=convenience,Fennell Avenue East,Hamilton,,,,,,,43.2302865,-79.849539,3.434,no_website,,no,,,,,,,,
way/449472013,way,Delux Paints,paint,shop,Retail shops,shop=paint,,,,,,,,,43.2260943,-79.8834481,3.443,no_website,,no,,,,,,,,
node/7237733948,node,Pho #7,restaurant,amenity,Food & drink,amenity=restaurant,,,,,,,,,43.2258131,-79.8820717,3.447,no_website,,no,,,,,,,,
node/7237733949,node,H&R Block,tax_advisor,office,Professional services,office=tax_advisor,,,,,,,,,43.2257335,-79.8821022,3.456,no_website,,no,,,,,,,,
node/3033896472,node,Home Hardware,hardware,shop,Retail shops,shop=hardware,,,,,,,https://www.homehardware.ca/en/store/15445,,43.2552556,-79.830094,3.464,has_website,,no,,"not checked (beyond --max-checks, or --no-health)",,,,,,
way/837648656,way,Mountain (Dave Andreychuk) Arena,sports_centre,leisure,Fitness & leisure,leisure=sports_centre,25 Hester Street,Hamilton,,,,,,,43.2255237,-79.8812247,3.465,no_website,,no,,,,,,,,
way/449472006,way,Original Shawarma,fast_food,amenity,Food & drink,amenity=fast_food,891 Upper James Street,Hamilton,,L9C 3A3,+1-437-669-9055,,http://hamilton.originalshawarma.ca,Mo-Su 12:00-23:00,43.2256975,-79.8824946,3.467,has_website,,no,,"not checked (beyond --max-checks, or --no-health)",,,,,,
way/184303905,way,Speedy Glass,car_repair,shop,Auto services,shop=car_repair,Upper Sherman Avenue,Hamilton,,,,,,,43.2304705,-79.8484342,3.467,no_website,,no,,,,,,,,
way/183386596,way,Petro-Canada,convenience,shop,Retail shops,shop=convenience,,,,,,,,,43.2258259,-79.8834873,3.473,no_website,,no,,,,,,,,
way/255491129,way,Fennel Submarines,restaurant,amenity,Food & drink,amenity=restaurant,Fennell Avenue East,Hamilton,,,,,,,43.2301073,-79.8490199,3.474,no_website,,no,,,,,,,,
node/8127105660,node,Tim Hortons,cafe,amenity,Food & drink,amenity=cafe,917 Upper James Street,,,,,,,,43.2255678,-79.8826043,3.483,no_website,,no,,,,,,,,
way/183386607,way,Circle K,convenience,shop,Retail shops,shop=convenience,917 Upper James Street,,,,,,https://www.circlek.com/store-locator/CA/hamilton/917-upper-james-st/0852715,,43.2255528,-79.8825366,3.484,has_website,,no,,"not checked (beyond --max-checks, or --no-health)",,,,,,
way/265528133,way,City Convenience,convenience,shop,Retail shops,shop=convenience,,,,,,,,,43.2357056,-79.8401073,3.489,no_website,,no,,,,,,,,
way/321935811,way,Tim Hortons,cafe,amenity,Food & drink,amenity=cafe,,,,,,,,,43.2551844,-79.8296774,3.498,no_website,,no,,,,,,,,
way/320906323,way,O'Sullivan Auto Collision,car_repair,shop,Auto services,shop=car_repair,776 Burlington Street East,,,,+1 905 545 0766,,,,43.2646529,-79.8311329,3.511,no_website,,no,,,,,,,,
way/270247896,way,Esso,car_wash,amenity,Services,amenity=car_wash,,,,,,,,,43.2251818,-79.8821204,3.517,no_website,,no,,,,,,,,
way/184303904,way,Active Green + Ross,car_repair,shop,Auto services,shop=car_repair,Fennell Avenue East,Hamilton,,,,,,,43.2302588,-79.847525,3.529,no_website,,no,,,,,,,,
way/97931601,way,Jimmy Thompson Memorial Pool,sports_centre,leisure,Fitness & leisure,leisure=sports_centre,,,,,,,,,43.2494079,-79.8302585,3.529,no_website,,no,,,,,,,,
way/761353689,way,Bernie Morelli Recreation Centre,sports_centre,leisure,Fitness & leisure,leisure=sports_centre,876 Cannon Street East,Hamilton,Ontario,L8L 0C6,,,https://www.hamilton.ca/recreation/recreation-centres-indoor-pools,,43.2499425,-79.8300967,3.53,has_website,,no,,"not checked (beyond --max-checks, or --no-health)",,,,,,
node/4069895614,node,MacKinnon Hair Design,hairdresser,shop,Salons & barbers,shop=hairdresser,,,,,,,,,43.2453856,-79.8317515,3.535,no_website,,no,,,,,,,,
node/3650952104,node,Tim Hortons,cafe,amenity,Food & drink,amenity=cafe,,,,,,,,,43.2550774,-79.8291772,3.539,no_website,,no,,,,,,,,
node/3650952103,node,Valueway,convenience,shop,Retail shops,shop=convenience,,,,,,,,,43.2550496,-79.8291104,3.545,no_website,,no,,,,,,,,
way/837179590,way,Westmount Recreation Centre,sports_centre,leisure,Fitness & leisure,leisure=sports_centre,35 Lynbrook Drive,,,L9C 2K6,+1-905-546-3747,,https://www.hamilton.ca/recreation,"Mo, We, Fr 06:30-20:30; Sa 08:00-15:45; Su 08:30-17:30; Tu, Th 08:00-20:30",43.2282869,-79.8943397,3.547,has_website,,no,,"not checked (beyond --max-checks, or --no-health)",,,,,,
node/10110295417,node,Tiger-Cats | Forge FC Shop,sports,shop,Retail shops,shop=sports,,Hamilton,,,,,,,43.2513044,-79.8295415,3.548,no_website,,no,,,,,,,,
node/13712898801,node,SK Hair Salon,hairdresser,shop,Salons & barbers,shop=hairdresser,945 Garth Street,,,L9C 4L3,+1-905-389-4946,,https://www.skhairsalon.ca/,,43.2317273,-79.9012046,3.55,has_website,,no,,"not checked (beyond --max-checks, or --no-health)",,,,,,
node/7817984929,node,PC Landscaping Inc.,gardener,craft,Trades & contractors,craft=gardener,,,,,,,,,43.2645169,-79.8305118,3.555,no_website,,no,,,,,,,,
node/13712898201,node,The Lovely Lashed,beauty,shop,Salons & barbers,shop=beauty,951 Garth Street,,,L9C 4L3,+1-905-920-5466,thelovelylashed@gmail.com,https://www.thelovelylashed.com/,Mo-Th 09:00-21:30; Fr-Su 09:30-21:30,43.2316097,-79.9012465,3.562,has_website,,no,,"not checked (beyond --max-checks, or --no-health)",,,,,,
way/184304122,way,Speedy Total Car Care,car_repair,shop,Auto services,shop=car_repair,,,,,,,,,43.2296954,-79.8478367,3.566,no_website,,no,,,,,,,,
way/321935812,way,Self Serve Car Wash,car_wash,amenity,Services,amenity=car_wash,,,,,,,,,43.2554909,-79.8287872,3.57,no_website,,no,,,,,,,,
node/4069895620,node,Solutions Centre,tax_advisor,office,Professional services,office=tax_advisor,,,,,,,,,43.2452271,-79.831339,3.573,no_website,,no,,,,,,,,
way/259698129,way,Ivor Wynne Centre,sports_centre,leisure,Fitness & leisure,leisure=sports_centre,,,,,,,,,43.2655233,-79.915103,3.578,no_website,,no,,,,,,,,
way/183411915,way,Mohawk Ford,car,shop,Auto services,shop=car,,,,,,,,,43.2249227,-79.883916,3.578,no_website,,no,,,,,,,,
way/321935813,way,Washworx,car_wash,amenity,Services,amenity=car_wash,,,,,,,,,43.2551544,-79.8286928,3.578,no_website,,no,,,,,,,,
way/266178996,way,Rose's Garden Center,garden_centre,shop,Retail shops,shop=garden_centre,,,,,,,,,43.2299693,-79.8469734,3.581,no_website,,no,,,,,,,,
way/266178998,way,Computer & Satellite,computer,shop,Retail shops,shop=computer,,,,,+1-905-528-0359,,,,43.2300163,-79.846865,3.582,no_website,,no,,,,,,,,
node/3633967892,node,Mountain Decor - Benjamin Moore,paint,shop,Retail shops,shop=paint,438 Mohawk Road West,,,L9C 1X2,+1 905 574 2434,info@mountaindecor.ca,https://www.mountaindecor.ca,Mo-Fr 07:00-18:00; Sa 09:00-17:00; Su 10:00-16:00,43.2314472,-79.9013881,3.584,has_website,,no,,"not checked (beyond --max-checks, or --no-health)",,,,,,
way/184303902,way,Sports Swappers,sports,shop,Retail shops,shop=sports,828 Fennell Avenue East,Hamilton,,,,,,,43.2296216,-79.8475572,3.586,no_website,,no,,,,,,,,
way/183386600,way,A&W,fast_food,amenity,Food & drink,amenity=fast_food,931 Upper James Street,Hamilton,ON,,+1-289-426-1980,,https://web.aw.ca/en/locations/4574/hamilton/hamilton,24/7,43.224663,-79.8829017,3.587,has_website,,no,,"not checked (beyond --max-checks, or --no-health)",,,,,,
way/320907810,way,Auto Parts International,car_parts,shop,Auto services,shop=car_parts,,,,,,,,,43.2645099,-79.8300976,3.587,no_website,,no,,,,,,,,
way/309114369,way,Westmount Auto Service Centre,car_repair,shop,Auto services,shop=car_repair,440 Mohawk Road West,Hamilton,ON,L9C 1X4,+1-289-755-3999,service@westmountauto.ca,https://westmountauto.ca/,Mo-Fr 08:00-17:00,43.2317257,-79.9020151,3.593,has_website,,no,,"not checked (beyond --max-checks, or --no-health)",,,,,,
node/3671035740,node,Daleo Motors,car,shop,Auto services,shop=car,,,,,,,http://www.daleomotors.ca/,,43.2542032,-79.8285511,3.594,has_website,,no,,"not checked (beyond --max-checks, or --no-health)",,,,,,
node/2811491502,node,Subway,fast_food,amenity,Food & drink,amenity=fast_food,,,,,,,,,43.2546926,-79.8284935,3.596,no_website,,no,,,,,,,,
way/255491128,way,Dairy Queen,fast_food,amenity,Food & drink,amenity=fast_food,Fennell Avenue East,Hamilton,,,,,,,43.2296429,-79.8472161,3.599,no_website,,no,,,,,,,,
node/3981038764,node,Any Stylez Ink,tattoo,shop,Salons & barbers,shop=tattoo,,,,,,,,,43.2487578,-79.8295551,3.6,no_website,,no,,,,,,,,
node/13261987601,node,Coven Vegan Market,bakery,shop,Retail shops,shop=bakery,949 Main Street East,,,L8M 1M9,+1-289-389-0666,,https://www.covenmarket.com/,Mo-Su 10:00-19:00,43.2454208,-79.8308678,3.601,has_website,,no,,"not checked (beyond --max-checks, or --no-health)",,,,,,
node/2651471152,node,Cafe One,cafe,amenity,Food & drink,amenity=cafe,,,,,,,,,43.2613734,-79.916746,3.602,no_website,,no,,,,,,,,
node/8140447478,node,Samy's Drug Mart,pharmacy,healthcare,Health & clinics,healthcare=pharmacy,,,,,,,,,43.2546711,-79.8284251,3.602,no_website,,no,,,,,,,,
node/3671022372,node,Family Practice Clinic,doctor,healthcare,Health & clinics,healthcare=doctor,,,,,,,,,43.2546432,-79.8283551,3.608,no_website,,no,,,,,,,,
way/311864571,way,Active Green + Ross,car_repair,shop,Auto services,shop=car_repair,,,,,,,,,43.2575216,-79.9174175,3.612,no_website,,no,,,,,,,,
way/1227664529,way,Alpine Tower,sports_centre,leisure,Fitness & leisure,leisure=sports_centre,,,,,,,,,43.2682141,-79.9144946,3.631,no_website,,no,,,,,,,,
node/6176422358,node,Active Air Inc,hvac,craft,Trades & contractors,craft=hvac,968 Main Street East,Hamilton,,L8M 1M8,+1-905-312-8545,,http://activeairinc.com,"Mo-Fr 09:00-17:00, Sa 10:00-17:00",43.2450222,-79.8306619,3.632,has_website,,no,,"not checked (beyond --max-checks, or --no-health)",,,,,,
node/2651471629,node,Williams Fresh Cafe @ HSC [1st Floor],cafe,amenity,Food & drink,amenity=cafe,,,,,,,,,43.259995,-79.9174777,3.639,no_website,,no,,,,,,,,
node/8127105662,node,Red Hill Orthodontics,dentist,healthcare,Health & clinics,healthcare=dentist,,,,,,,,,43.2243131,-79.8840232,3.646,no_website,,no,,,,,,,,
node/3981038780,node,Signature,car_repair,shop,Auto services,shop=car_repair,,,,,,,,,43.2484956,-79.829048,3.647,no_website,,no,,,,,,,,
node/9063474986,node,PC Repair Center,electronics_repair,craft,Trades & contractors,craft=electronics_repair,1309 Main Street West,Hamilton,ON,L8S 1C5,+1 905-777-9797,,https://www.hamiltonpcrepairs.com/,Mo-Fr 10:00-19:00; Sa 10:00-18:00,43.2573544,-79.9178917,3.65,has_website,,no,,"not checked (beyond --max-checks, or --no-health)",,,,,,
node/4040325840,node,Williams Fresh Cafe,cafe,amenity,Food & drink,amenity=cafe,1309 Main Street West,Hamilton,Ontario,L8S 1C5,+1-905-528-5144,williamscafestore104@gmail.com,,Mo-Fr 08:30-21:30; Sa-Su 08:30-20:00,43.2574877,-79.9178923,3.65,no_website,,no,,,,,,,,
way/183411932,way,Active Green + Ross,car_repair,shop,Auto services,shop=car_repair,,,,,,,,,43.2240648,-79.8831468,3.656,no_website,,no,,,,,,,,
way/183246580,way,David Braley Athletic Centre,sports_centre,leisure,Fitness & leisure,leisure=sports_centre,,,,,,,,,43.2650972,-79.9162741,3.656,no_website,,no,,,,,,,,
node/7237691292,node,Westdale Pharmacy,pharmacy,healthcare,Health & clinics,healthcare=pharmacy,1309 Main Street West,Hamilton,ON,L8S 1C5,+1-905-528-5144,,,Mo-Th 09:00-18:00; Fr 09:00-15:00; Sa 10:00-14:00,43.2573024,-79.9179851,3.657,no_website,,no,,,,,,,,
node/9063474987,node,Pita N More,fast_food,amenity,Food & drink,amenity=fast_food,1309 Main Street West,Hamilton,ON,L8S 1C5,+1 289-389-4555,,,Mo-Th 11:00-02:00; Fr 11:00-03:00; Sa 12:00-03:00; Su 12:00-02:00,43.257302,-79.9180422,3.662,no_website,,no,,,,,,,,
node/3979032256,node,Big Bear Convenience,convenience,shop,Retail shops,shop=convenience,,,,,,,,Mo-Su 00:00-00:00,43.2478885,-79.8290323,3.664,no_website,,no,,,,,,,,
node/13797305502,node,Golden Tenders,restaurant,amenity,Food & drink,amenity=restaurant,1150 King Street East,,,L8M 1E8,+1-365-366-8108,,https://www.goldentenders.com/,,43.2477968,-79.8290596,3.665,has_website,,no,,"not checked (beyond --max-checks, or --no-health)",,,,,,
node/13624053301,node,Phoenicia Food Express,fast_food,amenity,Food & drink,amenity=fast_food,439 Mohawk Road West,,,,+1-905-318-6126,,https://phoeniciafoodexpress.ca/,"Tu, Th-Fr 11:00-21:30; Mo, Sa 11:00-21:00; Su 12:00-21:00",43.2310387,-79.9022736,3.665,has_website,,no,,"not checked (beyond --max-checks, or --no-health)",,,,,,
node/1636173266,node,Easterbrooks,fast_food,amenity,Food & drink,amenity=fast_food,694 Spring Gardens Road,Burlington,On,,+1-905-527-9679,,https://easterbrooks.ca/,,43.2890411,-79.8747563,3.668,has_website,,no,,"not checked (beyond --max-checks, or --no-health)",,,,,,
node/7237691291,node,The Arch Noodle House,restaurant,amenity,Food & drink,amenity=restaurant,1309 Main Street West,Hamilton,ON,L8S 1C5,+1 905-525-8088,,,Mo-Su 11:00-22:30,43.2573008,-79.9181155,3.668,no_website,,no,,,,,,,,
node/13623752001,node,On the Run,convenience,shop,Retail shops,shop=convenience,439 Mohawk Road West,,,L9C 1X3,,,https://journie.ca/on-the-run-ca/on-en,24/7,43.2310685,-79.9024213,3.67,has_website,,no,,"not checked (beyond --max-checks, or --no-health)",,,,,,
node/3630243378,node,Pizza Pizza,fast_food,amenity,Food & drink,amenity=fast_food,958 Garth Street,,,L9C 4L4,+1-905-527-1111,,https://www.pizzapizza.ca/,Fr-Sa 11:00-03:00; Su-Th 11:00-02:00,43.2308794,-79.9021268,3.671,has_website,,no,,"not checked (beyond --max-checks, or --no-health)",,,,,,
node/8099204952,node,Gage Market,convenience,shop,Retail shops,shop=convenience,,,,,,,,,43.2451814,-79.8300171,3.675,no_website,,no,,,,,,,,
node/8099204950,node,Taste of Poland,fast_food,amenity,Food & drink,amenity=fast_food,1145 King Street East,,,,+1-905-297-9375,,https://www.tasteofpolandhamilton.com/,,43.2482569,-79.8287717,3.675,has_website,,no,,"not checked (beyond --max-checks, or --no-health)",,,,,,
node/4040325841,node,Yogurty's,ice_cream,amenity,Food & drink,amenity=ice_cream,1309 Main Street West,Hamilton,ON,L8S 1C5,,,,,43.2573002,-79.9182165,3.676,no_website,,no,,,,,,,,
node/3981038826,node,AIPS,lawyer,office,Professional services,office=lawyer,,,,,,,,,43.2482145,-79.8287104,3.681,no_website,,no,,,,,,,,
way/449472397,way,Hamilton Animal Clinic,veterinary,amenity,Services,amenity=veterinary,,,,,,,,,43.2240046,-79.8840936,3.681,no_website,,no,,,,,,,,
node/7237691290,node,Gino's Pizza,fast_food,amenity,Food & drink,amenity=fast_food,1309 Main Street West,Hamilton,ON,L8S 1C5,+1 905-525-4444,,https://www.ginospizza.ca/,Mo-Th 11:00-01:00; Fr-Sa 11:00-02:00; Su 12:00-23:00,43.2572983,-79.9183039,3.683,has_website,,no,,"not checked (beyond --max-checks, or --no-health)",,,,,,
node/2651471632,node,Williams Fresh Cafe @ HSC [2nd Floor],cafe,amenity,Food & drink,amenity=cafe,,,,,,,,,43.2598713,-79.9180799,3.686,no_website,,no,,,,,,,,
node/13629770611,node,Gentz & Trendz,hairdresser,shop,Salons & barbers,shop=hairdresser,966 Garth Street,Hamilton,ON,L9C 4L4,+1 289-674-8281,gentsandtrendz@gmail.com,https://www.gentsandtrendz.com/,"Th-Fr 10:00-19:00; We, Sa 10:00-18:00; Su 11:00-16:00; Mo 11:00-18:00",43.2307481,-79.9022598,3.689,has_website,,no,,"not checked (beyond --max-checks, or --no-health)",,,,,,
node/12530215883,node,Pulse Fitness Centre,fitness_centre,leisure,Fitness & leisure,leisure=fitness_centre,,,,,,,https://rec.mcmaster.ca/facilities/pulse-fitness-centre,"Mo-Fr 06:00-00:30, Sa-Su 08:30-22:30",43.2652244,-79.9166529,3.689,has_website,,no,,"not checked (beyond --max-checks, or --no-health)",,,,,,
way/874467374,way,KFC,fast_food,amenity,Food & drink,amenity=fast_food,,,,,,,,,43.2539666,-79.8273365,3.694,no_website,,no,,,,,,,,
node/2651471554,node,La Piazza,food_court,amenity,Food & drink,amenity=food_court,,,,,,,,Mo-Th 08:00-19:30; Fr 08:00-16:30,43.2635873,-79.9173517,3.698,no_website,,no,,,,,,,,
node/9538805973,node,Chatime,cafe,amenity,Food & drink,amenity=cafe,,,,,,,,"Mo-Th 12:00-21:00; Fr 12:00-19:00; Sa,Su 13:00-19:00",43.2637527,-79.9173148,3.7,no_website,,no,,,,,,,,
node/2651471558,node,Pharmasave,pharmacy,healthcare,Health & clinics,healthcare=pharmacy,,,,,,,,,43.2636696,-79.9173764,3.702,no_website,,no,,,,,,,,
node/2651471164,node,Campus Dentist,dentist,healthcare,Health & clinics,healthcare=dentist,,,,,,,,,43.263705,-79.9173755,3.703,no_website,,no,,,,,,,,
way/449472092,way,Hakim Optical,optician,shop,Retail shops,shop=optician,,,,,,,,,43.2236738,-79.8833924,3.703,no_website,,no,,,,,,,,
node/2651471562,node,Teriyaki Experience,fast_food,amenity,Food & drink,amenity=fast_food,,,,,,,,,43.2635393,-79.9174238,3.703,no_website,,no,,,,,,,,
node/2651471624,node,Union Market,convenience,shop,Retail shops,shop=convenience,,,,,,,,,43.2637496,-79.9173874,3.705,no_website,,no,,,,,,,,
node/8124855890,node,End Pocket Billiards,pub,amenity,Food & drink,amenity=pub,,,,,,,,,43.2238205,-79.8843558,3.706,no_website,,no,,,,,,,,
node/12530215884,node,Feather Family Climbing Gym,sports_centre,leisure,Fitness & leisure,leisure=sports_centre,,,,,,,https://rec.mcmaster.ca/facilities/feather-family-climbing-gym,Tu-Fr 14:00-23:00; Su 16:00-22:00,43.2652687,-79.916892,3.709,has_website,,no,,"not checked (beyond --max-checks, or --no-health)",,,,,,
node/4040325836,node,Sushi Shop,fast_food,amenity,Food & drink,amenity=fast_food,1331 Main Street West,Hamilton,ON,L8S 1C6,,,,,43.2575563,-79.918624,3.71,no_website,,no,,,,,,,,
node/7237733952,node,First Choice Haircutters,hairdresser,shop,Salons & barbers,shop=hairdresser,,,,,,,,,43.2237717,-79.8843188,3.711,no_website,,no,,,,,,,,
node/7237733951,node,Charlie's Chopsticks,restaurant,amenity,Food & drink,amenity=restaurant,,,,,,,,,43.223724,-79.884335,3.716,no_website,,no,,,,,,,,
node/9039358929,node,Quik Chik,fast_food,amenity,Food & drink,amenity=fast_food,1331 Main Street West,Hamilton,ON,L8S 1C6,+1 905-528-0608,,https://quikchik.ca/,Mo-Su 11:00-23:00,43.2575758,-79.918706,3.717,has_website,,no,,"not checked (beyond --max-checks, or --no-health)",,,,,,
node/2651471138,node,Booster Juice,fast_food,amenity,Food & drink,amenity=fast_food,,,,,,,,,43.2636294,-79.9176093,3.72,no_website,,no,,,,,,,,
node/7237733950,node,La Spaghett Pasta House,restaurant,amenity,Food & drink,amenity=restaurant,,,,,,,,,43.2236814,-79.8843564,3.721,no_website,,no,,,,,,,,
node/2651471617,node,Tim Hortons,cafe,amenity,Food & drink,amenity=cafe,,,,,,,,"Mo-Th 08:00-21:00; Fr 08:00-20:00; Sa 08:00-15:00; PH,Su off",43.2635779,-79.9176399,3.721,no_website,,no,,,,,,,,
node/7237691289,node,Subway,fast_food,amenity,Food & drink,amenity=fast_food,"1331 Main Street West, Unit Unit 3",Hamilton,ON,L8S 1C6,+1 905-522-7827,,https://restaurants.subway.com/canada/on/hamilton/1331-main-street-west,24/7,43.2575734,-79.9187855,3.723,has_website,,no,,"not checked (beyond --max-checks, or --no-health)",,,,,,
way/404717733,way,Gage St Diner,restaurant,amenity,Food & drink,amenity=restaurant,975 Main Street East,Hamilton,,,,,,,43.2450552,-79.8293853,3.728,no_website,,no,,,,,,,,
way/183411922,way,Designer Furniture Gallery,furniture,shop,Retail shops,shop=furniture,,,,,,,,,43.2234146,-79.8832845,3.729,no_website,,no,,,,,,,,
node/7152394250,node,Pinks Burgers,restaurant,amenity,Food & drink,amenity=restaurant,1335 Main Street West,Hamilton,,L8S 1C6,+1-905-317-4657,,,Mo-Su 11:00-24:00,43.2575706,-79.9188709,3.73,no_website,,no,,,,,,,,
node/4360276910,node,TwelvEighty Bar & Grill,bar,amenity,Food & drink,amenity=bar,,,,,,,,"Mo,Fr 11:30-16:00; Tu-Th 11:30-20:00",43.2638616,-79.9176772,3.731,no_website,,no,,,,,,,,
node/8099204948,node,Papa Pauly's Pizza,fast_food,amenity,Food & drink,amenity=fast_food,997 Cannon Street East,,,L8L2H4,+1 905 544 4224,,https://zehraturkishcuisine.ca/,Su 12:00-21:00; Mo 11:00-21:00; Tu 11:00-21:00; We 11:00-21:00; Th 11:00-02:00; Fr 11:00-02:00; Sa 12:00-02:00,43.2500597,-79.8275252,3.732,has_website,,no,,"not checked (beyond --max-checks, or --no-health)",,,,,,
node/9063474988,node,Quesada,fast_food,amenity,Food & drink,amenity=fast_food,,,,,,,,,43.257561,-79.9189382,3.735,no_website,,no,,,,,,,,
node/14005179701,node,Beauty Envy,beauty,shop,Salons & barbers,shop=beauty,,,,,,,,,43.2233677,-79.8622948,3.737,no_website,,no,,,,,,,,
node/8099204947,node,Connor's Variety,convenience,shop,Retail shops,shop=convenience,,,,,,,,,43.250004,-79.8274179,3.742,no_website,,no,,,,,,,,
node/3979032254,node,Ab Travel,travel_agency,shop,Retail shops,shop=travel_agency,,,,,+1-905-545-2455,,,,43.2478151,-79.8280099,3.747,no_website,,no,,,,,,,,
way/266063728,way,Pizza Pizza,fast_food,amenity,Food & drink,amenity=fast_food,,,,,,,,,43.2233743,-79.8615449,3.75,no_website,,no,,,,,,,,
way/158308845,way,Turkstra Lumber,doityourself,shop,Retail shops,shop=doityourself,,,,,,,,,43.2223682,-79.8745337,3.751,no_website,,no,,,,,,,,
way/255085881,way,Pioneer Car Wash,car_wash,amenity,Services,amenity=car_wash,,,,,,,,,43.234821,-79.836842,3.755,no_website,,no,,,,,,,,
node/2811493201,node,Dollarama,variety_store,shop,Retail shops,shop=variety_store,,,,,,,,,43.2547301,-79.8265,3.757,no_website,,no,,,,,,,,
node/2651471580,node,Shoppers Drug Mart,pharmacy,healthcare,Health & clinics,healthcare=pharmacy,1341 Main Street West,Hamilton,,L8S 1C6,,,https://www.shoppersdrugmart.ca/en/store-locator/store/1460,,43.2574388,-79.9192838,3.763,has_website,,no,,"not checked (beyond --max-checks, or --no-health)",,,,,,
way/183411926,way,Beech Motor Works,car,shop,Auto services,shop=car,,,,,,,,,43.223286,-79.8844833,3.766,no_website,,no,,,,,,,,
node/2651471593,node,Starbucks,cafe,amenity,Food & drink,amenity=cafe,,,,,,,,Mo-Th 08:00-20:00; Fr 08:00-16:30,43.2631575,-79.9183496,3.767,no_website,,no,,,,,,,,
way/183411923,way,PartSource,car_parts,shop,Auto services,shop=car_parts,,,,,,,,,43.2230497,-79.8834739,3.772,no_website,,no,,,,,,,,
node/1928469523,node,Starbucks,cafe,amenity,Food & drink,amenity=cafe,1341 Main Street West,Hamilton,,L8S 1C6,+1 905-521-0617,,https://www.starbucks.ca/store-locator/store/89037,Mo-Fr 06:00-21:00; Sa-Su 07:00-20:00,43.2575644,-79.9193875,3.772,has_website,,no,,"not checked (beyond --max-checks, or --no-health)",,,,,,
node/12879440276,node,King Toys,toys,shop,Retail shops,shop=toys,,,,,,,,,43.2900779,-79.8733539,3.781,no_website,,no,,,,,,,,
node/9063474991,node,Willy Dog,fast_food,amenity,Food & drink,amenity=fast_food,,,,,,,,,43.26294,-79.9185954,3.781,no_website,,no,,,,,,,,
node/2651471169,node,Campus Store,books,shop,Retail shops,shop=books,,,,,,,https://campusstore.mcmaster.ca,Mo-Th 09:00-17:00; Fr 09:00-16:00; Sa-Su off,43.2631809,-79.9185755,3.785,has_website,,no,,"not checked (beyond --max-checks, or --no-health)",,,,,,
node/11897587010,node,Second Cup,cafe,amenity,Food & drink,amenity=cafe,,,,,,,,,43.2656692,-79.9178388,3.795,no_website,,no,,,,,,,,
node/11897587009,node,The Chopped Leaf,restaurant,amenity,Food & drink,amenity=restaurant,,,,,,,,,43.2657074,-79.9179429,3.805,no_website,,no,,,,,,,,
node/2811494201,node,Welcome Mart,convenience,shop,Retail shops,shop=convenience,,,,,,,,,43.2535311,-79.8258672,3.816,no_website,,no,,,,,,,,
way/263536633,way,H. Williams Jewellery,jewelry,shop,Retail shops,shop=jewelry,,,,,,,,,43.2227849,-79.8847009,3.825,no_website,,no,,,,,,,,
node/8140447483,node,Adam's Air Systems,hvac,craft,Trades & contractors,craft=hvac,,,,,,,,,43.2538892,-79.8256939,3.827,no_website,,no,,,,,,,,
node/2651471191,node,E-Cafe,cafe,amenity,Food & drink,amenity=cafe,,,,,,,,,43.2583057,-79.9200357,3.829,no_website,,no,,,,,,,,
node/11885300731,node,Booster Juice,fast_food,amenity,Food & drink,amenity=fast_food,,,,,,,,,43.2583085,-79.9200583,3.83,no_website,,no,,,,,,,,
node/9254893694,node,Student Wellness Centre,clinic,healthcare,Health & clinics,healthcare=clinic,,,,,+1 905 525 9140 ext. 27700,,,"Mo-Th 09:00-19:30; Fr 09:00-12:30,13:30-16:30",43.265446,-79.918406,3.833,no_website,,no,,,,,,,,
node/4567135856,node,Rexall,pharmacy,healthcare,Health & clinics,healthcare=pharmacy,640 Mohawk Road West,Hamilton,,L9C 1X6,+1-905-389-6211,1743rx@rexall.ca,https://www.rexall.ca/storelocator/store/1743,Mo-Sa 09:00-21:00; Su 09:00-18:00,43.2334662,-79.9086134,3.835,has_website,,no,,"not checked (beyond --max-checks, or --no-health)",,,,,,
node/8124855891,node,Mike's Submarines,fast_food,amenity,Food & drink,amenity=fast_food,,,,,,,,,43.2226644,-79.8847877,3.839,no_website,,no,,,,,,,,
way/183386602,way,Upper James Toyota,car,shop,Auto services,shop=car,,,,,,,,,43.2224323,-79.8836489,3.842,no_website,,no,,,,,,,,
node/13785060602,node,Pro-Master Auto-Detailing and Ceramic Coating,car_repair,shop,Auto services,shop=car_repair,,,,,+1-905-870-2227,,,,43.2328638,-79.8375525,3.853,no_website,,no,,,,,,,,
node/8124855892,node,Alexanian,carpet,shop,Retail shops,shop=carpet,,,,,,,,,43.2225051,-79.8848869,3.858,no_website,,no,,,,,,,,
node/4567135857,node,Dollarama,variety_store,shop,Retail shops,shop=variety_store,,,,,,,,Mo-Fr 09:00-21:00; Sa 09:00-18:00; Su 09:00-17:00,43.2336655,-79.9092867,3.862,no_website,,no,,,,,,,,
node/2651471549,node,IAHS Cafe,cafe,amenity,Food & drink,amenity=cafe,,,,,,,https://hospitality.mcmaster.ca/locations/our-locations/iahs-cafe-menu/,"Mo-Th 08:00-17:30; Fr 08:00-16:00; Sa,Su,PH off",43.2597654,-79.9202877,3.863,has_website,,no,,"not checked (beyond --max-checks, or --no-health)",,,,,,
node/4567135855,node,KFC,fast_food,amenity,Food & drink,amenity=fast_food,580 Mohawk Road West,,,L9C 1X9,+1-905-574-6912,,https://www.kfc.ca/restaurants/580-mohawk-road-west/L9C%201X9,Mo-Su 10:30-23:00,43.2334466,-79.9090372,3.863,has_website,,no,,"not checked (beyond --max-checks, or --no-health)",,,,,,
node/13761007702,node,Alanood Auto Inc.,car,shop,Auto services,shop=car,925 Queensdale Avenue East,,,L8V 1N5,+1-437-248-0898,,https://www.alanoodauto.ca/,Mo-Sa 10:30-18:00,43.2328074,-79.8374241,3.865,has_website,,no,,"not checked (beyond --max-checks, or --no-health)",,,,,,
way/395016139,way,Otto's Auto Sales,car,shop,Auto services,shop=car,,,,,,,,,43.2468093,-79.8268191,3.869,no_website,,no,,,,,,,,
node/2651471615,node,Tim Hortons,cafe,amenity,Food & drink,amenity=cafe,,,,,,,,,43.2596524,-79.9204063,3.871,no_website,,no,,,,,,,,
node/13757295479,node,Ingeborg Shoes,shoes,shop,Retail shops,shop=shoes,,,,,,,,,43.2337517,-79.9095781,3.874,no_website,,no,,,,,,,,
node/2651471201,node,Fireball Cafe,cafe,amenity,Food & drink,amenity=cafe,,,,,,,,Mo-Th 07:30-20:00; Fr 07:30-15:00,43.2606049,-79.920404,3.883,no_website,,no,,,,,,,,
node/3785495854,node,Home Hardware,hardware,shop,Retail shops,shop=hardware,632 Mohawk Road West,,,L9C 1X6,+1-905-388-6268,westcliffehh@gmail.com,https://www.homehardware.ca/store/18037,Mo-Fr 09:00-19:00; Sa 09:00-18:00; Su 09:00-17:00,43.2339086,-79.9099472,3.886,has_website,,no,,"not checked (beyond --max-checks, or --no-health)",,,,,,
node/13998552701,node,Cedar Oak Child Care,childcare,amenity,Services,amenity=childcare,,,,,,,,,43.2323654,-79.8374641,3.895,no_website,,no,,,,,,,,
node/640687070,node,Gino's Pizza,fast_food,amenity,Food & drink,amenity=fast_food,640 Mohawk Road West,,,L9C 1X6,+1-866-310-4466,,https://ginospizza.ca/locations/hamilton/0012,"Mo-We,Su 10:30-23:00; Th 10:30-24:00; Fr-Sa 10:30-01:00",43.2334891,-79.9096059,3.895,has_website,,no,,"not checked (beyond --max-checks, or --no-health)",,,,,,
node/2651471183,node,Centro,food_court,amenity,Food & drink,amenity=food_court,,,,,,,,,43.2656096,-79.9191838,3.898,no_website,,no,,,,,,,,
node/8140447485,node,Barton Touchdown Pub,pub,amenity,Food & drink,amenity=pub,,,,,,,,,43.2534487,-79.8248336,3.9,no_website,,no,,,,,,,,
node/13757295478,node,Subway,fast_food,amenity,Food & drink,amenity=fast_food,"580 Mohawk Road West, Unit 31",Hamilton,Ontario,L9C 1X6,+1-905-318-7827,,https://restaurants.subway.com/canada/on/hamilton/580-mohawk-rd-w,Mo-Fr 08:00-22:30; Sa 09:00-22:30; Su 09:00-22:00,43.2337127,-79.9099775,3.902,has_website,,no,,"not checked (beyond --max-checks, or --no-health)",,,,,,
node/12523118239,node,Math Cafe,cafe,amenity,Food & drink,amenity=cafe,,,,,,,,Mo-Th 08:00-15:00; Fr 08:00-14:00,43.2631578,-79.9201762,3.912,no_website,,no,,,,,,,,
node/2651471159,node,Caffeine The Elements,cafe,amenity,Food & drink,amenity=cafe,,,,,,,,Mo-Th 08:00-19:30; Fr 08:00-15:00,43.2622593,-79.9204943,3.918,no_website,,no,,,,,,,,
node/3979032255,node,Auto Mart,car,shop,Auto services,shop=car,,,,,,,,,43.2456794,-79.8265445,3.925,no_website,,no,,,,,,,,
node/13761013301,node,Last Chance Garage,car_repair,shop,Auto services,shop=car_repair,,,,,,,,,43.2325883,-79.8366376,3.928,no_website,,no,,,,,,,,
node/8140447486,node,Hamilton's Transmission Experts,car_repair,shop,Auto services,shop=car_repair,,,,,+1-905-544-8000,,,,43.2537251,-79.8243374,3.938,no_website,,no,,,,,,,,
way/167088524,way,Rose Garden Family Restaurant,restaurant,amenity,Food & drink,amenity=restaurant,1124 Plains Road West,,,,+1 9057771880,,,,43.2911781,-79.88023,3.948,no_website,,no,,,,,,,,
node/13761006001,node,Upper Gage Garage,car_repair,shop,Auto services,shop=car_repair,Upper Gage Avenue,,,,+1-905-389-2362,,,,43.2321126,-79.8368594,3.95,no_website,,no,,,,,,,,
way/836119116,way,West End House,pub,amenity,Food & drink,amenity=pub,151 Emerson Street,,,,+1-289-396-4425,,https://www.facebook.com/westendrestaurant/,,43.2531122,-79.9214961,3.953,social_only,facebook,no,,,,,,,,
node/8140447488,node,Hamilton Medical Walk-in Clinic,clinic,healthcare,Health & clinics,healthcare=clinic,,,,,,,,,43.2532982,-79.8241704,3.955,no_website,,no,,,,,,,,
node/8140447487,node,Arnott's Automotive,car_repair,shop,Auto services,shop=car_repair,,,,,+1-905-543-9665,,,,43.2536381,-79.8241094,3.957,no_website,,no,,,,,,,,
way/860371239,way,Gateway Burlington,convenience,shop,Retail shops,shop=convenience,,,,,,,,,43.2912661,-79.8806426,3.963,no_website,,no,,,,,,,,
node/2804958316,node,Little SaiGon,restaurant,amenity,Food & drink,amenity=restaurant,,,,,,,,,43.2213496,-79.861539,3.969,no_website,,no,,,,,,,,
node/8018683671,node,Tim Hortons,cafe,amenity,Food & drink,amenity=cafe,,,,,,,,,43.2913281,-79.8806101,3.969,no_website,,no,,,,,,,,
way/266071290,way,Tim Hortons,cafe,amenity,Food & drink,amenity=cafe,,,,,,,,,43.2211719,-79.8623138,3.975,no_website,,no,,,,,,,,
node/2804958315,node,Kee2 Collections,sports,shop,Retail shops,shop=sports,,,,,,,,,43.2212919,-79.8613256,3.98,no_website,,no,,,,,,,,
node/2804958313,node,Big Bee,convenience,shop,Retail shops,shop=convenience,,,,,,,,,43.221243,-79.8611173,3.989,no_website,,no,,,,,,,,
way/266063679,way,Krazy Binz,variety_store,shop,Retail shops,shop=variety_store,499 Mohawk Road East,Hamilton,,L8V 4L7,,,,,43.2231174,-79.8534147,3.989,no_website,,no,,,,,,,,
node/2651471575,node,The Phoenix,restaurant,amenity,Food & drink,amenity=restaurant,,,,,,,,Mo-We 11:30-22:00; Th-Fr 11:30-23:00,43.2628857,-79.9212527,3.991,no_website,,no,,,,,,,,
node/2651471144,node,Bridges Cafe,restaurant,amenity,Food & drink,amenity=restaurant,,,,,,,,,43.262817,-79.9213359,3.996,no_website,,no,,,,,,,,
node/7237713594,node,Big B Comics,books,shop,Retail shops,shop=books,1045 Upper James Street,,,L9C 3A6,+1-905-318-9636,hamilton@bigbcomics.com,https://bigbcomics.com/,Mo-Fr 11:00-19:00; Sa 11:00-18:00; Su 11:00-17:00,43.2210317,-79.884481,4.009,has_website,,no,,"not checked (beyond --max-checks, or --no-health)",,,,,,
node/2804958323,node,Panache Hair & Esthetics,hairdresser,shop,Salons & barbers,shop=hairdresser,,,,,+1-905-575-4247,,,,43.2208868,-79.8619253,4.012,no_website,,no,,,,,,,,
node/8140447490,node,Bar84,pub,amenity,Food & drink,amenity=pub,,,,,,,,,43.2533593,-79.8234388,4.014,no_website,,no,,,,,,,,
node/2804958322,node,Crystal Shoes,shoes,shop,Retail shops,shop=shoes,,,,,,,,,43.2208482,-79.8617606,4.019,no_website,,no,,,,,,,,
node/7237713595,node,La Luna Express,fast_food,amenity,Food & drink,amenity=fast_food,1051 Upper James Street,,,,+1 905-538-7565,,https://www.lalunarestaurants.ca/express,,43.2209114,-79.8845173,4.023,has_website,,no,,"not checked (beyond --max-checks, or --no-health)",,,,,,
way/275828152,way,Mark's,clothes,shop,Retail shops,shop=clothes,,,,,+1-905-574-3068,,https://www.marks.com/en/store-details/on/hamilton-limeridge-532.html,Mo-Fr 09:30-21:00; Sa 09:30-18:00; Su 11:00-17:00,43.2204703,-79.8640102,4.024,has_website,,no,,"not checked (beyond --max-checks, or --no-health)",,,,,,
node/4437803273,node,Visitor centre restaurant,restaurant,amenity,Food & drink,amenity=restaurant,,,,,,,,,43.2895191,-79.8918848,4.025,no_website,,no,,,,,,,,
node/8140447491,node,Best Motors,car,shop,Auto services,shop=car,,,,,,,,,43.2533573,-79.8232786,4.027,no_website,,no,,,,,,,,
way/264314439,way,Belfast Fish & Chips,restaurant,amenity,Food & drink,amenity=restaurant,,,,,+1-905-388-2365,,,,43.2285917,-79.8404466,4.029,no_website,,no,,,,,,,,
node/8140447492,node,Purple Pear,restaurant,amenity,Food & drink,amenity=restaurant,946 Barton Street East,,,,+1-905-527-7179,,http://thepurplepear.ca/,,43.2530892,-79.8232826,4.029,has_website,,no,,"not checked (beyond --max-checks, or --no-health)",,,,,,
node/13874847502,node,Fresh Fhitt Athletic,fitness_centre,leisure,Fitness & leisure,leisure=fitness_centre,,,,,,,,,43.2208572,-79.8845635,4.03,no_website,,no,,,,,,,,
node/2804958416,node,GoodLife Fitness,fitness_centre,leisure,Fitness & leisure,leisure=fitness_centre,,,,,,,,,43.2205999,-79.8626903,4.03,no_website,,no,,,,,,,,
node/13874847304,node,Rupinder's Barber Shop,hairdresser,shop,Salons & barbers,shop=hairdresser,,,,,+1-905-541-9015; +1-289-674-8096,,,,43.2208422,-79.8844966,4.03,no_website,,no,,,,,,,,
way/410112759,way,Arvin Car Repairs,car_repair,shop,Auto services,shop=car_repair,941 Barton Street East,,,,,,,,43.2534402,-79.8231799,4.034,no_website,,no,,,,,,,,
node/2804958320,node,Welsh & Associates,financial,office,Professional services,office=financial,,,,,,,,,43.2207594,-79.8614334,4.035,no_website,,no,,,,,,,,
node/3153643126,node,Circle K,convenience,shop,Retail shops,shop=convenience,,,,,,,https://www.circlek.com/store-locator/CA/hamilton/1445-main-st-w/0852601,,43.2573615,-79.9226702,4.036,has_website,,no,,"not checked (beyond --max-checks, or --no-health)",,,,,,
way/264314444,way,Alfredo's Place,restaurant,amenity,Food & drink,amenity=restaurant,931 Fennell Avenue East,Hamilton,,L8V 1W9,+1-905-383-3555,,,,43.228568,-79.8403407,4.037,no_website,,no,,,,,,,,
node/13874847503,node,James Parkway Convenience,convenience,shop,Retail shops,shop=convenience,1051 Upper James Street,,,,,,,,43.2207929,-79.8846099,4.038,no_website,,no,,,,,,,,
way/112941435,way,McDonald's,fast_food,amenity,Food & drink,amenity=fast_food,,,,,,,,,43.2445563,-79.825576,4.038,no_website,,no,,,,,,,,
node/2804958319,node,Periodontics & Dental Implant Surgery,dentist,healthcare,Health & clinics,healthcare=dentist,,,,,,,,,43.2207334,-79.8613246,4.04,no_website,,no,,,,,,,,
node/403852145,node,Tea House,restaurant,amenity,Food & drink,amenity=restaurant,,,,,+1-905-527-1158 ext. 334,,https://www.rbg.ca/dining/turner-pavilion-teahouse/,,43.2923572,-79.8758949,4.041,has_website,,no,,"not checked (beyond --max-checks, or --no-health)",,,,,,
node/8133037171,node,David's Variety,convenience,shop,Retail shops,shop=convenience,,,,,,,,,43.2530272,-79.8230928,4.045,no_website,,no,,,,,,,,
node/2651471610,node,The Reactor Cafe and Lounge,cafe,amenity,Food & drink,amenity=cafe,,,,,,,,Mo-Th 08:30-19:30; Fr 08:30-15:00; Sa-Su off,43.2610044,-79.922354,4.045,no_website,,no,,,,,,,,
node/13874847305,node,VPI,physiotherapist,healthcare,Health & clinics,healthcare=physiotherapist,1051 Upper James Street,,,,,,,,43.2207279,-79.8846102,4.045,no_website,,no,,,,,,,,
node/13874847307,node,Thripti,restaurant,amenity,Food & drink,amenity=restaurant,1051 Upper James Street,,,,,,,,43.2206904,-79.8846657,4.05,no_website,,no,,,,,,,,
node/2804958417,node,Acumen Insurance Group,insurance,office,Professional services,office=insurance,,,,,,,,,43.2204187,-79.8625677,4.052,no_website,,no,,,,,,,,
node/2804958428,node,Hamilton Hearing Clinic,audiologist,healthcare,Health & clinics,healthcare=audiologist,,,,,+1 905 385 8383,hamiltonhearingclinic@gmail.com,https://hearingclinicgroup.com/our-clinics/hamilton-hearing-clinic/,Mo-Fr 10:00-15:00; Sa-Su off,43.220144,-79.8641066,4.058,has_website,,no,,"not checked (beyond --max-checks, or --no-health)",,,,,,
node/2804958427,node,Family Dentist,dentist,healthcare,Health & clinics,healthcare=dentist,,,,,,,,,43.2200893,-79.8641267,4.064,no_website,,no,,,,,,,,
node/13874847504,node,Jay Bhavani,restaurant,amenity,Food & drink,amenity=restaurant,,,,,,,,,43.2205416,-79.8846576,4.066,no_website,,no,,,,,,,,
way/183386608,way,August 8,restaurant,amenity,Food & drink,amenity=restaurant,1066 Upper James Street,,,L9C 3A9,+1-905-383-9293,,https://august8.ca/,Mo-Sa 11:30-23:00; Su 11:30-21:30,43.2207191,-79.8856885,4.067,has_website,,no,,"not checked (beyond --max-checks, or --no-health)",,,,,,
node/2804958426,node,Fishing Sushi,restaurant,amenity,Food & drink,amenity=restaurant,5-920 Upper Wentworth Street,,,L9A 5C5,,,,,43.2200375,-79.8641542,4.069,no_website,,no,,,,,,,,
node/7237713596,node,Celebrity Billiards,bar,amenity,Food & drink,amenity=bar,Upper James Street,,,,+1 905-574-7200,,,Mo-Su 17:00-02:00,43.2204804,-79.8845987,4.071,no_website,,no,,,,,,,,
way/264321199,way,La Bakeri,bakery,shop,Retail shops,shop=bakery,935 Fennell Avenue East,Hamilton,,L8V 1W9,,,,,43.2284811,-79.8398318,4.071,no_website,,no,,,,,,,,
node/13874847505,node,Hamilton Driving School Inc.,driving_school,amenity,Services,amenity=driving_school,,,,,+1-905-966-0884,,,,43.2204649,-79.8846539,4.074,no_website,,no,,,,,,,,
way/244625785,way,Mr. Lube,car_repair,shop,Auto services,shop=car_repair,,,,,,,,,43.2325215,-79.911435,4.077,no_website,,no,,,,,,,,
node/2804958425,node,Subway,fast_food,amenity,Food & drink,amenity=fast_food,,,,,+1-905-318-8383,,https://restaurants.subway.com/canada/on/hamilton/920-upper-wentworth-st,09:00-22:00,43.2199705,-79.8641629,4.077,has_website,,no,,"not checked (beyond --max-checks, or --no-health)",,,,,,
node/13874847308,node,the beautyroom,beauty,shop,Salons & barbers,shop=beauty,,,,,,,,,43.2204434,-79.8847102,4.077,no_website,,no,,,,,,,,
node/4356752484,node,Upper Gage Pharmacy,pharmacy,healthcare,Health & clinics,healthcare=pharmacy,,,,,,,,,43.2287026,-79.8392796,4.082,no_website,,no,,,,,,,,
node/2804958423,node,Pet Valu,pet,shop,Pet services,shop=pet,,,,,+1-905-318-1556,customercare@petvalu.com,https://store.petvalu.ca/location/2174/,Mo-Fr 09:00-21:00; Sa 09:00-18:00; Su 10:00-18:00,43.2199029,-79.8641548,4.084,has_website,,no,,"not checked (beyond --max-checks, or --no-health)",,,,,,
node/12998354802,node,Aire One Heating & Cooling,hvac,craft,Trades & contractors,craft=hvac,1059 Upper James Street,,,L9C 3A6,+1-905-385-2800,,https://www.aireonewest.ca/,,43.2203799,-79.8847419,4.085,has_website,,no,,"not checked (beyond --max-checks, or --no-health)",,,,,,
way/264321200,way,Appealing Touch,hairdresser,shop,Salons & barbers,shop=hairdresser,937 Fennell Avenue East,Hamilton,,L8V 1W9,+1-905-574-6668,,,,43.2284087,-79.8396887,4.085,no_website,,no,,,,,,,,
node/4356752483,node,Sol' exotica,beauty,shop,Salons & barbers,shop=beauty,,,,,,,,,43.22865,-79.8393033,4.085,no_website,,no,,,,,,,,
node/2651471196,node,Bistro @ MKR,restaurant,amenity,Food & drink,amenity=restaurant,,,,,,,https://hospitality.mcmaster.ca/locations/our-locations/bistromkr-menu/,Mo-Th 11:00-20:30; Fr 11:00-15:00; Su 16:00-20:30,43.2623635,-79.9225907,4.087,has_website,,no,,"not checked (beyond --max-checks, or --no-health)",,,,,,
node/4356752482,node,Big Bee,convenience,shop,Retail shops,shop=convenience,,,,,,,,,43.2285851,-79.8393191,4.09,no_website,,no,,,,,,,,
node/4356752481,node,Sparkle Nail,beauty,shop,Salons & barbers,shop=beauty,,,,,,,,,43.2285326,-79.8393478,4.093,no_website,,no,,,,,,,,
node/4356752479,node,Jay's Sports Bar & Grill,bar,amenity,Food & drink,amenity=bar,,,,,,,,,43.2284151,-79.8394071,4.099,no_website,,no,,,,,,,,
way/315995539,way,Maple Leaf Pancake House,restaurant,amenity,Food & drink,amenity=restaurant,,,,,,,,08:00-14:00,43.2578468,-79.9234386,4.101,no_website,,no,,,,,,,,
node/11885300730,node,Bistro-2-Go,restaurant,amenity,Food & drink,amenity=restaurant,,,,,,,https://hospitality.mcmaster.ca/locations/our-locations/bistro-2-go-menu/,Mo-Fr 07:00-23:00; Sa-Su 10:00-20:00,43.2622736,-79.9228123,4.103,has_website,,no,,"not checked (beyond --max-checks, or --no-health)",,,,,,
node/2651471620,node,Second Cup,cafe,amenity,Food & drink,amenity=cafe,,,,,,,,Mo-Fr 07:00-23:00; Sa-Su 10:00-20:00,43.2622946,-79.9228424,4.106,no_website,,no,,,,,,,,
node/12990622603,node,Lear Communication Speech Language Pathology,clinic,healthcare,Health & clinics,healthcare=clinic,"310 Limeridge Road West, Unit 9",Hamilton,ON,L9C 2V2,+1-905-667-1441,info@learcomm.ca,https://www.learcomm.ca/,Mo-Fr 08:30-19:30,43.2243065,-79.8987299,4.108,has_website,,no,,"not checked (beyond --max-checks, or --no-health)",,,,,,
node/3161456799,node,David's Bridal,clothes,shop,Retail shops,shop=clothes,,,,,+1-905-575-9875,,https://www.davidsbridal.com/stores/hamilton-on-l9a5c5-0408,Mo-Fr 10:30-19:30; Sa 09:00-19:30; Su 10:30-18:00,43.2196598,-79.8642902,4.109,has_website,,no,,"not checked (beyond --max-checks, or --no-health)",,,,,,
node/3071344985,node,Tim Hortons,cafe,amenity,Food & drink,amenity=cafe,,,,,,,,,43.2527111,-79.8222851,4.113,no_website,,no,,,,,,,,
node/12990622602,node,LimeGreen Dental,dentist,healthcare,Health & clinics,healthcare=dentist,"310 Limeridge Road West, Unit 8b",Hamilton,ON,L9C 2V2,+1-905-383-7979,info@limegreendental.com,https://limegreendental.com/,"Mo-We, Fr 09:00-19:00; Th 09:00-17:00; Sa 09:00-15:00",43.2242568,-79.898752,4.114,has_website,,no,,"not checked (beyond --max-checks, or --no-health)",,,,,,
node/13759829051,node,Timmy's Tanür,restaurant,amenity,Food & drink,amenity=restaurant,"920 Upper Wentworth Street, Unit 12",Hamilton,Ontario,L9A 5C5,,,,,43.2195591,-79.8642995,4.12,no_website,,no,,,,,,,,
node/12990619201,node,"Limeridge Health Centre - Pharmacy, Family Practice & Walk-in Clinic",clinic,healthcare,Health & clinics,healthcare=clinic,"310 Limeridge Road West, Unit 8a",,,L9C 2V2,+1-289-755-9000,,http://limeridgehealthcentre.com/,"Mo-Tu, Th 09:00-19:00; Sa 10:00-15:00; We, Fr 09:00-17:00",43.224154,-79.8987897,4.125,has_website,,no,,"not checked (beyond --max-checks, or --no-health)",,,,,,
node/13011921173,node,LimeGarth Compounding Pharmacy,pharmacy,healthcare,Health & clinics,healthcare=pharmacy,"310 Limeridge Road West, Unit 8a",,,L9C 2V2,+1 905-387-0020,limegarthpharmacy@gmail.com,https://pharmacyhamilton.com/,Mo-Fr 09:00-18:00; Sa 10:00-15:00,43.2241074,-79.8987527,4.128,has_website,,no,,"not checked (beyond --max-checks, or --no-health)",,,,,,
node/12990622601,node,Xpressions Creative Dance,dance,leisure,Fitness & leisure,leisure=dance,"310, Unit 7 Limeridge Road West, Unit 7",Hamilton,ON,L9C 2V2,+1-905-574-4458,xcd.sarah@gmail.com,https://www.xpressionscreativedance.com/,,43.2240837,-79.8988201,4.133,has_website,,no,,"not checked (beyond --max-checks, or --no-health)",,,,,,
node/2699079568,node,Pizza Pizza,fast_food,amenity,Food & drink,amenity=fast_food,,,,,,,,,43.2438587,-79.8246489,4.134,no_website,,no,,,,,,,,
node/10124213128,node,Dough Box,restaurant,amenity,Food & drink,amenity=restaurant,,,,,,,,,43.2574469,-79.9239397,4.139,no_website,,no,,,,,,,,
node/13631085101,node,Virk Personal Injury Lawyer,lawyer,office,Professional services,office=lawyer,310 Limeridge Road West,,,L9C 2V2,+1-905-521-8858,info@virklawyers.com,https://virklawyers.com/contact/,,43.2240234,-79.8988508,4.14,has_website,,no,,"not checked (beyond --max-checks, or --no-health)",,,,,,
node/2804958420,node,Expedia Cruises,travel_agency,shop,Retail shops,shop=travel_agency,,,,,+1 866-261-3691; +1 905 318 2270,hamilton@expediacruises.com,https://www.expediacruises.ca/en-CA/500005,Mo-Fr 09:00-17:00; Sa 10:00-16:00; Su off,43.2193545,-79.8643708,4.141,has_website,,no,,"not checked (beyond --max-checks, or --no-health)",,,,,,
node/12990603201,node,The Spicy Crust,fast_food,amenity,Food & drink,amenity=fast_food,"310 Limeridge Road West, Unit 5",Hamilton,ON,L9C 2V2,+1-289-755-5050,,https://www.spicycrustpizza.com/,Mo-We 11:00-22:00; Th-Sa 11:00-23:00; Su 14:00-22:00,43.2239403,-79.8988884,4.149,has_website,,no,,"not checked (beyond --max-checks, or --no-health)",,,,,,
way/310008639,way,Tally Ho,restaurant,amenity,Food & drink,amenity=restaurant,,,,,,,,,43.257812,-79.9240942,4.154,no_website,,no,,,,,,,,
way/320763834,way,Hasty Market,convenience,shop,Retail shops,shop=convenience,,,,,,,,,43.2633841,-79.8225369,4.155,no_website,,no,,,,,,,,
node/3221139037,node,Total Health Pharmacy,pharmacy,healthcare,Health & clinics,healthcare=pharmacy,,,,,,,,,43.257457,-79.9241478,4.156,no_website,,no,,,,,,,,
node/2804958419,node,Canada Computers,computer,shop,Retail shops,shop=computer,"920 Upper Wentworth Street, Unit 14",Hamilton,Ontario,L9A 5C5,+1-905-388-5900,hamilton@canadacomputers.com,https://canadacomputers.com/location_details.php?loc=HAM2,Mo-Fr 10:00-20:00; Sa 10:00-19:00; Su 11:00-18:00,43.2192051,-79.8644475,4.157,has_website,,no,,"not checked (beyond --max-checks, or --no-health)",,,,,,
way/270247888,way,Shoppers Drug Mart,pharmacy,healthcare,Health & clinics,healthcare=pharmacy,963 Fennell Avenue East,,,L8T 1R1,+1-905-385-5356,asdm1043@shoppersdrugmart.ca,https://www.shoppersdrugmart.ca/en/store-locator/store/1043,Mo-Fr 08:00-22:00; Sa-Su 09:00-18:00,43.228713,-79.8378927,4.157,has_website,,no,,"not checked (beyond --max-checks, or --no-health)",,,,,,
node/2811496401,node,Mienecke,car_repair,shop,Auto services,shop=car_repair,,,,,,,,,43.2525343,-79.821697,4.162,no_website,,no,,,,,,,,
node/12990601601,node,Preferred Rehab Physiotherapist,physiotherapist,healthcare,Health & clinics,healthcare=physiotherapist,"310 Limeridge Road West, Unit 3",Hamilton,ON,L9C 2V2,+1-289-755-7777,,https://preferredrehab.ca/locations/preferred-rehab-physiotherapy-orthopaedic-centre/,Mo-Th 08:00-20:00; Fr 08:00-16:00; Sa 08:00-13:00,43.2237477,-79.8988239,4.165,has_website,,no,,"not checked (beyond --max-checks, or --no-health)",,,,,,
node/12989622302,node,Big Bear Food Mart,convenience,shop,Retail shops,shop=convenience,"310 Limeridge Road West, Unit 4",Hamilton,ON,L9C 2V2,,,,Mo-Su 07:00-22:30,43.2237806,-79.898918,4.166,no_website,,no,,,,,,,,
way/315995825,way,BAB Korean Food,restaurant,amenity,Food & drink,amenity=restaurant,,,,,,,,,43.2573981,-79.924307,4.169,no_website,,no,,,,,,,,
way/266036253,way,Staples,stationery,shop,Retail shops,shop=stationery,970 Upper Wentworth Street,,,L9A 5C5,+1-905-383-7913,,https://stores.staples.ca/on/hamilton/office-supplies-ca-222.html,Mo-Fr 09:00-20:00; Sa 09:00-17:00; Su 12:00-17:00,43.2187001,-79.8663662,4.19,has_website,,no,,"not checked (beyond --max-checks, or --no-health)",,,,,,
way/264269856,way,Economy Lube,car_repair,shop,Auto services,shop=car_repair,,,,,,,,,43.2276605,-79.8387628,4.197,no_website,,no,,,,,,,,
way/310008660,way,LubaMera Spa,beauty,shop,Salons & barbers,shop=beauty,,,,,,,,,43.2577964,-79.9246933,4.202,no_website,,no,,,,,,,,
node/6640828044,node,Active Green + Ross,car_repair,shop,Auto services,shop=car_repair,,,,,,,,,43.2193856,-79.8599973,4.211,no_website,,no,,,,,,,,
way/838012720,way,Duke Electric,electrician,craft,Trades & contractors,craft=electrician,,,,,,,,,43.2522902,-79.8210855,4.214,no_website,,no,,,,,,,,
way/372658082,way,Barton Car Wash,car_wash,amenity,Services,amenity=car_wash,,,,,,,,,43.2530554,-79.8209628,4.216,no_website,,no,,,,,,,,
way/98059360,way,National Sports,sports,shop,Retail shops,shop=sports,,,,,,,,,43.2184422,-79.8664933,4.217,no_website,,no,,,,,,,,
way/184307332,way,Tim Hortons,cafe,amenity,Food & drink,amenity=cafe,952 Fennell Avenue East,Hamilton,,L8T 1P9,,,,24/7,43.2275521,-79.8382291,4.235,no_website,,no,,,,,,,,
node/4040325835,node,Bay City Paint & Wallpaper Inc.,paint,shop,Retail shops,shop=paint,1546 Main Street West,,,L8S 1E5,+1 905 527 4453,,https://www.baycitypaints.ca/,Mo-Th 08:00-17:00; Fr 08:00-18:00; Sa 09:00-16:00,43.2578088,-79.9251133,4.236,has_website,,no,,"not checked (beyond --max-checks, or --no-health)",,,,,,
node/13646908001,node,Shorty's Pizza,restaurant,amenity,Food & drink,amenity=restaurant,1099 Cannon Street East,,,,,,https://www.shortyspizza.ca/,Mo-Su 11:30-22:00,43.2485643,-79.8215834,4.236,has_website,,no,,"not checked (beyond --max-checks, or --no-health)",,,,,,
node/13784950001,node,Global Pet Foods,pet,shop,Pet services,shop=pet,989 Fennell Avenue East,,,L8T 1R1,+1-905-575-9422,gpf48@globalpetfoods.com,https://globalpetfoods.com/,Mo-Fr 09:00-21:00; Sa 09:00-18:00; Su 09:00-17:00,43.228481,-79.8367866,4.237,has_website,,no,,"not checked (beyond --max-checks, or --no-health)",,,,,,
way/372658081,way,Hot Spot Auto Parts,car_repair,shop,Auto services,shop=car_repair,,,,,,,,,43.2528873,-79.8206911,4.24,no_website,,no,,,,,,,,
way/1193005615,way,Toys R Us,toys,shop,Retail shops,shop=toys,970 Upper Wentworth Street,Hamilton,Ontario,L9A 4V8,,,,,43.2181848,-79.866664,4.244,no_website,,no,,,,,,,,
node/13784949902,node,Hello Advanced Vision,optician,shop,Retail shops,shop=optician,989 Fennell Avenue East,,,L8T 1S2,+1-905-389-9302,,https://advancedvision.ca/,Mo-Fr 08:00-17:30; Sa 08:00-14:30,43.228454,-79.8366949,4.245,has_website,,no,,"not checked (beyond --max-checks, or --no-health)",,,,,,
node/8972063366,node,CoCo Fresh Tea & Juice,cafe,amenity,Food & drink,amenity=cafe,1548 Main Street West,Hamilton,ON,L8S 1E5,,,,Mo-Su 12:00-20:30,43.2577761,-79.9252709,4.249,no_website,,no,,,,,,,,
node/6641021577,node,The Source,electronics,shop,Retail shops,shop=electronics,,,,,,,,,43.2188197,-79.8611748,4.25,no_website,,no,,,,,,,,
node/13568190583,node,Bernie's Tavern,restaurant,amenity,Food & drink,amenity=restaurant,1103 Cannon Street East,Hamilton,ON,L8L 2J5,+1-905-312-4510,hello@berniestavern.com,https://berniestavern.com/,"Mo-We 11:30-23:00, Th-Sa 11:30-00:00, Su 11:30-23:00",43.2484994,-79.8213525,4.256,has_website,,no,,"not checked (beyond --max-checks, or --no-health)",,,,,,
node/6641021576,node,Ardene,clothes,shop,Retail shops,shop=clothes,,,,,,,,,43.2187367,-79.861215,4.258,no_website,,no,,,,,,,,
way/264269852,way,Dollarama,variety_store,shop,Retail shops,shop=variety_store,,,,,,,,,43.2269392,-79.838742,4.259,no_website,,no,,,,,,,,
way/176598190,way,McDonald's,fast_food,amenity,Food & drink,amenity=fast_food,,,,,,,,24/7,43.2182409,-79.8647128,4.259,no_website,,no,,,,,,,,
node/6640922890,node,Best Shooz 4 Kidz,shoes,shop,Retail shops,shop=shoes,,,,,,,,,43.2187474,-79.8610678,4.26,no_website,,no,,,,,,,,
node/13784950002,node,Wimpy's Diner,restaurant,amenity,Food & drink,amenity=restaurant,989 Fennell Avenue East,,,L8T 1R1,+1-289-755-3600,,https://wimpysdiner.ca/,Mo-Sa 08:00-20:00; Su 08:00-19:00,43.2283976,-79.8364922,4.261,has_website,,no,,"not checked (beyond --max-checks, or --no-health)",,,,,,
way/310160957,way,Kal Tire,tyres,shop,Auto services,shop=tyres,,,,,,,,,43.257283,-79.925489,4.264,no_website,,no,,,,,,,,
node/6640922891,node,The Barber Shop,hairdresser,shop,Salons & barbers,shop=hairdresser,,,,,,,,,43.2186907,-79.86109,4.265,no_website,,no,,,,,,,,
node/2752903363,node,Home Hardware,hardware,shop,Retail shops,shop=hardware,983 Fennell Avenue East,,,L8T 1R1,+1-905-574-6544,mike.victoria@homehardware.ca,https://www.homehardware.ca/en/store/15712,Mo-Fr 09:00-20:00; Sa 09:00-18:00; Su 09:00-17:00,43.2283902,-79.8363884,4.267,has_website,,no,,"not checked (beyond --max-checks, or --no-health)",,,,,,
node/6640922888,node,Teize,mobile_phone,shop,Retail shops,shop=mobile_phone,,,,,,,,,43.2186333,-79.86112,4.271,no_website,,no,,,,,,,,
node/6641021578,node,Champs Sports,sports,shop,Retail shops,shop=sports,,,,,,,,,43.2186849,-79.8606933,4.273,no_website,,no,,,,,,,,
node/6641021571,node,Coles,books,shop,Retail shops,shop=books,,,,,,,,,43.2185725,-79.8612803,4.275,no_website,,no,,,,,,,,
node/6641021572,node,Ecko Unlimited,clothes,shop,Retail shops,shop=clothes,,,,,,,,,43.2184964,-79.8613086,4.283,no_website,,no,,,,,,,,
node/6640859383,node,Shoppers Drug Mart,pharmacy,healthcare,Health & clinics,healthcare=pharmacy,,,,,,,https://www.shoppersdrugmart.ca/en/store-locator/store/756,,43.2185159,-79.8611882,4.283,has_website,,no,,"not checked (beyond --max-checks, or --no-health)",,,,,,
node/3297996070,node,Esso,convenience,shop,Retail shops,shop=convenience,,,,,,,,,43.2208862,-79.851352,4.284,no_website,,no,,,,,,,,
node/6641021579,node,Kavar Jewellers,jewelry,shop,Retail shops,shop=jewelry,,,,,,,,,43.2185686,-79.8607644,4.285,no_website,,no,,,,,,,,
way/318472293,way,Tahini's,restaurant,amenity,Food & drink,amenity=restaurant,1554 Main Street West,Hamilton,ON,L8S 1E5,+1 905-972-0900,,https://tahinis.com/,Mo-Su 11:00-22:00,43.2577639,-79.9257196,4.285,has_website,,no,,"not checked (beyond --max-checks, or --no-health)",,,,,,
node/6641021580,node,Stitch It,tailor,shop,Retail shops,shop=tailor,,,,,,,,,43.218549,-79.8606772,4.288,no_website,,no,,,,,,,,
node/13784950003,node,Momo Chowmein,restaurant,amenity,Food & drink,amenity=restaurant,,,,,,,,Su-Th 11:00-22:00; Fr-Sa 11:00-23:00,43.2282291,-79.8362263,4.289,no_website,,no,,,,,,,,
node/6640859380,node,Pi Co.,restaurant,amenity,Food & drink,amenity=restaurant,"999 Upper Wentworth Street, Unit 413E",Hamilton,Ontario,L9A 4X5,+1-289-674-0706,,,Mo-Su 11:00-21:00,43.218294,-79.8621942,4.29,no_website,,no,,,,,,,,
node/6641021573,node,Zumiez,clothes,shop,Retail shops,shop=clothes,,,,,,,,,43.2184203,-79.8613422,4.29,no_website,,no,,,,,,,,
node/6944140737,node,Joshy's Good Eats,fast_food,amenity,Food & drink,amenity=fast_food,1111 Cannon Street East,,,L8L 2J5,+1-905-544-2772,info@joshysgoodeats.com,https://www.joshysgoodeats.com/,Tu-Su 07:00-15:00,43.2483933,-79.820932,4.291,has_website,,no,,"not checked (beyond --max-checks, or --no-health)",,,,,,
node/2752903384,node,Sana Grill,pub,amenity,Food & drink,amenity=pub,,,,,,,,Mo-Th 11:00-21:00; Fr-Sa 11:00-22:00; Su 00:00-21:00,43.2281857,-79.8362446,4.291,no_website,,no,,,,,,,,
node/13785021101,node,The Gym on Fennell,fitness_centre,leisure,Fitness & leisure,leisure=fitness_centre,989 Fennell Avenue East,,,,+1-905-575-7777,,http://www.thegymonfennell.com,24/7,43.2282935,-79.836092,4.291,has_website,,no,,"not checked (beyond --max-checks, or --no-health)",,,,,,
node/6640959519,node,H&M,clothes,shop,Retail shops,shop=clothes,,,,,,,,,43.2184829,-79.8608768,4.292,no_website,,no,,,,,,,,
node/6641021581,node,Lime Ridge Dental Office,dentist,healthcare,Health & clinics,healthcare=dentist,,,,,,,,,43.2185314,-79.8605847,4.292,no_website,,no,,,,,,,,
way/201811680,way,Esso,car_wash,amenity,Services,amenity=car_wash,,,,,,,,,43.2206525,-79.8517701,4.294,no_website,,no,,,,,,,,
way/321935944,way,Angelo & Luigi,car_repair,shop,Auto services,shop=car_repair,,,,,,,,,43.2527007,-79.8200167,4.296,no_website,,no,,,,,,,,
node/6641021575,node,Jack & Jones,clothes,shop,Retail shops,shop=clothes,,,,,,,,,43.2183553,-79.861363,4.297,no_website,,no,,,,,,,,
node/13784996902,node,Mei's Nails,beauty,shop,Salons & barbers,shop=beauty,989 Fennell Avenue East,,,L8T 1R1,+1905-383-4860,,https://www.fresha.com/lvp/mei-nails-fennell-avenue-east-hamilton-gn8jWj,Mo-Th 09:30-19:00; Fr 09:30-19:30; Sa 09:30-18:00,43.2282848,-79.8360099,4.297,has_website,,no,,"not checked (beyond --max-checks, or --no-health)",,,,,,
node/6641021582,node,Real Fruit Bubble Tea,cafe,amenity,Food & drink,amenity=cafe,,,,,,,,,43.2184327,-79.8608181,4.298,no_website,,no,,,,,,,,
node/1870834833,node,D Spot Dessert Cafe,restaurant,amenity,Food & drink,amenity=restaurant,"990 Upper Wentworth Street, Unit 9",Hamilton,Ontario,L9A 4V9,+1 647-643-7768,,,"Mo-Th 13:00-00:00, Fr-Sa 13:00-02:00",43.2177601,-79.8657668,4.3,no_website,,no,,,,,,,,
node/6640859384,node,Bath & Body Works,cosmetics,shop,Salons & barbers,shop=cosmetics,,,,,,,,,43.2183235,-79.8612586,4.302,no_website,,no,,,,,,,,
node/6641021583,node,LIV Nail Bliss,beauty,shop,Salons & barbers,shop=beauty,,,,,,,,,43.2184171,-79.8607188,4.302,no_website,,no,,,,,,,,
node/6640859379,node,Mucho Burrito,fast_food,amenity,Food & drink,amenity=fast_food,,,,,,,,,43.2181689,-79.8622438,4.302,no_website,,no,,,,,,,,
node/6641021574,node,Soft Moc,shoes,shop,Retail shops,shop=shoes,,,,,,,,,43.2182928,-79.8613966,4.303,no_website,,no,,,,,,,,
node/2752903375,node,Dental Centre,dentist,healthcare,Health & clinics,healthcare=dentist,Fennell Avenue East,,,,+1-905-318-9000,,,Tu-Th 09:30-19:00; Mo 09:30-20:00; Fr 09:00-18:00; Sa 10:00-17:00,43.2279526,-79.8363433,4.305,no_website,,no,,,,,,,,
node/13761131401,node,Limeridge Pizza and Wings,restaurant,amenity,Food & drink,amenity=restaurant,970 Upper Wentworth Street,,,,,,,,43.2177004,-79.8657617,4.306,no_website,,no,,,,,,,,
node/2752903372,node,Dog Grooming,pet,shop,Pet services,shop=pet,,,,,,,,,43.2278744,-79.8363986,4.308,no_website,,no,,,,,,,,
node/6641080485,node,Calendar Club,gift,shop,Retail shops,shop=gift,,,,,,,,,43.2183311,-79.8608355,4.309,no_website,,no,,,,,,,,
node/6641021566,node,Skechers,shoes,shop,Retail shops,shop=shoes,,,,,,,,,43.2182292,-79.861429,4.309,no_website,,no,,,,,,,,
node/13784996901,node,Sell Off Vacations,travel_agency,shop,Retail shops,shop=travel_agency,,,,,,,,Mo-Fr 09:00-19:00; Sa-Su 09:00-17:00,43.2278188,-79.8364113,4.312,no_website,,no,,,,,,,,
node/6640922885,node,Aldo,shoes,shop,Retail shops,shop=shoes,,,,,,,,,43.2182175,-79.8612974,4.313,no_website,,no,,,,,,,,
node/6640959520,node,RW&CO.,clothes,shop,Retail shops,shop=clothes,,,,,,,,,43.2182629,-79.8609685,4.314,no_website,,no,,,,,,,,
node/1972873985,node,Dollarama,variety_store,shop,Retail shops,shop=variety_store,,,,,,,http://www.dollarama.ca/,,43.2176183,-79.8657447,4.315,has_website,,no,,"not checked (beyond --max-checks, or --no-health)",,,,,,
node/3785516807,node,Dulux Paints,paint,shop,Retail shops,shop=paint,,,,,,,,,43.2577187,-79.9260894,4.315,no_website,,no,,,,,,,,
node/9224948759,node,LifeLabs,laboratory,healthcare,Health & clinics,healthcare=laboratory,989 Fennell Avenue East,Hamilton,ON,L8T 1R1,,,https://www.lifelabs.com/,Mo-Fr 07:30-16:00,43.2277224,-79.8364403,4.318,has_website,,no,,"not checked (beyond --max-checks, or --no-health)",,,,,,
node/14080839801,node,Mary Brown's,restaurant,amenity,Food & drink,amenity=restaurant,990 Upper Wentworth Street,,,,,,,Mo-Su 11:00-00:00,43.2179794,-79.8624157,4.32,no_website,,no,,,,,,,,
node/6641021568,node,True Hamiltonian Apparel,clothes,shop,Retail shops,shop=clothes,,,,,,,,,43.2181129,-79.8614719,4.321,no_website,,no,,,,,,,,
node/2752903367,node,Pizza Pizza,fast_food,amenity,Food & drink,amenity=fast_food,,,,,,,,"Su-We 11:00-02:00, Th-Sa 11:00-03:00",43.227656,-79.8364619,4.322,no_website,,no,,,,,,,,
node/6641080488,node,Tbooth Wireless,mobile_phone,shop,Retail shops,shop=mobile_phone,,,,,,,,,43.2181972,-79.8608838,4.323,no_website,,no,,,,,,,,
node/6641013160,node,Booster Juice,fast_food,amenity,Food & drink,amenity=fast_food,,,,,,,,,43.2180221,-79.8618246,4.325,no_website,,no,,,,,,,,
node/6640959521,node,Garage,clothes,shop,Retail shops,shop=clothes,,,,,,,,,43.2181566,-79.8610015,4.325,no_website,,no,,,,,,,,
node/6641021569,node,Call It Spring,shoes,shop,Retail shops,shop=shoes,,,,,,,,,43.218065,-79.861488,4.326,no_website,,no,,,,,,,,
node/13761125901,node,Super Nails,beauty,shop,Salons & barbers,shop=beauty,970 Upper Wentworth Street,,,,+1-905-383-8181,,,Mo-Fr 10:00-19:30; Sa 10:00-18:00; Su 11:00-16:00,43.2175299,-79.8656108,4.327,no_website,,no,,,,,,,,
node/6641080489,node,Shumaker,shoes,shop,Retail shops,shop=shoes,,,,,,,,,43.2181415,-79.8609133,4.328,no_website,,no,,,,,,,,
node/6641013159,node,Lids,clothes,shop,Retail shops,shop=clothes,,,,,,,,,43.2179888,-79.8617026,4.331,no_website,,no,,,,,,,,
node/6640859377,node,Old Navy,clothes,shop,Retail shops,shop=clothes,,,,,,,,,43.217957,-79.8619216,4.331,no_website,,no,,,,,,,,
node/6641021570,node,Lululemon,clothes,shop,Retail shops,shop=clothes,,,,,,,,,43.2180103,-79.8615162,4.332,no_website,,no,,,,,,,,
node/13761126001,node,CAA Travel Agency,travel_agency,shop,Retail shops,shop=travel_agency,970 Upper Wentworth Street,,,,,,,Mo-Sa 09:00-17:00,43.2174873,-79.865425,4.333,no_website,,no,,,,,,,,
node/6640959527,node,Dynamite,clothes,shop,Retail shops,shop=clothes,,,,,,,,,43.2180726,-79.8610352,4.333,no_website,,no,,,,,,,,
node/6641080491,node,Hot Topic,clothes,shop,Retail shops,shop=clothes,,,,,,,,,43.2180946,-79.8609334,4.333,no_website,,no,,,,,,,,
way/155380624,way,Chedoke Twin Pad Arena,ice_rink,leisure,Fitness & leisure,leisure=ice_rink,91 Chedmac Drive,,,,,,,,43.2386726,-79.920751,4.335,no_website,,no,,,,,,,,
node/7256472911,node,Dollarama,variety_store,shop,Retail shops,shop=variety_store,,,,,,,,,43.2429568,-79.8224437,4.336,no_website,,no,,,,,,,,
way/401623274,way,Maccheroni,restaurant,amenity,Food & drink,amenity=restaurant,1560 Main Street West,,,L8S1E7,+1-905-527-6422,,https://www.maccheronicucina.com/,,43.2577822,-79.9263552,4.336,has_website,,no,,"not checked (beyond --max-checks, or --no-health)",,,,,,
node/6640859382,node,Victoria's Secret,clothes,shop,Retail shops,shop=clothes,,,,,,,,,43.2179881,-79.8614003,4.336,no_website,,no,,,,,,,,
node/13761125803,node,4 Seasons Convenience,convenience,shop,Retail shops,shop=convenience,970 Upper Wentworth Street,,,,,,,,43.2174554,-79.8652889,4.338,no_website,,no,,,,,,,,
node/6641013158,node,MAC Cosmetics,cosmetics,shop,Salons & barbers,shop=cosmetics,,,,,,,,,43.2179497,-79.8615457,4.338,no_website,,no,,,,,,,,
node/6641080490,node,Swimco,clothes,shop,Retail shops,shop=clothes,,,,,,,,,43.2180437,-79.8609522,4.338,no_website,,no,,,,,,,,
node/6640859381,node,Pandora,jewelry,shop,Retail shops,shop=jewelry,,,,,,,,,43.2179109,-79.8616967,4.339,no_website,,no,,,,,,,,
way/402065759,way,Hauser Furniture,furniture,shop,Retail shops,shop=furniture,1273 Plains Road West,,,,,,,,43.2936619,-79.8873071,4.34,no_website,,no,,,,,,,,
node/6640959526,node,Sunglass Hut,optician,shop,Retail shops,shop=optician,,,,,,,,,43.2180022,-79.8610647,4.341,no_website,,no,,,,,,,,
node/13761126101,node,The Lensmaker Optical,optician,shop,Retail shops,shop=optician,970 Upper Wentworth Street,,,,+1-905-387-1601,,,Mo-Fr 10:00-18:00; Sa 10:00-16:00,43.2174332,-79.86519,4.342,no_website,,no,,,,,,,,
node/6641013157,node,Build-A-Bear Workshop,toys,shop,Retail shops,shop=toys,,,,,,,,,43.2178403,-79.8619051,4.344,no_website,,no,,,,,,,,
way/839508154,way,Big Bee,convenience,shop,Retail shops,shop=convenience,,,,,,,,,43.251997,-79.8194632,4.348,no_website,,no,,,,,,,,
node/6640959525,node,Reitmans,clothes,shop,Retail shops,shop=clothes,,,,,,,,,43.217926,-79.8610929,4.348,no_website,,no,,,,,,,,
node/6641080493,node,Journeys,shoes,shop,Retail shops,shop=shoes,,,,,,,,,43.2179304,-79.860987,4.35,no_website,,no,,,,,,,,
node/6640859375,node,Eddie Bauer,clothes,shop,Retail shops,shop=clothes,,,,,,,,,43.2177471,-79.8619979,4.352,no_website,,no,,,,,,,,
node/13761126102,node,Modern Beauty,beauty,shop,Salons & barbers,shop=beauty,970 Upper Wentworth Street,,,,+1-877-566-3376,,https://www.modernbeauty.com/,Mo-Fr 08:30-17:30; Sa 10:00-16:00; Su 11:00-16:00,43.2173661,-79.8649551,4.352,has_website,,no,,"not checked (beyond --max-checks, or --no-health)",,,,,,
node/6640959524,node,Thyme Maternity,clothes,shop,Retail shops,shop=clothes,,,,,,,,,43.2178566,-79.8611237,4.355,no_website,,no,,,,,,,,
node/6641080492,node,La Senza,clothes,shop,Retail shops,shop=clothes,,,,,,,,,43.217858,-79.8610165,4.357,no_website,,no,,,,,,,,
node/6641013156,node,Cinnabon,fast_food,amenity,Food & drink,amenity=fast_food,,,,,,,,,43.2176565,-79.8619842,4.362,no_website,,no,,,,,,,,
node/6640959523,node,Little Burgandy,shoes,shop,Retail shops,shop=shoes,,,,,,,,,43.2177853,-79.8611492,4.363,no_website,,no,,,,,,,,
node/3785513270,node,Mike’s Campus Barber Shop,hairdresser,shop,Salons & barbers,shop=hairdresser,,,,,,,,,43.2576812,-79.9266911,4.363,no_website,,no,,,,,,,,
node/6640859374,node,Sweet Jesus,ice_cream,amenity,Food & drink,amenity=ice_cream,,,,,,,,,43.2176819,-79.8617421,4.364,no_website,,no,,,,,,,,
node/6641080495,node,Bluenotes,clothes,shop,Retail shops,shop=clothes,,,,,,,,,43.2177808,-79.861046,4.365,no_website,,no,,,,,,,,
node/6641013155,node,Freedom Mobile,mobile_phone,shop,Retail shops,shop=mobile_phone,,,,,,,,,43.217635,-79.8618823,4.366,no_website,,no,,,,,,,,
node/6640875131,node,Swarovski,jewelry,shop,Retail shops,shop=jewelry,,,,,,,,,43.2176606,-79.8616574,4.367,no_website,,no,,,,,,,,
node/6641013154,node,Michael Hill,jewelry,shop,Retail shops,shop=jewelry,,,,,,,,,43.2176125,-79.861771,4.371,no_website,,no,,,,,,,,
node/6641080496,node,Saje,cosmetics,shop,Salons & barbers,shop=cosmetics,,,,,,,,,43.2177173,-79.8610729,4.371,no_website,,no,,,,,,,,
node/6640875132,node,The Body Shop,cosmetics,shop,Salons & barbers,shop=cosmetics,,,,,,,,,43.2176123,-79.8616774,4.372,no_website,,no,,,,,,,,
node/6640859373,node,Second Cup,cafe,amenity,Food & drink,amenity=cafe,,,,,,,,,43.2176359,-79.8614926,4.373,no_website,,no,,,,,,,,
node/6641080497,node,Loft,clothes,shop,Retail shops,shop=clothes,,,,,,,,,43.2176489,-79.861097,4.378,no_website,,no,,,,,,,,
node/6640959528,node,American Eagle Outfitters,clothes,shop,Retail shops,shop=clothes,,,,,,,,,43.2176279,-79.8612042,4.379,no_website,,no,,,,,,,,
node/13785002401,node,Fennell Chiropractic Clinic,physiotherapist,healthcare,Health & clinics,healthcare=physiotherapist,1011 Fennell Avenue East,,,,+1-905-575-0077,,,,43.2274241,-79.8357682,4.379,no_website,,no,,,,,,,,
node/3161453298,node,Beverly Tire,car_repair,shop,Auto services,shop=car_repair,"104 Upper Wentworth Street, Unit 105",,,,,,,,43.2170584,-79.8651716,4.383,no_website,,no,,,,,,,,
node/6641080498,node,Ashley Jewellers,jewelry,shop,Retail shops,shop=jewelry,,,,,,,,,43.2175854,-79.8611225,4.385,no_website,,no,,,,,,,,
node/6641013153,node,Sephora,cosmetics,shop,Salons & barbers,shop=cosmetics,,,,,,,,,43.2174679,-79.861822,4.386,no_website,,no,,,,,,,,
node/4042146251,node,Delta Bright Spot,restaurant,amenity,Food & drink,amenity=restaurant,,,,,,,,,43.2431752,-79.8216614,4.388,no_website,,no,,,,,,,,
way/838012701,way,Gilbert's Tire,car_repair,shop,Auto services,shop=car_repair,,,,,,,,,43.2523772,-79.8189122,4.388,no_website,,no,,,,,,,,
node/6640959529,node,BonLook,optician,shop,Retail shops,shop=optician,,,,,,,,,43.2175206,-79.861256,4.389,no_website,,no,,,,,,,,
node/6640875135,node,Lush,cosmetics,shop,Salons & barbers,shop=cosmetics,,,,,,,,,43.2174507,-79.8617468,4.389,no_website,,no,,,,,,,,
node/6640959534,node,Yogurt Delight,ice_cream,amenity,Food & drink,amenity=ice_cream,,,,,,,,,43.217528,-79.8611742,4.39,no_website,,no,,,,,,,,
node/13761130301,node,Young Park Martial Arts,fitness_centre,leisure,Fitness & leisure,leisure=fitness_centre,,,,,,,,,43.2170006,-79.865185,4.39,no_website,,no,,,,,,,,
node/6641082194,node,Flight Centre,travel_agency,shop,Retail shops,shop=travel_agency,,,,,,,,,43.2175355,-79.8609428,4.393,no_website,,no,,,,,,,,
node/6640875136,node,Caryl Baker Visage,cosmetics,shop,Salons & barbers,shop=cosmetics,,,,,,,,,43.2174002,-79.8617683,4.394,no_website,,no,,,,,,,,
node/6640959530,node,Freshly Squeezed,fast_food,amenity,Food & drink,amenity=fast_food,,,,,,,,,43.2175004,-79.861142,4.394,no_website,,no,,,,,,,,
node/8133037172,node,Lazio Pizza & Wings,fast_food,amenity,Food & drink,amenity=fast_food,,,,,+1-905-547-8787,,,,43.2519156,-79.8188737,4.396,no_website,,no,,,,,,,,
node/3785513273,node,State Farm,insurance,office,Professional services,office=insurance,1555 Main Street West,Hamilton,,,,,,,43.2572688,-79.9271242,4.397,no_website,,no,,,,,,,,
node/6640959531,node,Virgin Plus,mobile_phone,shop,Retail shops,shop=mobile_phone,,,,,,,,,43.2174745,-79.8610476,4.398,no_website,,no,,,,,,,,
node/6641082196,node,Beauty First,beauty,shop,Salons & barbers,shop=beauty,,,,,,,,,43.2175111,-79.8607658,4.399,no_website,,no,,,,,,,,
node/6640875137,node,Bikini Village,clothes,shop,Retail shops,shop=clothes,,,,,,,,,43.2173485,-79.8617853,4.399,no_website,,no,,,,,,,,
node/1133485916,node,Cafe Baffico,bakery,shop,Retail shops,shop=bakery,1375 King Street East,Hamilton,,,,,https://cafebaffico.com/,We-Su 09:00-16:00,43.2417237,-79.8222415,4.399,has_website,,no,,"not checked (beyond --max-checks, or --no-health)",,,,,,
node/6641013152,node,Torrid,clothes,shop,Retail shops,shop=clothes,,,,,,,,,43.2173301,-79.8618796,4.4,no_website,,no,,,,,,,,
node/6640875127,node,Aritzia,clothes,shop,Retail shops,shop=clothes,,,,,,,,,43.2173383,-79.8614772,4.405,no_website,,no,,,,,,,,
node/6641082195,node,Boathouse,clothes,shop,Retail shops,shop=clothes,,,,,,,,,43.2174671,-79.8606209,4.407,no_website,,no,,,,,,,,
node/6641082203,node,Kernels,fast_food,amenity,Food & drink,amenity=fast_food,,,,,,,,,43.2173919,-79.8610648,4.407,no_website,,no,,,,,,,,
node/6640959539,node,Telus,mobile_phone,shop,Retail shops,shop=mobile_phone,,,,,,,,,43.2174183,-79.8607648,4.409,no_website,,no,,,,,,,,
node/6640875123,node,Browns,shoes,shop,Retail shops,shop=shoes,,,,,,,,,43.2172489,-79.861817,4.41,no_website,,no,,,,,,,,
node/6641013151,node,Guess,clothes,shop,Retail shops,shop=clothes,,,,,,,,,43.2172284,-79.8619252,4.41,no_website,,no,,,,,,,,
node/6640875128,node,Koodo,mobile_phone,shop,Retail shops,shop=mobile_phone,,,,,,,,,43.2172489,-79.8616861,4.412,no_website,,no,,,,,,,,
node/6640959542,node,Fonelab,mobile_phone,shop,Retail shops,shop=mobile_phone,,,,,,,,,43.2174344,-79.860456,4.413,no_website,,no,,,,,,,,
node/6640907859,node,Extreme Pita,fast_food,amenity,Food & drink,amenity=fast_food,,,,,,,,,43.217446,-79.8603195,4.414,no_website,,no,,,,,,,,
node/6640959541,node,WirelessWave,mobile_phone,shop,Retail shops,shop=mobile_phone,,,,,,,,,43.2174125,-79.860543,4.414,no_website,,no,,,,,,,,
node/6640959540,node,Showcase,gift,shop,Retail shops,shop=gift,,,,,,,,,43.2173889,-79.8606331,4.415,no_website,,no,,,,,,,,
node/6640907860,node,Arby's,fast_food,amenity,Food & drink,amenity=fast_food,Upper Wentworth Street,,ON,L9A 4X5,,,,Mo-Sa 10:00-21:00; Su 11:00-20:00,43.2174477,-79.8602062,4.416,no_website,,no,,,,,,,,
node/6641013139,node,Jump+,electronics,shop,Retail shops,shop=electronics,,,,,,,,,43.2172421,-79.8614116,4.417,no_website,,no,,,,,,,,
node/6641082198,node,La Prep,fast_food,amenity,Food & drink,amenity=fast_food,,,,,,,,,43.2172677,-79.8612298,4.417,no_website,,no,,,,,,,,
node/1780005199,node,Buddy's Roadhouse Bar & Grill,restaurant,amenity,Food & drink,amenity=restaurant,1360 King Street East,Hamilton,,,+1-905-545-1456,,,,43.2410101,-79.8223828,4.418,no_website,,no,,,,,,,,
node/6640875126,node,Frank & Oak,clothes,shop,Retail shops,shop=clothes,,,,,,,,,43.2172177,-79.8615295,4.418,no_website,,no,,,,,,,,
node/6641013150,node,Roots,clothes,shop,Retail shops,shop=clothes,,,,,,,,,43.217117,-79.8619802,4.421,no_website,,no,,,,,,,,
node/6641082197,node,Fido,mobile_phone,shop,Retail shops,shop=mobile_phone,,,,,,,,,43.2172452,-79.8611292,4.422,no_website,,no,,,,,,,,
node/6640907861,node,Manchu Wok,fast_food,amenity,Food & drink,amenity=fast_food,,,,,,,,,43.2174086,-79.860107,4.422,no_website,,no,,,,,,,,
node/6640875122,node,The Children's Place,clothes,shop,Retail shops,shop=clothes,,,,,,,,,43.2171288,-79.8618665,4.422,no_website,,no,,,,,,,,
node/6640959536,node,Best Buy Mobile,mobile_phone,shop,Retail shops,shop=mobile_phone,,,,,,,,,43.2172652,-79.8608921,4.424,no_website,,no,,,,,,,,
node/6641013134,node,Nygard Slims,clothes,shop,Retail shops,shop=clothes,,,,,,,,,43.2171542,-79.8614465,4.426,no_website,,no,,,,,,,,
node/6641082205,node,Baskin-Robbins,ice_cream,amenity,Food & drink,amenity=ice_cream,,,,,,,,,43.2172726,-79.8606571,4.427,no_website,,no,,,,,,,,
node/6640875110,node,Laura,clothes,shop,Retail shops,shop=clothes,,,,,,,,,43.2171278,-79.8615661,4.427,no_website,,no,,,,,,,,
node/6641082201,node,A&W,fast_food,amenity,Food & drink,amenity=fast_food,,,,,,,,,43.217215,-79.860924,4.428,no_website,,no,,,,,,,,
node/6640907862,node,Villa Madina,fast_food,amenity,Food & drink,amenity=fast_food,,,,,,,,,43.2173703,-79.8600428,4.428,no_website,,no,,,,,,,,
node/6641013149,node,La Vie en Rose,clothes,shop,Retail shops,shop=clothes,,,,,,,,,43.217032,-79.8620178,4.43,no_website,,no,,,,,,,,
node/6640875121,node,Melanie Lyne,clothes,shop,Retail shops,shop=clothes,,,,,,,,,43.217049,-79.8618988,4.43,no_website,,no,,,,,,,,
node/3153650369,node,CF Limeridge Food Court,food_court,amenity,Food & drink,amenity=food_court,,,,,,,,,43.2172563,-79.8604342,4.433,no_website,,no,,,,,,,,
way/315995349,way,Mr. Gao,restaurant,amenity,Food & drink,amenity=restaurant,1561 Main Street West,Hamilton,ON,L8S 1E6,+1 289-309-1363,,https://www.gaolaozhuang.ca,Mo-Su 11:30-22:00,43.2572974,-79.9275753,4.433,has_website,,no,,"not checked (beyond --max-checks, or --no-health)",,,,,,
node/6641013135,node,Change Lingerie,clothes,shop,Retail shops,shop=clothes,,,,,,,,,43.2170779,-79.8614706,4.434,no_website,,no,,,,,,,,
node/6641082206,node,L'Amour Nails,beauty,shop,Salons & barbers,shop=beauty,,,,,,,,,43.2172062,-79.8606451,4.434,no_website,,no,,,,,,,,
node/6640907863,node,Thaï Express,fast_food,amenity,Food & drink,amenity=fast_food,,,,,,,,,43.217315,-79.8600031,4.435,no_website,,no,,,,,,,,
node/6640875116,node,Okaïdi,clothes,shop,Retail shops,shop=clothes,,,,,,,,,43.2169985,-79.8616152,4.44,no_website,,no,,,,,,,,
node/6641082207,node,Hudson's Bay Home,furniture,shop,Retail shops,shop=furniture,,,,,,,,,43.2171759,-79.86046,4.441,no_website,,no,,,,,,,,
node/6641013148,node,Le Château,clothes,shop,Retail shops,shop=clothes,,,,,,,,,43.2169235,-79.862062,4.441,no_website,,no,,,,,,,,
node/6640907864,node,KFC,fast_food,amenity,Food & drink,amenity=fast_food,,,,,,,,,43.2172495,-79.8599937,4.442,no_website,,no,,,,,,,,
node/6640907866,node,Taco Bell,fast_food,amenity,Food & drink,amenity=fast_food,,,,,,,https://locations.tacobell.ca/en/on/hamilton/999-upper-wentworth,,43.2172503,-79.8599179,4.443,has_website,,no,,"not checked (beyond --max-checks, or --no-health)",,,,,,
node/6641013136,node,Hollister,clothes,shop,Retail shops,shop=clothes,,,,,,,,,43.2169773,-79.8615175,4.444,no_website,,no,,,,,,,,
way/197566134,way,Boston Pizza,restaurant,amenity,Food & drink,amenity=restaurant,1654 Main Street West,Hamilton,,,+1-905-777-1919,,,Mo-Sa 11:00-02:00,43.2572093,-79.9277277,4.445,no_website,,no,,,,,,,,
node/6640907867,node,Tim Hortons,cafe,amenity,Food & drink,amenity=cafe,,,,,,,,,43.2170938,-79.8606732,4.446,no_website,,no,,,,,,,,
node/6640875119,node,Chatters,hairdresser,shop,Salons & barbers,shop=hairdresser,,,,,,,,,43.2168851,-79.8619682,4.447,no_website,,no,,,,,,,,
node/6640875111,node,Disney Store,gift,shop,Retail shops,shop=gift,,,,,,,,,43.216926,-79.8616493,4.447,no_website,,no,,,,,,,,
node/6641013145,node,Foot Locker,shoes,shop,Retail shops,shop=shoes,,,,,,,,,43.2168443,-79.8620996,4.449,no_website,,no,,,,,,,,
node/6640907865,node,UMI Sushi Express,fast_food,amenity,Food & drink,amenity=fast_food,,,,,,,,,43.2171823,-79.8599961,4.449,no_website,,no,,,,,,,,
node/6640907868,node,Jimmy the Greek,fast_food,amenity,Food & drink,amenity=fast_food,,,,,,,,,43.2170521,-79.86056,4.453,no_website,,no,,,,,,,,
node/6641013146,node,Northern Reflections,clothes,shop,Retail shops,shop=clothes,,,,,,,,,43.2167965,-79.8621224,4.454,no_website,,no,,,,,,,,
node/6640907873,node,Teriyaki Experience,fast_food,amenity,Food & drink,amenity=fast_food,,,,,,,,,43.2171312,-79.8600404,4.454,no_website,,no,,,,,,,,
node/6641013138,node,M Boutique,clothes,shop,Retail shops,shop=clothes,,,,,,,,,43.2168688,-79.8615551,4.455,no_website,,no,,,,,,,,
node/6640875112,node,Strauss Men's Wear,clothes,shop,Retail shops,shop=clothes,,,,,,,,,43.2168519,-79.8616784,4.455,no_website,,no,,,,,,,,
node/6640875118,node,Naturalizer,shoes,shop,Retail shops,shop=shoes,,,,,,,,,43.2167919,-79.8620051,4.456,no_website,,no,,,,,,,,
node/6640907869,node,Harvey's,fast_food,amenity,Food & drink,amenity=fast_food,,,,,,,,,43.21703,-79.8604444,4.457,no_website,,no,,,,,,,,
node/6640875125,node,WirelessWave,mobile_phone,shop,Retail shops,shop=mobile_phone,,,,,,,,,43.2168077,-79.8618648,4.457,no_website,,no,,,,,,,,
node/6640907872,node,New York Fries,fast_food,amenity,Food & drink,amenity=fast_food,,,,,+1 905-318-3284,,https://www.newyorkfries.com/,Mo-Fr 10:00-21:00; Sa 10:00-18:00; Su 11:00-18:00,43.2170793,-79.8600965,4.458,has_website,,no,,"not checked (beyond --max-checks, or --no-health)",,,,,,
node/6641013147,node,Bootlegger,clothes,shop,Retail shops,shop=clothes,,,,,,,,,43.2167447,-79.8621425,4.459,no_website,,no,,,,,,,,
node/6640907870,node,Bourbon St. Grill,fast_food,amenity,Food & drink,amenity=fast_food,,,,,,,,,43.2170206,-79.860316,4.46,no_website,,no,,,,,,,,
node/6641013137,node,Ricki's,clothes,shop,Retail shops,shop=clothes,,,,,,,,,43.2168121,-79.8615833,4.461,no_website,,no,,,,,,,,
node/6640907871,node,Subway,fast_food,amenity,Food & drink,amenity=fast_food,,,,,,,,,43.2170283,-79.8601712,4.462,no_website,,no,,,,,,,,
node/6640907874,node,Swiss Chalet,restaurant,amenity,Food & drink,amenity=restaurant,,,,,,,,,43.2169857,-79.8604607,4.462,no_website,,no,,,,,,,,
node/6640875113,node,Addition Elle,clothes,shop,Retail shops,shop=clothes,,,,,,,,,43.2167735,-79.8617129,4.463,no_website,,no,,,,,,,,
node/6641013141,node,Miniso,variety_store,shop,Retail shops,shop=variety_store,,,,,,,,,43.2166938,-79.8621653,4.464,no_website,,no,,,,,,,,
node/6640875117,node,Peoples Jewellers,jewelry,shop,Retail shops,shop=jewelry,,,,,,,,,43.2167122,-79.8620344,4.464,no_website,,no,,,,,,,,
way/839508180,way,Stop Bar & Grill,pub,amenity,Food & drink,amenity=pub,,,,,,,,,43.2517042,-79.8180658,4.464,no_website,,no,,,,,,,,
node/6640875101,node,Starbucks,cafe,amenity,Food & drink,amenity=cafe,,,,,,,,,43.2166601,-79.8623666,4.465,no_website,,no,,,,,,,,
node/6640875124,node,WOW! Mobile Boutique,mobile_phone,shop,Retail shops,shop=mobile_phone,,,,,,,,,43.2167157,-79.8618894,4.466,no_website,,no,,,,,,,,
node/6640875102,node,Salon Mirage & Spa,hairdresser,shop,Salons & barbers,shop=hairdresser,,,,,,,,,43.2166371,-79.8622264,4.47,no_website,,no,,,,,,,,
node/6640875114,node,Globo Shoes,shoes,shop,Retail shops,shop=shoes,,,,,,,,,43.2166943,-79.8617444,4.471,no_website,,no,,,,,,,,
node/6641013132,node,Gap,clothes,shop,Retail shops,shop=clothes,,,,,,,,,43.2166878,-79.8616378,4.474,no_website,,no,,,,,,,,
node/6641013142,node,Lids,clothes,shop,Retail shops,shop=clothes,,,,,,,,,43.2165941,-79.8621935,4.475,no_website,,no,,,,,,,,
node/6641013133,node,iTech,mobile_phone,shop,Retail shops,shop=mobile_phone,,,,,,,,,43.2166116,-79.8619401,4.477,no_website,,no,,,,,,,,
node/6640875115,node,Cleo,clothes,shop,Retail shops,shop=clothes,,,,,,,,,43.2166239,-79.8617816,4.478,no_website,,no,,,,,,,,
way/98065497,way,The Keg,restaurant,amenity,Food & drink,amenity=restaurant,,,,,,,https://thekeg.com/en/locations/hamilton-mountain,,43.217198,-79.8873205,4.479,has_website,,no,,"not checked (beyond --max-checks, or --no-health)",,,,,,
node/13135891752,node,Sameday Roofing Systems Inc.,roofer,craft,Trades & contractors,craft=roofer,160 Grosvenor Avenue North,Hamilton,ON,L8L 7S8,+1- 905-902-7663,,https://samedayroofing.com/,Mo-Su 07:00-23:00,43.2467269,-79.8190514,4.48,has_website,,no,,"not checked (beyond --max-checks, or --no-health)",,,,,,
node/6641013131,node,Gap Kids,clothes,shop,Retail shops,shop=clothes,,,,,,,,,43.216614,-79.8616695,4.481,no_website,,no,,,,,,,,
node/6641013143,node,International Clothiers,clothes,shop,Retail shops,shop=clothes,,,,,,,,,43.2165238,-79.862223,4.482,no_website,,no,,,,,,,,
node/6640875107,node,Hallmark,gift,shop,Retail shops,shop=gift,,,,,,,,,43.2165564,-79.8618056,4.485,no_website,,no,,,,,,,,
node/6641013144,node,Spencer's,gift,shop,Retail shops,shop=gift,,,,,,,,,43.2164495,-79.8622565,4.49,no_website,,no,,,,,,,,
way/43940678,way,Klassic Express,car_wash,amenity,Services,amenity=car_wash,1575 Main Street West,Hamilton,ON,L8S 1E6,,,,Mo-Sa 08:00-20:00; Su 09:00-18:00,43.2571263,-79.9283073,4.492,no_website,,no,,,,,,,,
node/8972063372,node,Pane Fresco,fast_food,amenity,Food & drink,amenity=fast_food,1579 Main Street West,,,L8S 1E6,+1 905 308 9045,,https://pane-fresco.ca/,,43.2556113,-79.9283173,4.492,has_website,,no,,"not checked (beyond --max-checks, or --no-health)",,,,,,
node/6640875105,node,Total Image,hairdresser,shop,Salons & barbers,shop=hairdresser,,,,,,,,,43.2164238,-79.8621674,4.494,no_website,,no,,,,,,,,
node/6641013129,node,Spectrum Family Eye Care,optician,shop,Retail shops,shop=optician,,,,,,,,,43.2164886,-79.8616456,4.495,no_website,,no,,,,,,,,
node/8133037174,node,Steelworkers Dental Office,dentist,healthcare,Health & clinics,healthcare=dentist,,,,,,,,,43.2519933,-79.8176225,4.496,no_website,,no,,,,,,,,
node/6640875108,node,Foot Locker,shoes,shop,Retail shops,shop=shoes,,,,,,,,,43.2164334,-79.8618615,4.498,no_website,,no,,,,,,,,
node/6641013128,node,Hearing Solutions,hearing_aids,shop,Retail shops,shop=hearing_aids,,,,,,,,,43.2164415,-79.8617571,4.498,no_website,,no,,,,,,,,
node/6641013130,node,LensCrafters,optician,shop,Retail shops,shop=optician,,,,,,,,,43.2164699,-79.8615429,4.499,no_website,,no,,,,,,,,
way/310008738,way,Hasty Market,convenience,shop,Retail shops,shop=convenience,,,,,,,,,43.2578005,-79.9284181,4.503,no_website,,no,,,,,,,,
node/6640875106,node,Cogeco,electronics,shop,Retail shops,shop=electronics,,,,,,,,,43.2163645,-79.8618859,4.505,no_website,,no,,,,,,,,
node/6641013127,node,Pearle Vision,optician,shop,Retail shops,shop=optician,,,,,,,,,43.2163538,-79.8617871,4.508,no_website,,no,,,,,,,,
node/7237736783,node,Domino's,fast_food,amenity,Food & drink,amenity=fast_food,,,,,,,,,43.2166569,-79.8861012,4.513,no_website,,no,,,,,,,,
node/8972063373,node,Fortinos Pharmacy,pharmacy,healthcare,Health & clinics,healthcare=pharmacy,1579 Main Street West,,,,,,,,43.2554526,-79.9286404,4.518,no_website,,no,,,,,,,,
node/8133037176,node,Angelo's Hairstyling,hairdresser,shop,Salons & barbers,shop=hairdresser,,,,,,,,,43.2516162,-79.8173643,4.522,no_website,,no,,,,,,,,
way/621084643,way,Royal Auto Care,car_repair,shop,Auto services,shop=car_repair,1580 Main Street West,Hamilton,ON,L8S 1E9,+1-905-963-9009,,https://hamiltonroyalauto.com/,,43.2578089,-79.9286516,4.522,has_website,,no,,"not checked (beyond --max-checks, or --no-health)",,,,,,
way/98065166,way,Turtle Jack's,restaurant,amenity,Food & drink,amenity=restaurant,,,,,,,,,43.2168274,-79.8875328,4.524,no_website,,no,,,,,,,,
way/345742899,way,Tim Hortons,cafe,amenity,Food & drink,amenity=cafe,65 Ottawa Street North,Hamilton,,,,,,,43.2445958,-79.8191434,4.534,no_website,,no,,,,,,,,
node/7237740996,node,Factory Shoe,shoes,shop,Retail shops,shop=shoes,,,,,,,,,43.216525,-79.8864855,4.535,no_website,,no,,,,,,,,
way/197565986,way,Wendy's,fast_food,amenity,Food & drink,amenity=fast_food,1585 Main Street West,Hamilton,ON,L8S 1E6,+1 905-527-1464,,https://locations.wendys.com/canada/on/hamilton/1585-main-st-w.,Mo-Su 10:30-24:00,43.2571441,-79.928983,4.547,has_website,,no,,"not checked (beyond --max-checks, or --no-health)",,,,,,
node/14066918401,node,The City & The City Books,books,shop,Retail shops,shop=books,181 Ottawa Street North,,,L8H3Z4,,,,,43.247803,-79.8177954,4.553,no_website,,no,,,,,,,,
node/3081075775,node,HAMBRGR,restaurant,amenity,Food & drink,amenity=restaurant,207 Ottawa Street North,,,,,,,,43.2483548,-79.8176124,4.556,no_website,,no,,,,,,,,
node/13157187992,node,Sakumi Sushi,restaurant,amenity,Food & drink,amenity=restaurant,209 Ottawa Street North,Hamilton,Ontario,L8H 3Z4,+1-289-389-6616,,,Tu 12:00-21:00; We 16:00-21:00; Th-Su 12:00-21:00,43.2483819,-79.8175382,4.561,no_website,,no,,,,,,,,
node/3652033619,node,Fabricland,fabric,shop,Retail shops,shop=fabric,241 Ottawa Street North,,,,+1-905-544-8123,,https://fabricland.ca/storelocator/ON/Hamilton/Ottawa.php,,43.2489582,-79.8173116,4.568,has_website,,no,,"not checked (beyond --max-checks, or --no-health)",,,,,,
node/4040325838,node,Joe Fresh,clothes,shop,Retail shops,shop=clothes,1579 Main Street West,,,,,,,,43.2554059,-79.9292598,4.568,no_website,,no,,,,,,,,
way/775832147,way,Shoeless Joe's,restaurant,amenity,Food & drink,amenity=restaurant,,,,,,,,,43.2162006,-79.8865073,4.57,no_website,,no,,,,,,,,
node/2565744461,node,Caro,restaurant,amenity,Food & drink,amenity=restaurant,4 Ottawa Street North,,,L8H 3Y7,+1 905 312 4545,,https://carorestaurant.com/about,,43.2426965,-79.8194956,4.571,has_website,,no,,"not checked (beyond --max-checks, or --no-health)",,,,,,
node/3081075772,node,Mike's Subs,fast_food,amenity,Food & drink,amenity=fast_food,,,,,,,,,43.2458589,-79.8181516,4.574,no_website,,no,,,,,,,,
node/4408947774,node,Mohawk Walk In Clinic,clinic,healthcare,Health & clinics,healthcare=clinic,,,,,,,,,43.2341319,-79.9206629,4.577,no_website,,no,,,,,,,,
node/3081075766,node,Cannon Coffee,cafe,amenity,Food & drink,amenity=cafe,,,,,,,,,43.2474239,-79.8175883,4.579,no_website,,no,,,,,,,,
node/3081075761,node,YWCA,sports_centre,leisure,Fitness & leisure,leisure=sports_centre,,,,,,,,,43.2438836,-79.8188489,4.58,no_website,,no,,,,,,,,
node/3652033618,node,European Textiles,fabric,shop,Retail shops,shop=fabric,,,,,,,,,43.2501275,-79.8168837,4.581,no_website,,no,,,,,,,,
node/3652033623,node,U.S. Fabric Mill Outlet,fabric,shop,Retail shops,shop=fabric,,,,,,,,,43.2497961,-79.8169534,4.581,no_website,,no,,,,,,,,
node/13157162145,node,Murray's Farm Butcher Shoppe,butcher,shop,Retail shops,shop=butcher,182 Ottawa Street North,Hamilton,Ontario,L8H 3Z5,+1-905-393-1380,,https://murraysfarm.com/,Mo-Fr 10:00-18:00; Sa 09:00-17:00; Su 10:00-17:00,43.2476661,-79.8174695,4.582,has_website,,no,,"not checked (beyond --max-checks, or --no-health)",,,,,,
node/3081075769,node,Quality Bakery,bakery,shop,Retail shops,shop=bakery,,,,,,,,,43.2467401,-79.8177439,4.583,no_website,,no,,,,,,,,
node/4408947773,node,Dr Rick Black & Dr Morrey Black,doctor,healthcare,Health & clinics,healthcare=doctor,,,,,,,,,43.2341132,-79.9207451,4.584,no_website,,no,,,,,,,,
node/8133037177,node,Remedy'sRx,pharmacy,healthcare,Health & clinics,healthcare=pharmacy,,,,,,,,,43.2516587,-79.8165777,4.584,no_website,,no,,,,,,,,
node/8133037178,node,Eva's Tanning Salon,beauty,shop,Salons & barbers,shop=beauty,,,,,,,,,43.2516484,-79.816516,4.589,no_website,,no,,,,,,,,
node/4408947772,node,KK Financial Services,accountant,office,Professional services,office=accountant,,,,,,,,,43.2340973,-79.9208054,4.589,no_website,,no,,,,,,,,
way/183389192,way,John Bear Chevrolet Buick GMC,car,shop,Auto services,shop=car,,,,,,,,,43.2163238,-79.8881559,4.591,no_website,,no,,,,,,,,
node/13157185458,node,POWER Pizza,restaurant,amenity,Food & drink,amenity=restaurant,134 Ottawa Street North,Hamilton,Ontario,L8H 3Z3,+1-905-549-7734,,https://powerpizza.ca/,Mo-Th 16:00-21:00; Fr-Sa 11:00-22:00; Su 12:00-21:00,43.2461953,-79.8178228,4.591,has_website,,no,,"not checked (beyond --max-checks, or --no-health)",,,,,,
node/3081075767,node,Cafe Limoncello,restaurant,amenity,Food & drink,amenity=restaurant,226 Ottawa Street North,,,L8H3Z6,+1-905-549-3556,info@cafelimoncello.com,https://www.cafelimoncello.com/,,43.2487622,-79.8170331,4.594,has_website,,no,,"not checked (beyond --max-checks, or --no-health)",,,,,,
node/3081075774,node,Crown Convenience and Grocery,convenience,shop,Retail shops,shop=convenience,,,,,,,,,43.246406,-79.8177144,4.594,no_website,,no,,,,,,,,
node/7237741001,node,DOT Furniture,furniture,shop,Retail shops,shop=furniture,,,,,,,,,43.2159962,-79.8866087,4.594,no_website,,no,,,,,,,,
node/3081075768,node,Auntie Boom's Retro Cafe,restaurant,amenity,Food & drink,amenity=restaurant,,,,,,,,,43.248686,-79.8170358,4.595,no_website,,no,,,,,,,,
way/373777845,way,Simply Italian Bakery,bakery,shop,Retail shops,shop=bakery,212 Ottawa Street North,,,L8H3Z6,+1-905-592-1637,info@simplyitalianbakery.com,https://www.simplyitalianbakery.com/,,43.2486149,-79.8170612,4.595,has_website,,no,,"not checked (beyond --max-checks, or --no-health)",,,,,,
way/373777873,way,Orangetree Boutique,clothes,shop,Retail shops,shop=clothes,190 Ottawa Street North,Hamilton,,L8H 3Z5,,,https://orangetreeboutique.ca/,,43.2478029,-79.8172608,4.596,has_website,,no,,"not checked (beyond --max-checks, or --no-health)",,,,,,
node/4408947771,node,"Venice Beach Pizza, Wings and Subs",fast_food,amenity,Food & drink,amenity=fast_food,770 Mohawk Road West,,,,,,,,43.234072,-79.9209224,4.598,no_website,,no,,,,,,,,
node/3652033617,node,Discount Fabric,fabric,shop,Retail shops,shop=fabric,,,,,,,,,43.2510473,-79.8164624,4.601,no_website,,no,,,,,,,,
node/2811499301,node,City Furniture & Mattress,furniture,shop,Retail shops,shop=furniture,,,,,,,,,43.2516641,-79.8163368,4.604,no_website,,no,,,,,,,,
node/9082878242,node,AIM Health Group,clinic,healthcare,Health & clinics,healthcare=clinic,,,,,,,,,43.2566485,-79.9297442,4.607,no_website,,no,,,,,,,,
node/7237682479,node,Sherwin-Williams,paint,shop,Retail shops,shop=paint,,,,,,,,,43.2568208,-79.9297722,4.61,no_website,,no,,,,,,,,
node/13031970701,node,The Hearty Hooligan,restaurant,amenity,Food & drink,amenity=restaurant,292 Ottawa Street North,,,L8H 3Z9,,,https://www.theheartyhooligan.com/,Th-Mo 11:00-21:00,43.2502075,-79.8164592,4.614,has_website,,no,,"not checked (beyond --max-checks, or --no-health)",,,,,,
node/3081075776,node,South Sea,restaurant,amenity,Food & drink,amenity=restaurant,,,,,,,,,43.2500809,-79.8164698,4.615,no_website,,no,,,,,,,,
node/9654198348,node,The Argyle,pub,amenity,Food & drink,amenity=pub,304 Ottawa Street North,,,L8H 3Z9,+1 289 389 4085,,https://theargyle.ca,,43.2504944,-79.8163786,4.616,has_website,,no,,"not checked (beyond --max-checks, or --no-health)",,,,,,
node/2565744466,node,Dairy Queen,fast_food,amenity,Food & drink,amenity=fast_food,,,,,,,,,43.242511,-79.8188531,4.627,no_website,,no,,,,,,,,
node/1778717914,node,Circle K,convenience,shop,Retail shops,shop=convenience,1460 King Street East,Hamilton,Ontario,L8K 1S7,+1 905-545-8272,,https://www.circlek.com/,24/7,43.238567,-79.8210096,4.629,has_website,,no,,"not checked (beyond --max-checks, or --no-health)",,,,,,
node/3652033614,node,Active Green + Ross,car_repair,shop,Auto services,shop=car_repair,,,,,,,,,43.2528945,-79.8158049,4.634,no_website,,no,,,,,,,,
node/8133037180,node,Oxford Mills Outlet,fabric,shop,Retail shops,shop=fabric,,,,,,,,,43.2512514,-79.8160198,4.634,no_website,,no,,,,,,,,
node/4194445862,node,Mancala Monk Board Game Cafe,cafe,amenity,Food & drink,amenity=cafe,1229 Cannon Street East,Hamilton,,L8H 1T8,,,,,43.2474612,-79.8166987,4.648,no_website,,no,,,,,,,,
way/775832146,way,Audi Hamilton,car,shop,Auto services,shop=car,,,,,,,,,43.2154252,-79.8864287,4.652,no_website,,no,,,,,,,,
node/4194445863,node,Pizza YOLO,restaurant,amenity,Food & drink,amenity=restaurant,,,,,,,,,43.2474752,-79.8165192,4.662,no_website,,no,,,,,,,,
node/3652033620,node,Maple Leaf Submarines,fast_food,amenity,Food & drink,amenity=fast_food,,,,,,,,,43.2541338,-79.8153456,4.663,no_website,,no,,,,,,,,
node/3652033622,node,Polfix Automotive,car_repair,shop,Auto services,shop=car_repair,,,,,,,,,43.2543917,-79.8152482,4.669,no_website,,no,,,,,,,,
way/1233087606,way,Tim Hortons,cafe,amenity,Food & drink,amenity=cafe,,,,,,,,24/7,43.2197649,-79.8438479,4.672,no_website,,no,,,,,,,,
node/13761013304,node,GS Car Wash & Detailing Centre,car_wash,amenity,Services,amenity=car_wash,,,,,,,,,43.2200336,-79.843053,4.679,no_website,,no,,,,,,,,
way/98068076,way,Glendale Early Learning and Child Care Centre,childcare,amenity,Services,amenity=childcare,,,,,,,,,43.2218787,-79.9066044,4.684,no_website,,no,,,,,,,,
node/13761082801,node,Ale House,bar,amenity,Food & drink,amenity=bar,802 Upper Gage Avenue,,,L8V 4K4,+1 289-755-0518,alehousehamilton.2020@gmail.com,https://alehousehamilton.ca/,Th-Sa 11:00-01:00; Su-We 11:00-00:00,43.2199531,-79.8430395,4.687,has_website,,no,,"not checked (beyond --max-checks, or --no-health)",,,,,,
node/13761086301,node,Gage Pizza and Wings,restaurant,amenity,Food & drink,amenity=restaurant,804 Upper Gage Avenue,,,L8V 4K4,+1 905-574-4343,gagepizzawings@gmail.com,https://www.gagepizza.com/,Su-Th 11:00-00:00; Fr-Sa 11:00-01:00,43.2198076,-79.843078,4.7,has_website,,no,,"not checked (beyond --max-checks, or --no-health)",,,,,,
node/13761088003,node,Goldies Variety,variety_store,shop,Retail shops,shop=variety_store,,,,,,,,,43.2196043,-79.8435268,4.701,no_website,,no,,,,,,,,
node/13761082902,node,The Biryani Walla,restaurant,amenity,Food & drink,amenity=restaurant,804 Upper Gage Avenue,,,L8V 4K4,+1 905-318-3737,hamiltonbiryaniwalla@gmail.com,https://www.thebiryaniwalla.com/hamilton-home.html,We-Mo 11:00-23:00,43.2197694,-79.8430859,4.703,has_website,,no,,"not checked (beyond --max-checks, or --no-health)",,,,,,
way/183387297,way,Hamilton Volkswagen,car,shop,Auto services,shop=car,,,,,,,,,43.2149718,-79.8865914,4.704,no_website,,no,,,,,,,,
node/13761088002,node,JJ Nails & Beauty,beauty,shop,Salons & barbers,shop=beauty,,,,,,,,,43.2195728,-79.8434274,4.708,no_website,,no,,,,,,,,
node/13761088901,node,Yonan's Barber Shop,hairdresser,shop,Salons & barbers,shop=hairdresser,,,,,,,,,43.2195659,-79.843368,4.711,no_website,,no,,,,,,,,
node/2962767985,node,Circle K,convenience,shop,Retail shops,shop=convenience,801 Mohawk Road West,Hamilton,,L9C 6C2,,,,,43.2329068,-79.9221678,4.753,no_website,,no,,,,,,,,
node/13759493255,node,Desjardins Insurance,insurance,office,Professional services,office=insurance,,,,,+19055741200,,https://www.trevorcapra.ca/?utm_id=ls-e-0-24931&campagne=ls-e-0-24931,,43.239173,-79.9267678,4.754,has_website,,no,,"not checked (beyond --max-checks, or --no-health)",,,,,,
node/12821469543,node,Barton Medical Center,doctor,healthcare,Health & clinics,healthcare=doctor,,,,,,,,,43.2508727,-79.8145168,4.76,no_website,,no,,,,,,,,
node/2962767984,node,Shoppers Drug Mart,pharmacy,healthcare,Health & clinics,healthcare=pharmacy,801 Mohawk Road West,Hamilton,,L9C 6C2,+1-905-388-9191,asdm754@shoppersdrugmart.ca,https://www.shoppersdrugmart.ca/en/store-locator/store/754,Mo-Su 08:00-22:00,43.233145,-79.9224815,4.76,has_website,,no,,"not checked (beyond --max-checks, or --no-health)",,,,,,
node/12821469542,node,Barton Pharmacy,pharmacy,healthcare,Health & clinics,healthcare=pharmacy,,,,,,,,,43.2508328,-79.814496,4.762,no_website,,no,,,,,,,,
node/7237741002,node,Darband Kabab,fast_food,amenity,Food & drink,amenity=fast_food,,,,,,,,,43.2147491,-79.8882565,4.762,no_website,,no,,,,,,,,
node/12821469541,node,Barton Walk-In Clinic,clinic,healthcare,Health & clinics,healthcare=clinic,,,,,,,,,43.2508552,-79.8144872,4.763,no_website,,no,,,,,,,,
node/12821469540,node,Barton Dental,dentist,healthcare,Health & clinics,healthcare=dentist,,,,,,,,,43.2508831,-79.8144708,4.764,no_website,,no,,,,,,,,
node/13206987424,node,Perfect Cut Hair Salon,hairdresser,shop,Salons & barbers,shop=hairdresser,,,,,+1-905-667-1807,,,,43.2212316,-79.9070874,4.765,no_website,,no,,,,,,,,
node/2962767992,node,Harvard Square Dental Care,dentist,healthcare,Health & clinics,healthcare=dentist,,,,,,,,,43.2331491,-79.9225782,4.767,no_website,,no,,,,,,,,
node/13207034895,node,South Garden Chinese Restaurant,restaurant,amenity,Food & drink,amenity=restaurant,1300 Garth Street,,,L9C 4L7,+1 905-574-2911;+1 905-574-2912,,https://cckwokchun.wixsite.com/southgarden,Mo-Su 15:00-22:00,43.2212025,-79.9070991,4.768,has_website,,no,,"not checked (beyond --max-checks, or --no-health)",,,,,,
way/266070487,way,KFC,fast_food,amenity,Food & drink,amenity=fast_food,,,,,,,,,43.2193537,-79.842431,4.77,no_website,,no,,,,,,,,
node/7076281538,node,Garth Dental,dentist,healthcare,Health & clinics,healthcare=dentist,1300 Garth Street,,,L9C 4L7,+1 905-387-3879,garthdental@hotmail.com,https://www.garthdental.ca/,Mo-Th 09:00-19:00; Sa 09:00-15:00,43.2211693,-79.9071131,4.772,has_website,,no,,"not checked (beyond --max-checks, or --no-health)",,,,,,
node/13207034894,node,Mountain Consulting Pediatrics,doctor,healthcare,Health & clinics,healthcare=doctor,,,,,,,,,43.2211414,-79.9071263,4.775,no_website,,no,,,,,,,,
node/13207034893,node,Connect Hearing,hearing_aids,shop,Retail shops,shop=hearing_aids,1300 Garth Street,,,L9C 4L7,+1 905-574-5358,,https://www.connecthearing.ca/clinics/on/hamilton/1300-garth-street_s_caon424/,"Mo-Fr 09:00-12:00, 13:00-17:00",43.2211043,-79.9071387,4.779,has_website,,no,,"not checked (beyond --max-checks, or --no-health)",,,,,,
node/7237741003,node,Dulux Paints,paint,shop,Retail shops,shop=paint,,,,,,,,,43.2146129,-79.8883896,4.78,no_website,,no,,,,,,,,
node/7237741004,node,Speedy Glass,car_repair,shop,Auto services,shop=car_repair,1247 Upper James Street,,,L9C3B2,+1-905-574-6040,,https://www.speedyglass.ca,,43.2143611,-79.8872268,4.783,has_website,,no,,"not checked (beyond --max-checks, or --no-health)",,,,,,
way/242849765,way,McDonald's,fast_food,amenity,Food & drink,amenity=fast_food,,Hamilton,,,,,,,43.218784,-79.8433649,4.786,no_website,,no,,,,,,,,
way/835946440,way,West Park Animal Hospital,veterinary,amenity,Services,amenity=veterinary,1632 Main Street West,Hamilton,ON,L8S 1G4,+1-905-527-7426,westparkanimalhospital@hotmail.com,https://westparkanimalhospital.ca/,Mo-Fr 08:00-18:00; Sa 09:00-13:00; Su off,43.2576884,-79.9320093,4.794,has_website,,no,,"not checked (beyond --max-checks, or --no-health)",,,,,,
node/2962767991,node,Supernails,beauty,shop,Salons & barbers,shop=beauty,801 Mohawk Road West,Hamilton,,L9C 6C2,,,,,43.2331306,-79.9229738,4.795,no_website,,no,,,,,,,,
node/2962767990,node,Wright's,dry_cleaning,shop,Retail shops,shop=dry_cleaning,801 Mohawk Road West,Hamilton,,L9C 6C2,,,,,43.2331298,-79.9230154,4.798,no_website,,no,,,,,,,,
node/12821469539,node,Eastown Bar & Grill,restaurant,amenity,Food & drink,amenity=restaurant,,,,,,,,,43.2506459,-79.8140662,4.8,no_website,,no,,,,,,,,
node/2962767989,node,Haircrafters,hairdresser,shop,Salons & barbers,shop=hairdresser,801 Mohawk Road West,Hamilton,,L9C 6C2,,,,,43.2331291,-79.9230628,4.801,no_website,,no,,,,,,,,
node/3220752061,node,West End Medical Arts,doctor,healthcare,Health & clinics,healthcare=doctor,,,,,,,,,43.2569473,-79.9321576,4.803,no_website,,no,,,,,,,,
node/2962767988,node,Russ Men's Hairstyling and Barber Shop,hairdresser,shop,Salons & barbers,shop=hairdresser,801 Mohawk Road West,Hamilton,,L9C 6C2,,,,,43.2331306,-79.9231103,4.804,no_website,,no,,,,,,,,
node/2962767987,node,Pet Valu,pet,shop,Pet services,shop=pet,801 Mohawk Road West,Hamilton,,L9C 6C2,,,https://store.petvalu.ca/location/2023,Mo-Fr 09:00-21:00; Sa 09:00-20:00; Su 09:00-18:00,43.2331298,-79.9231607,4.808,has_website,,no,,"not checked (beyond --max-checks, or --no-health)",,,,,,
node/2962767986,node,Nellie's Chinese Food and Fish and Chips,restaurant,amenity,Food & drink,amenity=restaurant,801 Mohawk Road West,Hamilton,,L9C 6C2,,,,,43.2331296,-79.9232112,4.811,no_website,,no,,,,,,,,
node/4499779488,node,Shoppers Drug Mart,pharmacy,healthcare,Health & clinics,healthcare=pharmacy,1300 Garth Street,Hamilton,,L9C 4L7,+1 905-387-2211,asdm1045@shoppersdrugmart.ca,https://www.shoppersdrugmart.ca/en/store-locator/store/1045,Mo-Su 08:00-00:00,43.2207422,-79.9072579,4.817,has_website,,no,,"not checked (beyond --max-checks, or --no-health)",,,,,,
way/184304984,way,Tim Hortons,cafe,amenity,Food & drink,amenity=cafe,,,,,,,,,43.2262455,-79.8295965,4.826,no_website,,no,,,,,,,,
way/183248965,way,Jiffy Lube,car_repair,shop,Auto services,shop=car_repair,544 Limeridge Road East,Hamilton,,L8W 1A1,,,,,43.2134197,-79.8613177,4.835,no_website,,no,,,,,,,,
node/13206987427,node,Circle K,convenience,shop,Retail shops,shop=convenience,1300 Garth Street,,,L9C 4L7,+1-905-388-0260,,https://www.circlek.com/store-locator/CA/hamilton/1300-garth-street/0800837,24/7,43.2205847,-79.9074079,4.839,has_website,,no,,"not checked (beyond --max-checks, or --no-health)",,,,,,
node/13206987426,node,Garth Pizza & Wings,fast_food,amenity,Food & drink,amenity=fast_food,1300 Garth Street,,,L9C 4L7,+1-905-388-3444,,http://www.garthpizza.com/m/index.html,Mo-Tu 10:00-22:30; We 11:00-23:00; Th 11:00-00:00; Fr 09:00-01:00; Sa 10:00-01:00; Su 10:00-00:00,43.2205339,-79.9074268,4.844,has_website,,no,,"not checked (beyond --max-checks, or --no-health)",,,,,,
node/2606905634,node,New Hope Community Bikes,bicycle,shop,Retail shops,shop=bicycle,1249 Main Street East,Hamilton,ON,L8K 1A8,+1-905-545-1991,,https://www.newhopecommunitybikes.com/,Tu-Sa 10:00-17:00,43.2418957,-79.8162915,4.845,has_website,,no,,"not checked (beyond --max-checks, or --no-health)",,,,,,
node/13206987425,node,Lemongrass,restaurant,amenity,Food & drink,amenity=restaurant,1300 Garth Street,,,L9C 4L7,+1-905-574-3932,,https://www.lemongrassrestaurant.ca/,Mo-Tu 12:00-20:30; We-Sa 12:00-21:00; Su 16:00-20:30,43.2204852,-79.9074428,4.849,has_website,,no,,"not checked (beyond --max-checks, or --no-health)",,,,,,
node/279947152,node,Pour House,pub,amenity,Food & drink,amenity=pub,,,,,,,,,43.2258493,-79.8296599,4.852,no_website,,no,,,,,,,,
node/13832148901,node,Crichigno,dentist,healthcare,Health & clinics,healthcare=dentist,1265 Upper James Street,,,L9C 3B3,+1-905-560-4555,,https://www.4braces.ca/,,43.2137967,-79.8877257,4.854,has_website,,no,,"not checked (beyond --max-checks, or --no-health)",,,,,,
way/270045218,way,Shell Select,convenience,shop,Retail shops,shop=convenience,1110 Fennell Avenue East,Hamilton,Ontario,L8T 1R8,+1 905-574-8446,,https://find.shell.com/ca/fuel/10053129-fennel-e-upper-ottawa/en_CA,,43.22538,-79.8301239,4.862,has_website,,no,,"not checked (beyond --max-checks, or --no-health)",,,,,,
node/13461209328,node,Golden Griddle,restaurant,amenity,Food & drink,amenity=restaurant,,,,,,,,,43.226103,-79.8289013,4.877,no_website,,no,,,,,,,,
node/12821469546,node,Lensmakers Optical,optician,shop,Retail shops,shop=optician,,,,,,,,,43.2505645,-79.8128666,4.897,no_website,,no,,,,,,,,
node/13832143802,node,BrokerLink Insurance,insurance,office,Professional services,office=insurance,,,,,+1-905-548-6886,,https://brokerlink.ca/,Mo-Fr 08:30-17:00,43.2132901,-79.8874733,4.903,has_website,,no,,"not checked (beyond --max-checks, or --no-health)",,,,,,
node/13832143901,node,Miller Shoes,shoes,shop,Retail shops,shop=shoes,,,,L9C 3A9,+1-905-387-7463,,https://millershoes.com/,Mo-Sa 09:00-18:00; Su 12:00-17:00,43.2131791,-79.8875207,4.916,has_website,,no,,"not checked (beyond --max-checks, or --no-health)",,,,,,
node/13461209326,node,Rexall,pharmacy,healthcare,Health & clinics,healthcare=pharmacy,,,,,,,,,43.2260222,-79.8283262,4.918,no_website,,no,,,,,,,,
way/98059459,way,Lawfield Arena,sports_centre,leisure,Fitness & leisure,leisure=sports_centre,,,,,,,,,43.2148692,-79.8507549,4.92,no_website,,no,,,,,,,,
node/4346963999,node,First Choice Hair,hairdresser,shop,Salons & barbers,shop=hairdresser,,,,,,,,,43.2252117,-79.8293275,4.921,no_website,,no,,,,,,,,
node/404133455,node,Firestone,car_repair,shop,Auto services,shop=car_repair,,,,,,,,,43.2417544,-79.8153607,4.922,no_website,,no,,,,,,,,
node/13461209330,node,Lavino Pizza,fast_food,amenity,Food & drink,amenity=fast_food,,,,,,,,,43.2259669,-79.8282233,4.928,no_website,,no,,,,,,,,
node/13832143801,node,M-Line Pharmacy,pharmacy,healthcare,Health & clinics,healthcare=pharmacy,1289 Upper James Street,,,L9C 3B3,+1-289-755-2200,,https://m-linepharmacy.ca/,Mo-Fr 09:00-18:00; Sa 10:00-14:00,43.2130734,-79.887553,4.928,has_website,,no,,"not checked (beyond --max-checks, or --no-health)",,,,,,
node/13461209331,node,Subway,fast_food,amenity,Food & drink,amenity=fast_food,,,,,,,,,43.2260185,-79.8279401,4.941,no_website,,no,,,,,,,,
node/13155795985,node,A1 Poutine and Wings,restaurant,amenity,Food & drink,amenity=restaurant,1279 Main Street East,Hamilton,Ontario,L8K 1B1,+1-905-549-9555,,https://a1poutineandwings.ca,Mo-Th 11:00-22:00; Fr-Sa 11:00-00:00; Su 11:00-22:00,43.2416131,-79.8151094,4.946,has_website,,no,,"not checked (beyond --max-checks, or --no-health)",,,,,,
way/135274189,way,Shoppers Drug Mart,pharmacy,healthcare,Health & clinics,healthcare=pharmacy,,,,,,,https://www.shoppersdrugmart.ca/en/store-locator/store/750,,43.2509248,-79.8121489,4.95,has_website,,no,,"not checked (beyond --max-checks, or --no-health)",,,,,,
node/9533190751,node,BioPed Footcare Clinic,clinic,healthcare,Health & clinics,healthcare=clinic,,,,,,,,,43.2566825,-79.9339939,4.951,no_website,,no,,,,,,,,
node/9533190753,node,Total Health Pharmacy,clinic,healthcare,Health & clinics,healthcare=clinic,"1685 Main Street West, Unit Unit 135",Hamilton,ON,L8S 1G5,,,,,43.2568544,-79.9339908,4.951,no_website,,no,,,,,,,,
node/13461209332,node,Fennell Convenience,convenience,shop,Retail shops,shop=convenience,,,,,,,,,43.2259961,-79.8277561,4.954,no_website,,no,,,,,,,,
node/9533190750,node,Crunch Fitness,fitness_centre,leisure,Fitness & leisure,leisure=fitness_centre,,,,,,,,,43.2565964,-79.9340404,4.955,no_website,,no,,,,,,,,
node/3081075758,node,Pizza Pizza,fast_food,amenity,Food & drink,amenity=fast_food,,,,,,,,,43.2416328,-79.8149758,4.956,no_website,,no,,,,,,,,
node/13160054890,node,Babes Jubilee Store,convenience,shop,Retail shops,shop=convenience,1582 King Street East,Hamilton,Ontario,L8K 1T2,+-190-554-48700,,,Mo-Th 08:00-22:30; Fr-Sa 08:00-00:00; Su 08:00-22:30,43.2356987,-79.8184273,4.957,no_website,,no,,,,,,,,
node/13142699338,node,Dr. Elio Filice Dentistry,dentist,healthcare,Health & clinics,healthcare=dentist,,,,,,,,,43.2569963,-79.9340914,4.96,no_website,,no,,,,,,,,
node/13461209337,node,East City Chinese Food,fast_food,amenity,Food & drink,amenity=fast_food,,,,,,,,,43.2250958,-79.8288086,4.96,no_website,,no,,,,,,,,
node/3220752779,node,Yukiguni Izakaya,restaurant,amenity,Food & drink,amenity=restaurant,,,,,,,,,43.2575398,-79.9341515,4.966,no_website,,no,,,,,,,,
node/7237682459,node,Booster Juice,fast_food,amenity,Food & drink,amenity=fast_food,,,,,,,,,43.2569409,-79.9341862,4.967,no_website,,no,,,,,,,,
node/7237682460,node,Boardwalk Fries Burgers Shakes,fast_food,amenity,Food & drink,amenity=fast_food,1685 Main Street West,Hamilton,ON,L8S 1G5,,,https://www.boardwalkfries.com/main-st-hamilton,,43.256946,-79.9343427,4.98,has_website,,no,,"not checked (beyond --max-checks, or --no-health)",,,,,,
node/9975726860,node,Pita Land,restaurant,amenity,Food & drink,amenity=restaurant,,,,,,,,,43.2568052,-79.9343496,4.98,no_website,,no,,,,,,,,
node/3220752781,node,Hazel Tea & Dessert House,cafe,amenity,Food & drink,amenity=cafe,,,,,,,,,43.2575487,-79.9343369,4.981,no_website,,no,,,,,,,,
node/9975726857,node,Dowhaniuk Insurance Brokers,insurance,office,Professional services,office=insurance,,,,,,,,,43.2565786,-79.9344447,4.988,no_website,,no,,,,,,,,
node/2639058399,node,easyhome,furniture,shop,Retail shops,shop=furniture,,,,,,,,,43.2507954,-79.8116943,4.988,no_website,,no,,,,,,,,
node/3220889057,node,Joya Sushi,restaurant,amenity,Food & drink,amenity=restaurant,"1685 Main Street West, Unit Unit 150",Hamilton,ON,L8S 1G5,+1 905-525-1114,,http://joyasushi.ca/#dailylunchspecials,Tu-Th 11:30-21:30; Sa 13:00-21:30; Su 15:00-21:30,43.2566539,-79.9344911,4.992,has_website,,no,,"not checked (beyond --max-checks, or --no-health)",,,,,,
node/9533156066,node,Sio Shokudo,restaurant,amenity,Food & drink,amenity=restaurant,1686 Main Street West,Hamilton,ON,L8S 0A2,,,,,43.2575478,-79.9344837,4.993,no_website,,no,,,,,,,,
way/183387301,way,Harvey's,fast_food,amenity,Food & drink,amenity=fast_food,1317 Upper James Street,,,L9C 3B3,+1-905-538-1055,,https://www.harveys.ca/en/locations/on/hamilton/1317-upper-james-st,Mo-Sa 10:00-04:00; Su 11:00-04:00,43.2124705,-79.8878632,4.999,has_website,,no,,"not checked (beyond --max-checks, or --no-health)",,,,,,
node/9533156065,node,The Edge Beauty & Spa,beauty,shop,Salons & barbers,shop=beauty,"1686 Main Street West, Unit Unit 1B",Hamilton,ON,L8S 0A2,+1 905 522 1010,,https://www.theedgebeautyspa.com/,Tu-Sa 10:00-17:00,43.2575477,-79.9345804,5.001,has_website,,no,,"not checked (beyond --max-checks, or --no-health)",,,,,,
node/13461209335,node,Village Variety,convenience,shop,Retail shops,shop=convenience,,,,,,,,,43.2249499,-79.8282596,5.003,no_website,,no,,,,,,,,
node/9531141274,node,Fit4Less,fitness_centre,leisure,Fitness & leisure,leisure=fitness_centre,,,,,,,,,43.2528697,-79.8112059,5.006,no_website,,no,,,,,,,,
node/9036692138,node,Master M Spicy,restaurant,amenity,Food & drink,amenity=restaurant,"1686 Main Street West, Unit 1a",Hamilton,ON,L8S 0A2,+1 905 577 9022,,https://www.mastermspicy.com/,Mo-Su 11:30-20:45,43.2575452,-79.9346557,5.007,has_website,,no,,"not checked (beyond --max-checks, or --no-health)",,,,,,
node/7237682462,node,Little Caesars,fast_food,amenity,Food & drink,amenity=fast_food,,,,,,,,,43.2566229,-79.934756,5.013,no_website,,no,,,,,,,,
way/277854570,way,Harvey's,fast_food,amenity,Food & drink,amenity=fast_food,,,,,,,,,43.2500769,-79.8114221,5.02,no_website,,no,,,,,,,,
node/2639058398,node,The Source,electronics,shop,Retail shops,shop=electronics,,,,,,,,,43.250713,-79.8112952,5.021,no_website,,no,,,,,,,,
way/183387307,way,Swiss Chalet,restaurant,amenity,Food & drink,amenity=restaurant,1317 Upper James Street,,,L9C 3B3,+1-905-388-7488,,https://www.swisschalet.com/en/locations/on/hamilton/1317-upper-james-st,Mo-Sa 11:00-22:00; Su 11:00-21:00,43.2122545,-79.8879437,5.024,has_website,,no,,"not checked (beyond --max-checks, or --no-health)",,,,,,
way/270045221,way,On the Run,convenience,shop,Retail shops,shop=convenience,,,,,,,,,43.2248596,-79.8279693,5.027,no_website,,no,,,,,,,,
node/2050926727,node,Baskin-Robbins,ice_cream,amenity,Food & drink,amenity=ice_cream,,,,,,,,,43.2566254,-79.9349758,5.031,no_website,,no,,,,,,,,
node/8990651435,node,Popeyes,fast_food,amenity,Food & drink,amenity=fast_food,,,,,,,,,43.2569653,-79.935051,5.037,no_website,,no,,,,,,,,
way/183248964,way,Iron Chef Chinese Cuisine,restaurant,amenity,Food & drink,amenity=restaurant,1116 Upper Sherman Avenue,,,,+1-905-389-2288,,https://www.ironchefchineserestaurant.ca/,,43.2123533,-79.8564356,5.041,has_website,,no,,"not checked (beyond --max-checks, or --no-health)",,,,,,
node/8990651436,node,BarBurrito,fast_food,amenity,Food & drink,amenity=fast_food,,,,,,,https://www.barburrito.ca/location/hamilton-main/,,43.2568881,-79.9351881,5.048,has_website,,no,,"not checked (beyond --max-checks, or --no-health)",,,,,,
way/183248973,way,Anytime Convenience,convenience,shop,Retail shops,shop=convenience,,,,,,,,,43.2122021,-79.8564994,5.056,no_website,,no,,,,,,,,
node/2637707171,node,Dollarama,variety_store,shop,Retail shops,shop=variety_store,,,,,,,,,43.2526391,-79.8105967,5.057,no_website,,no,,,,,,,,
way/266153305,way,MeatLand,butcher,shop,Retail shops,shop=butcher,,,,,+1-905-388-6464,,,,43.2121123,-79.8565133,5.065,no_website,,no,,,,,,,,
node/3220752780,node,Maison Fritz Salon & Spa,hairdresser,shop,Salons & barbers,shop=hairdresser,,,,,,,,,43.2565882,-79.9355303,5.076,no_website,,no,,,,,,,,
node/14192299004,node,PetSmart,pet,shop,Pet services,shop=pet,,,,,,,,,43.2525416,-79.810334,5.079,no_website,,no,,,,,,,,
node/3157209202,node,Upper Wentworth Convenience & Variety,convenience,shop,Retail shops,shop=convenience,,,,,,,,,43.2105432,-79.8678576,5.08,no_website,,no,,,,,,,,
node/13811268001,node,Tim Hortons,cafe,amenity,Food & drink,amenity=cafe,1341 Upper James Street,,,L9C 3B3,,,,24/7,43.2116705,-79.8882986,5.094,no_website,,no,,,,,,,,
way/211394666,way,Boston Pizza,restaurant,amenity,Food & drink,amenity=restaurant,,,,,,,,,43.2506906,-79.8103369,5.099,no_website,,no,,,,,,,,
node/13811263701,node,On the Run,convenience,shop,Retail shops,shop=convenience,1341 Upper James Street,,,L9C 3B3,,,https://www.journie.ca/on-the-run-ca/on-en/locations?brand=on-the-run&brand=marche-express&locationId=43339&lat=43.19907382957854&lng=-79.8928435323021,24/7,43.2116055,-79.8883262,5.102,has_website,,no,,"not checked (beyond --max-checks, or --no-health)",,,,,,
node/12083996523,node,Kiwanis Boys and Girls Club,childcare,amenity,Services,amenity=childcare,,,,,+1-905-549-2814,,https://kboysandgirlsclub.com,Mo-Fr 09:00-17:00,43.2485118,-79.8106915,5.105,has_website,,no,,"not checked (beyond --max-checks, or --no-health)",,,,,,
way/98064823,way,Johnston Chrysler Dodge Jeep Ram,car,shop,Auto services,shop=car,,,,,,,,,43.2117573,-79.8899183,5.119,no_website,,no,,,,,,,,
node/2811501301,node,Church's Chicken,fast_food,amenity,Food & drink,amenity=fast_food,,,,,,,,,43.2504307,-79.810111,5.12,no_website,,no,,,,,,,,
node/14203650590,node,Mandarin,restaurant,amenity,Food & drink,amenity=restaurant,1223 Barton St E,Hamilton,ON,L8H 2V4,+19055476000,,https://www.mandarinrestaurant.com/,,43.2512066,-79.8099641,5.122,has_website,,no,,"not checked (beyond --max-checks, or --no-health)",,,,,,
node/14224958951,node,Alpha Scan Diagnostic Imaging,laboratory,healthcare,Health & clinics,healthcare=laboratory,,,,,,,,,43.2513745,-79.8098401,5.13,no_website,,no,,,,,,,,
node/9531203428,node,Freedom Mobile,mobile_phone,shop,Retail shops,shop=mobile_phone,,,,,,,,,43.2504369,-79.8099906,5.13,no_website,,no,,,,,,,,
way/183387305,way,Tim Hortons,cafe,amenity,Food & drink,amenity=cafe,1341 Upper James Street,Hamilton,ON,,,,https://locations.timhortons.ca/en/on/hamilton/651-upper-james/,Mo-Fr 08:00-20:00; Sa-Su 09:00-16:30,43.2113375,-79.888639,5.137,has_website,,no,,"not checked (beyond --max-checks, or --no-health)",,,,,,
node/9531203429,node,Centre Mall Dental,dentist,healthcare,Health & clinics,healthcare=dentist,,,,,,,,,43.2504178,-79.8098892,5.138,no_website,,no,,,,,,,,
node/2637707172,node,The Brick,furniture,shop,Retail shops,shop=furniture,1267 Barton Street,Hamilton,,,,,,,43.2526733,-79.8094836,5.146,no_website,,no,,,,,,,,
node/9531203431,node,Great Clips,hairdresser,shop,Salons & barbers,shop=hairdresser,,,,,,,,,43.250403,-79.8097818,5.147,no_website,,no,,,,,,,,
node/12829304255,node,Famo Pizza & Wings,restaurant,amenity,Food & drink,amenity=restaurant,"1000 Upper Gage Avenue, Unit 5",Hamilton,Ontario,L8V 4R5,+1-905-387-0009,,http://www.famopizza.com/m/,"Mo-Th 11:00-00:00, Fr-Sa 11:00-02:00, Su 11:00-00:00",43.2139927,-79.8461585,5.156,has_website,,no,,"not checked (beyond --max-checks, or --no-health)",,,,,,
node/9531203432,node,FH Health Testing Centre,clinic,healthcare,Health & clinics,healthcare=clinic,1241 Barton Street East,Hamilton,ON,L8H 2V4,,,,Mo-Fr 06:30-21:00; Sa-Su 08:00-18:00,43.2503745,-79.8096405,5.159,no_website,,no,,,,,,,,
node/14181154574,node,East End Social Bar & Grill,restaurant,amenity,Food & drink,amenity=restaurant,1342 Main Street East,Hamilton,ON,L8K 1B5,+1-289-389-6992,,https://eastendsocialhamilton.ca/,Mo 08:00-21:00; Tu-Sa 08:00-23:00; Su 08:00-21:00,43.24077,-79.8122963,5.192,has_website,,no,,"not checked (beyond --max-checks, or --no-health)",,,,,,
node/13256630024,node,Freshslice Pizza,fast_food,amenity,Food & drink,amenity=fast_food,,,,,,,,,43.2502659,-79.8092491,5.192,no_website,,no,,,,,,,,
node/3081075747,node,Rankin's Bar & Grill,restaurant,amenity,Food & drink,amenity=restaurant,,,,,,,,,43.2407437,-79.812307,5.192,no_website,,no,,,,,,,,
node/9531203434,node,Fido,mobile_phone,shop,Retail shops,shop=mobile_phone,,,,,,,,,43.2502563,-79.8091507,5.2,no_website,,no,,,,,,,,
node/9531203433,node,Rogers,mobile_phone,shop,Retail shops,shop=mobile_phone,,,,,,,,,43.2502448,-79.8090981,5.204,no_website,,no,,,,,,,,
node/7908987851,node,John The Plumber,plumber,craft,Trades & contractors,craft=plumber,38 Gledhill Crescent,Hamilton,ON,L9C 6H4,+1-905-645-0467,john@johntheplumber.ca,https://johntheplumber.ca/hamilton/,Mo-Su 07:30-23:00,43.2165254,-79.9075187,5.218,has_website,,no,,"not checked (beyond --max-checks, or --no-health)",,,,,,
node/12821469548,node,Pizza Hut,restaurant,amenity,Food & drink,amenity=restaurant,,,,,,,,,43.2496824,-79.8088812,5.23,no_website,,no,,,,,,,,
node/2639058397,node,Staples,stationery,shop,Retail shops,shop=stationery,,,,,,,https://stores.staples.ca/on/hamilton/office-supplies-ca-439.html,,43.252461,-79.8084712,5.23,has_website,,no,,"not checked (beyond --max-checks, or --no-health)",,,,,,
node/14203650589,node,Mark's,clothes,shop,Retail shops,shop=clothes,1267 Barton Street East,,,,,,,,43.2522933,-79.8080586,5.265,no_website,,no,,,,,,,,
node/12312160608,node,Pegasus Appliance Repair,appliance,shop,Retail shops,shop=appliance,"181 Plains Road West, Unit Unit 17",Burlington,ON,L7T 0B1,+1-289-312-4771,info@pegasusappliancerepair.ca,https://pegasusappliancerepair.ca/burlington-appliance-repair/,"Mo - Fr 08:00 - 21:00, Sa 08:00- 15:00 , Su 09:00 - 19:00",43.3024887,-79.8599116,5.266,has_website,,no,,"not checked (beyond --max-checks, or --no-health)",,,,,,
node/206383493,node,Big Bear Food Mart,convenience,shop,Retail shops,shop=convenience,,,,,,,,,43.2329722,-79.9297432,5.276,no_website,,no,,,,,,,,
node/2639058394,node,Skechers,shoes,shop,Retail shops,shop=shoes,1267 Barton Street East,,,L8H 2V4,,,,,43.2522437,-79.8078619,5.281,no_website,,no,,,,,,,,
node/2637707159,node,A&W,fast_food,amenity,Food & drink,amenity=fast_food,,,,,,,,,43.2505343,-79.8079559,5.292,no_website,,no,,,,,,,,
node/7237748703,node,Global Pet Foods,pet,shop,Pet services,shop=pet,,,,,,,,,43.2103022,-79.8907876,5.293,no_website,,no,,,,,,,,
node/7237748702,node,Hilltop Express,restaurant,amenity,Food & drink,amenity=restaurant,,,,,,,,,43.2102674,-79.890662,5.294,no_website,,no,,,,,,,,
node/2637707167,node,Popeyes,fast_food,amenity,Food & drink,amenity=fast_food,1275 Barton Street East,,,L8H 2V4,,,https://www.popeyeschicken.ca/,Mo-Fr 11:00-21:00; Sa 11:00-20:00; Su 11:00-18:00,43.2506488,-79.8079185,5.294,has_website,,no,,"not checked (beyond --max-checks, or --no-health)",,,,,,
node/2660480691,node,Tim Hortons,cafe,amenity,Food & drink,amenity=cafe,1005 Mohawk Road West,,,L9C 7P5,+1-905-385-6621,,https://locations.timhortons.ca/en/on/hamilton/1005-mohawk-rd-w/,Mo-Fr 06:00-23:00; Sa-Su 07:00-23:00,43.2329853,-79.9300195,5.294,has_website,,no,,"not checked (beyond --max-checks, or --no-health)",,,,,,
node/7237748701,node,Booster Juice,fast_food,amenity,Food & drink,amenity=fast_food,,,,,,,,,43.210244,-79.8905823,5.295,no_website,,no,,,,,,,,
node/2637707162,node,Pizza Studio,fast_food,amenity,Food & drink,amenity=fast_food,,,,,,,,,43.2507015,-79.8078961,5.295,no_website,,no,,,,,,,,
node/7237748700,node,Rogers,mobile_phone,shop,Retail shops,shop=mobile_phone,,,,,,,,,43.2102281,-79.890487,5.295,no_website,,no,,,,,,,,
node/13991640201,node,Mary Brown's Chicken,restaurant,amenity,Food & drink,amenity=restaurant,1379 Upper James Street,,,L9B1K2,,,https://marybrowns.com/,Mo-Su 11:00-00:00,43.2099631,-79.8891724,5.296,has_website,,no,,"not checked (beyond --max-checks, or --no-health)",,,,,,
node/2637707175,node,Wok Express,fast_food,amenity,Food & drink,amenity=fast_food,,,,,,,,,43.2507887,-79.8078637,5.296,no_website,,no,,,,,,,,
node/2637707165,node,Montfort,fast_food,amenity,Food & drink,amenity=fast_food,,,,,,,,,43.2508486,-79.8078213,5.299,no_website,,no,,,,,,,,
node/7237748705,node,Great Clips,hairdresser,shop,Salons & barbers,shop=hairdresser,,,,,,,,,43.2103112,-79.891138,5.3,no_website,,no,,,,,,,,
node/13991644501,node,Hakka Nation,restaurant,amenity,Food & drink,amenity=restaurant,1379 Upper James Street,,,,+1-905-575-9552,,https://hakkanation.ca/,Mo-Th 11:00-23:00; Fr-Su 11:00-00:00,43.209898,-79.8892041,5.303,has_website,,no,,"not checked (beyond --max-checks, or --no-health)",,,,,,
node/2637707169,node,Subway,fast_food,amenity,Food & drink,amenity=fast_food,,,,,,,,,43.2508395,-79.8076891,5.31,no_website,,no,,,,,,,,
node/11336542432,node,Kinton Ramen,restaurant,amenity,Food & drink,amenity=restaurant,"1379 Upper James Street, Unit 2",,,L9B 1K2,+1-905-383-8889,,https://www.kintonramen.com,Mo-Su 12:00-20:00,43.2098053,-79.8892173,5.313,has_website,,no,,"not checked (beyond --max-checks, or --no-health)",,,,,,
way/43939451,way,Olympic Ice Surface Arena,ice_rink,leisure,Fitness & leisure,leisure=ice_rink,,,,,,,,,43.2728937,-79.9342711,5.313,no_website,,no,,,,,,,,
node/13991651001,node,Gwalia Sweets and Restaurant,restaurant,amenity,Food & drink,amenity=restaurant,1379 Upper James Street,,,,,,https://gwaliasweets.ca/,Su-Th 11:00-23:00; Fr-Sa 11:00-00:00,43.2097704,-79.889269,5.318,has_website,,no,,"not checked (beyond --max-checks, or --no-health)",,,,,,
node/7237748707,node,Cora,restaurant,amenity,Food & drink,amenity=restaurant,,,,,,,,,43.2101565,-79.8912778,5.32,no_website,,no,,,,,,,,
node/1548750157,node,Canadian Tire,car_repair,shop,Auto services,shop=car_repair,,,,,+19055491338,,,,43.2521646,-79.8072998,5.327,no_website,,no,,,,,,,,
node/9955628045,node,Whitney Clinic,doctor,healthcare,Health & clinics,healthcare=doctor,1827 Main Street West,,,,+1 9055779535,,https://whitneymedicalclinic.com/,Mo 09:00-18:00; Tu 09:00-18:00; We 09:00-18:00; Th 14:00-19:00; Fr 09:00-18:00; Sa 10:00-15:00,43.2525942,-79.9384906,5.329,has_website,,no,,"not checked (beyond --max-checks, or --no-health)",,,,,,
node/8287692029,node,Lee's Chinese Food,restaurant,amenity,Food & drink,amenity=restaurant,,,,,,,,"Mo-Th 15:30-23:00, Fr,Sa 15:30-24:00, Su 15:00-22:00",43.2526081,-79.9385378,5.333,no_website,,no,,,,,,,,
node/12138987279,node,The Juan & Only Hair Studio,hairdresser,shop,Salons & barbers,shop=hairdresser,1823 Main St W,Hamilton,ON,L8S 1H6,+1-905-529-9272,,https://thejuanandonlyhairstudio.com,Tu-Sa 09:00-18:00,43.2525387,-79.9385247,5.333,has_website,,no,,"not checked (beyond --max-checks, or --no-health)",,,,,,
node/9082822967,node,Whitney Variety,convenience,shop,Retail shops,shop=convenience,,,,,,,,,43.2528901,-79.9385604,5.333,no_website,,no,,,,,,,,
node/8287692028,node,Fancy Nails,beauty,shop,Salons & barbers,shop=beauty,,,,,,,,Mo-Fr 09:00-19:00; Sa 09:00-18:00,43.2526472,-79.9385472,5.334,no_website,,no,,,,,,,,
node/8287692027,node,West End Diner,restaurant,amenity,Food & drink,amenity=restaurant,,,,,,,,,43.252994,-79.9385834,5.334,no_website,,no,,,,,,,,
node/9082840072,node,Whitney Pharmacy,pharmacy,healthcare,Health & clinics,healthcare=pharmacy,,,,,,,,,43.2528113,-79.9385629,5.334,no_website,,no,,,,,,,,
node/12821469550,node,Sunset Grill,restaurant,amenity,Food & drink,amenity=restaurant,,,,,,,,,43.2498189,-79.8074539,5.342,no_website,,no,,,,,,,,
way/183388195,way,East Side Mario's,restaurant,amenity,Food & drink,amenity=restaurant,,,,,,,,,43.2094723,-79.8892039,5.349,no_website,,no,,,,,,,,
node/8287692026,node,Mr Sushi,fast_food,amenity,Food & drink,amenity=fast_food,,,,,+1-905-521-0100,,,,43.2518345,-79.9386692,5.351,no_website,,no,,,,,,,,
node/8287692025,node,Royal Variety,convenience,shop,Retail shops,shop=convenience,,,,,,,,,43.2518873,-79.9386974,5.352,no_website,,no,,,,,,,,
node/8287692024,node,Coin Laundry,laundry,shop,Retail shops,shop=laundry,,,,,,,,,43.2520279,-79.9387832,5.358,no_website,,no,,,,,,,,
way/183388190,way,Crunch Fitness,fitness_centre,leisure,Fitness & leisure,leisure=fitness_centre,,,,,,,,,43.2091745,-79.8879749,5.358,no_website,,no,,,,,,,,
node/7237748708,node,Edible Arrangements,gift,shop,Retail shops,shop=gift,,,,,,,,,43.2096552,-79.8910492,5.368,no_website,,no,,,,,,,,
way/183388193,way,The Works,restaurant,amenity,Food & drink,amenity=restaurant,1405 Upper James Street,,,L9B 1K2,+1-905-383-6668,,https://worksburger.com/store/hamilton-mountain/,Mo-Su 11:00-22:00,43.2092617,-79.8893591,5.375,has_website,,no,,"not checked (beyond --max-checks, or --no-health)",,,,,,
node/7237748709,node,Topper's Pizza,fast_food,amenity,Food & drink,amenity=fast_food,,,,,,,,,43.2095684,-79.8910095,5.377,no_website,,no,,,,,,,,
way/783726893,way,Childventures,kindergarten,amenity,Services,amenity=kindergarten,,,,,,,,,43.2335814,-79.9319442,5.4,no_website,,no,,,,,,,,
node/1356846125,node,Plains Medical Centre,doctor,healthcare,Health & clinics,healthcare=doctor,,,,,,,,,43.3033828,-79.8577417,5.4,no_website,,no,,,,,,,,
way/278863020,way,Chedoke Animal Hospital,veterinary,amenity,Services,amenity=veterinary,1266 Mohawk Road West,,,,,,,,43.2329647,-79.9316687,5.413,no_website,,no,,,,,,,,
node/1356846124,node,Nonna's Cucina Ristorante,restaurant,amenity,Food & drink,amenity=restaurant,,,,,,,,,43.3035266,-79.8576324,5.418,no_website,,no,,,,,,,,
node/14181256668,node,Russell's Flower Shop,florist,shop,Retail shops,shop=florist,1421 Main Street East,Hamilton,Ontario,L8K 1C2,,,http://www.russellsflowershop.com/,Mo-Fr 09:00-16:00; Sa 09:00-15:00,43.2405027,-79.8094574,5.419,has_website,,no,,"not checked (beyond --max-checks, or --no-health)",,,,,,
way/211394746,way,Tim Hortons,cafe,amenity,Food & drink,amenity=cafe,,,,,,,,,43.2442356,-79.8079573,5.419,no_website,,no,,,,,,,,
node/2637707174,node,Wild Wing,restaurant,amenity,Food & drink,amenity=restaurant,,,,,,,,,43.2500572,-79.8063819,5.425,no_website,,no,,,,,,,,
node/14181263580,node,DSTRCT 208,restaurant,amenity,Food & drink,amenity=restaurant,208 Kenilworth Avenue North,Hamilton,Ontario,L8H 4S2,+1-365-659-1131,,https://www.instagram.com/dstrct208,Tu 12:00-00:00; We 12:00-03:00; Th-Sa 12:00-02:00; Su 12:00-22:00,43.2464941,-79.8071611,5.427,social_only,instagram,no,,,,,,,,
node/2637707170,node,Sunset Grill,restaurant,amenity,Food & drink,amenity=restaurant,,,,,,,,,43.2503243,-79.8062547,5.432,no_website,,no,,,,,,,,
node/7438827124,node,Osmow's,fast_food,amenity,Food & drink,amenity=fast_food,1317 Barton Street East,Hamilton,,L8H 2V4,,,,,43.250228,-79.8062427,5.434,no_website,,no,,,,,,,,
node/2637707173,node,Tim Hortons,cafe,amenity,Food & drink,amenity=cafe,,,,,,,,,43.2504363,-79.8061628,5.438,no_website,,no,,,,,,,,
node/7237748712,node,Starbucks,cafe,amenity,Food & drink,amenity=cafe,1405 Upper James Street,Hamilton,Ontario,L9B 1K2,,,,,43.2087163,-79.8896853,5.44,no_website,,no,,,,,,,,
node/9705809997,node,Benjamin Moore,paint,shop,Retail shops,shop=paint,,,,,,,,,43.303759,-79.857365,5.448,no_website,,no,,,,,,,,
node/4358926567,node,Pizza Nova,fast_food,amenity,Food & drink,amenity=fast_food,,,,,,,,,43.2086466,-79.8897141,5.448,no_website,,no,,,,,,,,
node/8287672915,node,Hasty Market,convenience,shop,Retail shops,shop=convenience,,,,,,,,,43.2523132,-79.9399526,5.45,no_website,,no,,,,,,,,
node/8287672914,node,Right Wingers,pub,amenity,Food & drink,amenity=pub,,,,,,,,,43.2521598,-79.9400653,5.46,no_website,,no,,,,,,,,
node/13621054701,node,Dr. Arora,doctor,healthcare,Health & clinics,healthcare=doctor,867 Upper Paradise Road,,,L9C 5R3,,,,Mo-Fr 09:00-16:00,43.2192891,-79.9175337,5.462,no_website,,no,,,,,,,,
node/9705812335,node,Number 1 Hair Salon,hairdresser,shop,Salons & barbers,shop=hairdresser,,,,,,,,,43.3036682,-79.8558963,5.467,no_website,,no,,,,,,,,
node/10896318649,node,A-1 BBQ Family Restaurant,restaurant,amenity,Food & drink,amenity=restaurant,,,,,,,,,43.2403225,-79.8087986,5.476,no_website,,no,,,,,,,,
way/183388188,way,Paramount Fine Foods,restaurant,amenity,Food & drink,amenity=restaurant,,,,,,,,,43.2083813,-79.8897231,5.477,no_website,,no,,,,,,,,
way/183387302,way,KFC,fast_food,amenity,Food & drink,amenity=fast_food,,,,,,,,,43.2085637,-79.8908244,5.48,no_website,,no,,,,,,,,
way/260043324,way,Sunrise Car Wash,car_wash,amenity,Services,amenity=car_wash,,,,,,,,,43.2190524,-79.9176513,5.488,no_website,,no,,,,,,,,
way/260043325,way,Sweet Paradise,bakery,shop,Retail shops,shop=bakery,630 Stone Church Road West,,,,+1-905-389-3487; +1-905-389-8241,,https://www.sweetparadise.ca/,Mo-Su 07:00-20:00,43.2185553,-79.9168722,5.488,has_website,,no,,"not checked (beyond --max-checks, or --no-health)",,,,,,
node/13155799640,node,Lucky Day Nursery,childcare,amenity,Services,amenity=childcare,120 Crosthwaite Avenue North,Hamilton,Ontario,L8H 4V5,+1-905-544-0885,nurseryluckyday@gmail.com,,,43.2437597,-79.807186,5.492,no_website,,no,,,,,,,,
way/668494501,way,Excellence Unisex Salon,beauty,shop,Salons & barbers,shop=beauty,366 Greencedar Drive,Hamilton,,,,,,,43.2209281,-79.9204946,5.493,no_website,,no,,,,,,,,
way/1063028348,way,WARD IV,cafe,amenity,Food & drink,amenity=cafe,1441 Main Street East,,,,+1 905 808 9273,wardivcoffeebar@gmail.com,https://wardivcoffeebar.com,"We,Th 10:00-23:00; Fr 10:00-24:00; Sa 00:00-01:00,10:00-24:00; Su 00:00-01:00,10:00-14:00",43.2403307,-79.8085815,5.493,has_website,,no,,"not checked (beyond --max-checks, or --no-health)",,,,,,
node/4265226371,node,Health Bound Health Network,doctor,healthcare,Health & clinics,healthcare=doctor,,,,,+1-416-548-7872,info@healthbound.ca,https://healthbound.ca/hamilton/,"Mo, We, Fr 08:30-19:00; Tu, Th 10:00-18:00",43.2185932,-79.9171941,5.502,has_website,,no,,"not checked (beyond --max-checks, or --no-health)",,,,,,
node/1356849116,node,Gerry Lush Gentleman's Clother,clothes,shop,Retail shops,shop=clothes,,,,,,,,,43.3041804,-79.856814,5.504,no_website,,no,,,,,,,,
node/4265226372,node,Stone Church Animal Clinic,veterinary,amenity,Services,amenity=veterinary,,,,,+1-905-575-1425,info@stonechurchvet.ca,,"Tu-Th 08:00-19:00; Mo, Fr 08:00-18:00; Sa 09:00-17:00",43.2186266,-79.9172872,5.504,no_website,,no,,,,,,,,
node/9705808435,node,Ma Cherie Fabrics & Friendships,fabric,shop,Retail shops,shop=fabric,,,,,,,,,43.3042095,-79.8569046,5.505,no_website,,no,,,,,,,,
node/9705808436,node,Jaggard’s Florist & Garden,florist,shop,Retail shops,shop=florist,,,,,,,,,43.3042471,-79.8569721,5.508,no_website,,no,,,,,,,,
node/4265225924,node,Tim Hortons,cafe,amenity,Food & drink,amenity=cafe,642 Stone Church Road West,Hamilton,Ontario,L9B 1A7,,,,24/7,43.2187801,-79.917605,5.508,no_website,,no,,,,,,,,
node/11189659058,node,New Age Medical Spa and Laser Clinic Hamilton,clinic,healthcare,Health & clinics,healthcare=clinic,"1440 Main St E, Unit 1",Hamilton,ON,L8K 6M3,+1-905-581-3820,,https://newagelaser.com,Mo-Fr 10:00-18:00,43.239726,-79.808624,5.511,has_website,,no,,"not checked (beyond --max-checks, or --no-health)",,,,,,
node/1356002440,node,Aldershot Dental Care,dentist,healthcare,Health & clinics,healthcare=dentist,,,,,,,,,43.3042821,-79.8566362,5.518,no_website,,no,,,,,,,,
node/4265225922,node,On the Run,convenience,shop,Retail shops,shop=convenience,,,,,,,,,43.2186915,-79.917653,5.518,no_website,,no,,,,,,,,
way/270041174,way,Shoppers Drug Mart,pharmacy,healthcare,Health & clinics,healthcare=pharmacy,902 Mohawk Road East,,,L8T 2R8,+1 905 387 2300,,https://www.shoppersdrugmart.ca/en/store-locator/store/1049,,43.2159696,-79.8326789,5.522,has_website,,no,,"not checked (beyond --max-checks, or --no-health)",,,,,,
node/1356838951,node,Wee Care Educational Services Inc.,childcare,amenity,Services,amenity=childcare,,,,,,,,,43.3043149,-79.8565961,5.523,no_website,,no,,,,,,,,
node/4358926568,node,The Brick,furniture,shop,Retail shops,shop=furniture,,,,,,,,,43.207791,-79.8889367,5.525,no_website,,no,,,,,,,,
node/9705780003,node,Gym On Plains,fitness_centre,leisure,Fitness & leisure,leisure=fitness_centre,,,,,,,,,43.3041241,-79.8553186,5.528,no_website,,no,,,,,,,,
node/7237683182,node,COBS Bread,bakery,shop,Retail shops,shop=bakery,,,,,,,,,43.2578617,-79.9412788,5.544,no_website,,no,,,,,,,,
node/2093010271,node,Geraldo's Banquet Hall,restaurant,amenity,Food & drink,amenity=restaurant,,,,,,,,,43.3019291,-79.8459321,5.545,no_website,,no,,,,,,,,
node/7237683181,node,Subway,fast_food,amenity,Food & drink,amenity=fast_food,,,,,,,,,43.2579361,-79.9413077,5.547,no_website,,no,,,,,,,,
way/183388186,way,Spring Grill House,restaurant,amenity,Food & drink,amenity=restaurant,,,,,,,,,43.2077595,-79.8899789,5.549,no_website,,no,,,,,,,,
node/13706602272,node,Dr. Colin M. Day,dentist,healthcare,Health & clinics,healthcare=dentist,,,,,,,,,43.2580248,-79.941355,5.551,no_website,,no,,,,,,,,
node/13706602271,node,Thaï Express,fast_food,amenity,Food & drink,amenity=fast_food,,,,,,,,,43.25811,-79.9413608,5.552,no_website,,no,,,,,,,,
way/835937004,way,Westdale Car Service,car_repair,shop,Auto services,shop=car_repair,,,,,,,,,43.2510853,-79.941095,5.554,no_website,,no,,,,,,,,
node/13706602275,node,HearingLife,doctor,healthcare,Health & clinics,healthcare=doctor,,,,,,,,,43.2581883,-79.9413905,5.555,no_website,,no,,,,,,,,
node/13706602276,node,Phoenix Eyewear,optician,shop,Retail shops,shop=optician,,,,,,,,,43.2582528,-79.9414159,5.557,no_website,,no,,,,,,,,
node/9705819324,node,Baje Auto Service,car_repair,shop,Auto services,shop=car_repair,,,,,,,,,43.3045674,-79.8561765,5.558,no_website,,no,,,,,,,,
node/9772983273,node,Pilot Solutions,advertising_agency,office,Professional services,office=advertising_agency,72 Garside Avenue North,Hamilton,Ontario,L8H4W3,,,https://pilotsolutions.ca,Mo-Fr 09:00-17:00,43.2420695,-79.806954,5.56,has_website,,no,,"not checked (beyond --max-checks, or --no-health)",,,,,,
node/9644763879,node,East Side Mario's,restaurant,amenity,Food & drink,amenity=restaurant,,,,,,,,,43.2584985,-79.9414505,5.561,no_website,,no,,,,,,,,
node/11898799781,node,Ambulatory Footwear,shoes,shop,Retail shops,shop=shoes,,,,,,,,,43.2597976,-79.9415436,5.578,no_website,,no,,,,,,,,
node/404133470,node,Main Cycle,bicycle,shop,Retail shops,shop=bicycle,1461 Main Street East,Hamilton,ON,L8K 1C5,+1-905-544-0338,,https://maincycle.com/,Mo-Sa 10:00-16:30,43.2399921,-79.8075625,5.583,has_website,,no,,"not checked (beyond --max-checks, or --no-health)",,,,,,
node/11898798364,node,Elite Dental Studio,dentist,healthcare,Health & clinics,healthcare=dentist,,,,,,,,,43.2599412,-79.9416139,5.584,no_website,,no,,,,,,,,
node/1356836674,node,Plains Road Auto,car_repair,shop,Auto services,shop=car_repair,,,,,+1-905-637-0661,,,,43.3047648,-79.8558781,5.585,no_website,,no,,,,,,,,
way/313513213,way,VCA Canada Kingsway Animal Hospital,veterinary,amenity,Services,amenity=veterinary,1770 King Street East,Hamilton,ON,L8K 1V7,+1-905-547-1206,,https://vcacanada.com/kingsway,,43.2321215,-79.8122144,5.588,has_website,,no,,"not checked (beyond --max-checks, or --no-health)",,,,,,
node/10896317230,node,Liberty Tax,tax_advisor,office,Professional services,office=tax_advisor,,,,,,,,,43.2396795,-79.8074519,5.603,no_website,,no,,,,,,,,
node/7237715304,node,Country Style,cafe,amenity,Food & drink,amenity=cafe,,,,,,,,,43.2179426,-79.9181643,5.608,no_website,,no,,,,,,,,
node/9705812193,node,Aldershot Foot Clinic,doctor,healthcare,Health & clinics,healthcare=doctor,,,,,,,,,43.3048837,-79.8547542,5.621,no_website,,no,,,,,,,,
node/7237715305,node,Queen's Pizza & Wings,fast_food,amenity,Food & drink,amenity=fast_food,,,,,,,,,43.2178329,-79.9182402,5.622,no_website,,no,,,,,,,,
node/10931187109,node,Real At O'Neill's,restaurant,amenity,Food & drink,amenity=restaurant,1374 Barton Street East,Hamilton,Ontario,L8H 2W3,+1 905-549-7066,,https://realatoneill.com,Mo-Th 11:00-23:00; Fr 11:00-01:00; Sa 11:00-02:00; Su 12:00-20:00,43.2486123,-79.8041669,5.625,has_website,,no,,"not checked (beyond --max-checks, or --no-health)",,,,,,
way/197486942,way,Shoppers Drug Mart,pharmacy,healthcare,Health & clinics,healthcare=pharmacy,"101 Osler Drive, Unit 102",Dundas,Ontario,L9H 4H4,,,https://www.shoppersdrugmart.ca/en/store-locator/store/742,Mo-Su 08:00-22:00,43.2570842,-79.9423036,5.625,has_website,,no,,"not checked (beyond --max-checks, or --no-health)",,,,,,
node/7237715307,node,Paradise Subs,fast_food,amenity,Food & drink,amenity=fast_food,,,,,,,,,43.2177767,-79.9182577,5.627,no_website,,no,,,,,,,,
node/7237715306,node,Safin Grill Shawarma,fast_food,amenity,Food & drink,amenity=fast_food,,,,,,,,,43.217724,-79.9182845,5.633,no_website,,no,,,,,,,,
node/9705776999,node,Just Tennis,sports,shop,Retail shops,shop=sports,,,,,,,,,43.3050217,-79.8545675,5.64,no_website,,no,,,,,,,,
node/3081075757,node,Veteran's Service League,bar,amenity,Food & drink,amenity=bar,,,,,,,,,43.239925,-79.8068407,5.641,no_website,,no,,,,,,,,
way/183388184,way,Budds BMW,car,shop,Auto services,shop=car,,,,,,,,,43.2069129,-79.8901317,5.643,no_website,,no,,,,,,,,
node/7237715309,node,Lucky,restaurant,amenity,Food & drink,amenity=restaurant,,,,,,,,,43.2176023,-79.9183347,5.646,no_website,,no,,,,,,,,
node/7237758829,node,Dollarama,variety_store,shop,Retail shops,shop=variety_store,,,,,,,,,43.2073145,-79.8925842,5.653,no_website,,no,,,,,,,,
node/7237715310,node,Boomer's,restaurant,amenity,Food & drink,amenity=restaurant,,,,,,,,,43.2175104,-79.9183674,5.656,no_website,,no,,,,,,,,
way/183388201,way,Spring Sushi,restaurant,amenity,Food & drink,amenity=restaurant,,,,,,,,,43.2069803,-79.8915545,5.666,no_website,,no,,,,,,,,
node/7237611860,node,Home Hardware,hardware,shop,Retail shops,shop=hardware,,,,,,,https://www.homehardware.ca/en/store/14067,,43.2574428,-79.9428205,5.668,has_website,,no,,"not checked (beyond --max-checks, or --no-health)",,,,,,
node/7237611861,node,Fat Bastard Burrito Co.,fast_food,amenity,Food & drink,amenity=fast_food,,,,,,,,,43.2575229,-79.9428439,5.67,no_website,,no,,,,,,,,
node/7237611862,node,Empress Wok,restaurant,amenity,Food & drink,amenity=restaurant,,,,,,,,,43.2575685,-79.9428547,5.671,no_website,,no,,,,,,,,
node/2255722441,node,Modo Yoga,fitness_centre,leisure,Fitness & leisure,leisure=fitness_centre,"101 Osler Drive, Unit Unit 96A",Dundas,,L9H 4H4,,,,,43.2576228,-79.9428708,5.672,no_website,,no,,,,,,,,
node/7237758830,node,Mark's,clothes,shop,Retail shops,shop=clothes,,,,,,,https://www.marks.com/en/store-details/on/hamilton-77.html,,43.2071415,-79.8926643,5.673,has_website,,no,,"not checked (beyond --max-checks, or --no-health)",,,,,,
node/7237611863,node,Freshii,restaurant,amenity,Food & drink,amenity=restaurant,,,,,,,,,43.2577,-79.9429033,5.675,no_website,,no,,,,,,,,
node/7237715314,node,Red Rockets,fast_food,amenity,Food & drink,amenity=fast_food,930 Upper Paradise Road,,,,+1-905-387-2442,info@redrockets.ca,https://redrockets.ca/,"Mo 16:00-21:00; Su, Tu-Th 12:00-21:00; Fr-Sa 12:00-23:00",43.2180485,-79.9196073,5.677,has_website,,no,,"not checked (beyond --max-checks, or --no-health)",,,,,,
node/10896317226,node,Pennzoil 10 Minute Oil Change,car_repair,shop,Auto services,shop=car_repair,,,,,,,,,43.2398472,-79.8063967,5.678,no_website,,no,,,,,,,,
node/7237611864,node,University Lanes,bowling_alley,leisure,Fitness & leisure,leisure=bowling_alley,,,,,,,,,43.2578456,-79.9429407,5.679,no_website,,no,,,,,,,,
node/10896317223,node,Joe’s Garage,car_wash,amenity,Services,amenity=car_wash,,,,,,,,,43.2394035,-79.8065776,5.68,no_website,,no,,,,,,,,
node/7237611859,node,MapleVets,veterinary,amenity,Services,amenity=veterinary,,,,,,,,,43.2579275,-79.9429623,5.681,no_website,,no,,,,,,,,
node/7237611858,node,H&R Block,tax_advisor,office,Professional services,office=tax_advisor,,,,,,,,,43.2580128,-79.942987,5.683,no_website,,no,,,,,,,,
node/7237611857,node,Freedom Mobile,mobile_phone,shop,Retail shops,shop=mobile_phone,,,,,,,,,43.2580756,-79.9430039,5.685,no_website,,no,,,,,,,,
node/11898810574,node,Old Bagel House,fast_food,amenity,Food & drink,amenity=fast_food,,,,,,,,,43.2581291,-79.9430219,5.687,no_website,,no,,,,,,,,
node/7237611856,node,Dollarama,variety_store,shop,Retail shops,shop=variety_store,101,,,,,,,,43.2582417,-79.943064,5.69,no_website,,no,,,,,,,,
node/9705812336,node,Hair Studio,hairdresser,shop,Salons & barbers,shop=hairdresser,,,,,,,,,43.3054078,-79.8540194,5.693,no_website,,no,,,,,,,,
node/7237715312,node,Little Caesars,fast_food,amenity,Food & drink,amenity=fast_food,930 Upper Paradise Road,,,,,,,Su-Th 11:00-23:00; Fr-Sa 11:00-00:00,43.2178958,-79.919672,5.693,no_website,,no,,,,,,,,
node/9036940534,node,KFC,fast_food,amenity,Food & drink,amenity=fast_food,101 Osler Drive,Hamilton,ON,L9H 6X4,+1 289-919-2542,,https://www.kfc.ca/,Mo-Su 11:00-22:00,43.2583735,-79.9430996,5.694,has_website,,no,,"not checked (beyond --max-checks, or --no-health)",,,,,,
node/7237611851,node,Global Pet Foods,pet,shop,Pet services,shop=pet,"101 Osler Drive, Unit 128",,,,+1 905-628-8700,,,Mo-Fr 09:00-21:00; Sa 09:00-18:00; Su 10:00-17:00,43.2584393,-79.9431233,5.696,no_website,,no,,,,,,,,
node/13804976901,node,Paradise Tan,beauty,shop,Salons & barbers,shop=beauty,930 Upper Paradise Road,,,,+1-905-387-8266,,https://www.sunandspa.ca/,Mo-We 10:00-19:00; Sa 10:00-16:30; Su 11:00-16:00; Th-Fr 10:00-19:30,43.2178582,-79.9196781,5.696,has_website,,no,,"not checked (beyond --max-checks, or --no-health)",,,,,,
node/7237758831,node,Salvo's Gifts,gift,shop,Retail shops,shop=gift,,,,,,,,,43.2069394,-79.8927475,5.697,no_website,,no,,,,,,,,
node/7237611852,node,Osmow's,fast_food,amenity,Food & drink,amenity=fast_food,119 Osler Drive,Hamilton,,L9H 6X4,,,,,43.2585003,-79.943137,5.698,no_website,,no,,,,,,,,
node/7237611854,node,Nails for You,beauty,shop,Salons & barbers,shop=beauty,,,,,,,,,43.2585598,-79.943153,5.699,no_website,,no,,,,,,,,
node/13804976402,node,Dr. Michel Gurguis Family Dentist,dentist,healthcare,Health & clinics,healthcare=dentist,,,,,+1-905-385-5649,,https://www.opencare.com/dentists/hamilton-on/family-dentistdr-michel-guirguis-24626692104c/,"Mo, Th-Fr 09:00-17:00; We 09:00-19:00; Sa 09:00-16:00; Tu 08:30-18:00",43.2178155,-79.9196723,5.7,has_website,,no,,"not checked (beyond --max-checks, or --no-health)",,,,,,
node/11898762533,node,Phono-Rx,mobile_phone,shop,Retail shops,shop=mobile_phone,,,,,,,,,43.2585987,-79.9431637,5.7,no_website,,no,,,,,,,,
node/7237611853,node,The Shoe Box,shoes,shop,Retail shops,shop=shoes,,,,,,,,,43.2586302,-79.9431718,5.701,no_website,,no,,,,,,,,
node/11898804342,node,Expedia Cruises,travel_agency,shop,Retail shops,shop=travel_agency,,,,,,,,,43.2586849,-79.9431925,5.703,no_website,,no,,,,,,,,
node/13804976403,node,Hair Extreme,hairdresser,shop,Salons & barbers,shop=hairdresser,,,,,,,,Tu-We 09:00-17:00; Th-Fr 09:00-19:00; Sa 08:00-16:00,43.2177802,-79.9196748,5.703,no_website,,no,,,,,,,,
node/7237715315,node,Breakaway Sports Cards,sports,shop,Retail shops,shop=sports,,,,,,,,,43.2177768,-79.9197213,5.705,no_website,,no,,,,,,,,
node/13804977001,node,Burrito Paradise (Burrito / Bubble Tea),restaurant,amenity,Food & drink,amenity=restaurant,,,,,+1-905-393-3434,,,Mo-Th 11:00-21:00; Fr 11:00-22:00; Sa 12:00-22:00; Su 00:00-20:00,43.2177535,-79.919685,5.705,no_website,,no,,,,,,,,
node/6699528989,node,Starbucks,cafe,amenity,Food & drink,amenity=cafe,1508 Upper James Street,,,,,,,,43.2066489,-79.8917397,5.705,no_website,,no,,,,,,,,
node/11898812302,node,Ultimate Physiotherapy & Rehab,physiotherapist,healthcare,Health & clinics,healthcare=physiotherapist,,,,,,,,,43.2587219,-79.9432082,5.705,no_website,,no,,,,,,,,
node/13805216201,node,Popeyes,fast_food,amenity,Food & drink,amenity=fast_food,930 Upper Paradise Road,,,L9B 2N1,,,https://www.popeyeschicken.ca/restaurants/restaurant_239850,Su-Mo 10:00-23:00; Tu-We 10:00-00:00; Th-Sa 10:00-03:00,43.2177196,-79.9196845,5.708,has_website,,no,,"not checked (beyond --max-checks, or --no-health)",,,,,,
node/13805216401,node,Sunnyside Grill,restaurant,amenity,Food & drink,amenity=restaurant,,,,L9B 2N1,+1-289-389-3652,hamilton@sunnysidegrill.com,https://www.sunnysidegrill.com/location-hamilton,Mo-Su 07:00-15:00,43.2174818,-79.919302,5.708,has_website,,no,,"not checked (beyond --max-checks, or --no-health)",,,,,,
node/10896317224,node,Aceti’s,restaurant,amenity,Food & drink,amenity=restaurant,,,,,,,,,43.2396623,-79.8060668,5.709,no_website,,no,,,,,,,,
node/13805216302,node,Rainbow Dry Cleaners,dry_cleaning,shop,Retail shops,shop=dry_cleaning,930 Upper Paradise Road,,,,+1-905-387-8464,,,Mo-Fr 08:00-18:00; Sa 09:00-15:00,43.2175157,-79.9194418,5.712,no_website,,no,,,,,,,,
node/13805216202,node,Revive Computers,electronics_repair,craft,Trades & contractors,craft=electronics_repair,930 Upper Paradise Road,,,,+1-289-489-2513,,https://www.revivecomputers.ca/,Tu-Fr 11:00-18:00; Sa 11:00-14:00,43.2176805,-79.9196898,5.712,has_website,,no,,"not checked (beyond --max-checks, or --no-health)",,,,,,
node/6660440085,node,Pizza Pizza,fast_food,amenity,Food & drink,amenity=fast_food,1508 Upper James Street,,,,,,,,43.206574,-79.8917773,5.714,no_website,,no,,,,,,,,
node/13805216301,node,Elite Physio Care,physiotherapist,healthcare,Health & clinics,healthcare=physiotherapist,930 Upper Paradise Road,,,,+1-905-318-2495,elitephysiocarewestmountain@gmail.com,https://elitephysiocare.ca/hamilton/,Mo-Fr 09:00-20:00; Sa 09:00-15:00,43.2175461,-79.9195381,5.715,has_website,,no,,"not checked (beyond --max-checks, or --no-health)",,,,,,
way/121053964,way,The House of Earls,hairdresser,shop,Salons & barbers,shop=hairdresser,,,,,+1-905-333-4447,,,,43.3055838,-79.8536919,5.719,no_website,,no,,,,,,,,
node/7237715311,node,Rexall,pharmacy,healthcare,Health & clinics,healthcare=pharmacy,,,,,+1-905-318-5383,0202rx@rexall.ca,https://www.rexall.ca/storelocator/store/202,Mo-Su 09:00-21:00,43.2175905,-79.919786,5.724,has_website,,no,,"not checked (beyond --max-checks, or --no-health)",,,,,,
node/6660440086,node,Ye Olde Squire,restaurant,amenity,Food & drink,amenity=restaurant,1508 Upper James Street,,,,,,,,43.2064754,-79.8918398,5.726,no_website,,no,,,,,,,,
way/183389058,way,Sterling Honda,car,shop,Auto services,shop=car,,,,,,,,,43.2059554,-79.8904455,5.753,no_website,,no,,,,,,,,
node/3306782945,node,Annie Nails & Beauty Plus,beauty,shop,Salons & barbers,shop=beauty,,,,,,,,,43.2480604,-79.9431307,5.761,no_website,,no,,,,,,,,
node/419357108,node,Tim Hortons,cafe,amenity,Food & drink,amenity=cafe,,,,,,,,,43.3062216,-79.8548285,5.763,no_website,,no,,,,,,,,
node/3306782946,node,Glow Up Beauty Lounge,beauty,shop,Salons & barbers,shop=beauty,,,,,,,,,43.2480053,-79.943178,5.765,no_website,,no,,,,,,,,
node/3306782944,node,Fan Tastic Scholars Child Learning Centre,kindergarten,amenity,Services,amenity=kindergarten,,,,,,,,,43.2479628,-79.9432222,5.77,no_website,,no,,,,,,,,
node/3261058979,node,Beyond Pizza & Wings,fast_food,amenity,Food & drink,amenity=fast_food,,,,,,,,,43.2479134,-79.9432667,5.774,no_website,,no,,,,,,,,
node/7237758833,node,Tootsies,shoes,shop,Retail shops,shop=shoes,,,,,,,,,43.2062163,-79.8930464,5.781,no_website,,no,,,,,,,,
node/9705793798,node,Hasty Market,convenience,shop,Retail shops,shop=convenience,,,,,,,,,43.3063628,-79.854674,5.782,no_website,,no,,,,,,,,
node/404133478,node,Eastgate Variety,convenience,shop,Retail shops,shop=convenience,1505 Main Street East,Hamilton,,,,,,,43.2394575,-79.8051646,5.786,no_website,,no,,,,,,,,
node/9705820646,node,Pharmasave,pharmacy,healthcare,Health & clinics,healthcare=pharmacy,,,,,,,,,43.3064145,-79.8545991,5.789,no_website,,no,,,,,,,,
node/9705793799,node,Home Hardware,hardware,shop,Retail shops,shop=hardware,,,,,,,https://www.homehardware.ca/en/store/13493,Mo-Fr 08:00-19:00; Sa 09:00-17:00; Su 10:00-16:00,43.306476,-79.8545271,5.797,has_website,,no,,"not checked (beyond --max-checks, or --no-health)",,,,,,
node/9502660934,node,Panini & Ice Cream,ice_cream,amenity,Food & drink,amenity=ice_cream,1505 Main Street East,Hamilton,,,,,,,43.2394242,-79.8050317,5.797,no_website,,no,,,,,,,,
node/9705821404,node,The Fitness Firm,fitness_centre,leisure,Fitness & leisure,leisure=fitness_centre,,,,,,,,,43.3064053,-79.8537831,5.805,no_website,,no,,,,,,,,
way/183389059,way,Subaru,car,shop,Auto services,shop=car,,,,,,,,,43.2054861,-79.8906834,5.808,no_website,,no,,,,,,,,
way/183388212,way,Montana's,restaurant,amenity,Food & drink,amenity=restaurant,Upper James Street,,,,,,,,43.2057803,-79.8922491,5.81,no_website,,no,,,,,,,,
node/10896351266,node,Gordon’s Pharmacy,pharmacy,healthcare,Health & clinics,healthcare=pharmacy,,,,,,,,,43.239324,-79.8048562,5.814,no_website,,no,,,,,,,,
node/5060964121,node,Mandarin,restaurant,amenity,Food & drink,amenity=restaurant,1508 Upper James Street,,,,,,,,43.2059055,-79.8932942,5.82,no_website,,no,,,,,,,,
node/3658066133,node,Aldershot Village Medical,doctor,healthcare,Health & clinics,healthcare=doctor,,,,,,,,Mo-Fr 10:00-17:00,43.3063917,-79.852705,5.827,no_website,,no,,,,,,,,
node/6659707785,node,Absolute Chiropractic,alternative,healthcare,Health & clinics,healthcare=alternative,1508 Upper James Street,,,,,,,,43.2056235,-79.8932782,5.849,no_website,,no,,,,,,,,
node/1356004987,node,Jerry's Automotive Inc.,car_repair,shop,Auto services,shop=car_repair,,,,,+1-905-637-1715,,,,43.3067224,-79.8533336,5.849,no_website,,no,,,,,,,,
node/7237758834,node,Montfort,restaurant,amenity,Food & drink,amenity=restaurant,,,,,,,,,43.2055268,-79.8928831,5.851,no_website,,no,,,,,,,,
node/7237758835,node,Supercuts,hairdresser,shop,Salons & barbers,shop=hairdresser,,,,,,,,,43.2054713,-79.8926387,5.851,no_website,,no,,,,,,,,
way/775834858,way,Acura of Hamilton,car,shop,Auto services,shop=car,,,,,,,,,43.2051015,-79.8907861,5.852,no_website,,no,,,,,,,,
node/3274719894,node,Fry Truck,fast_food,amenity,Food & drink,amenity=fast_food,,,,,,,,,43.2115462,-79.8340995,5.864,no_website,,no,,,,,,,,
node/7237786610,node,Mucho Burrito,fast_food,amenity,Food & drink,amenity=fast_food,,,,,,,https://locations.muchoburrito.com/en-ca/on/hamilton/MB0034,,43.2053403,-79.8925758,5.864,has_website,,no,,"not checked (beyond --max-checks, or --no-health)",,,,,,
node/10195860932,node,Mountain Burger,fast_food,amenity,Food & drink,amenity=fast_food,969 Upper Ottawa Street,,,,+1 905-387-6667,,https://mountain-burger.wix.com,,43.2113053,-79.8342367,5.88,has_website,,no,,"not checked (beyond --max-checks, or --no-health)",,,,,,
node/3274719895,node,Bottoms Up,bar,amenity,Food & drink,amenity=bar,,,,,,,,,43.2112316,-79.8342662,5.886,no_website,,no,,,,,,,,
node/7237786611,node,Pet Valu,pet,shop,Pet services,shop=pet,,,,,,,https://store.petvalu.ca/location/2361,Mo-Fr 09:00-21:00; Sa 09:00-18:00; Su 10:00-18:00,43.2050914,-79.8926643,5.892,has_website,,no,,"not checked (beyond --max-checks, or --no-health)",,,,,,
way/263132419,way,Tim Hortons,cafe,amenity,Food & drink,amenity=cafe,,,,,,,,,43.2107101,-79.8352966,5.892,no_website,,no,,,,,,,,
node/8851735374,node,Circle K,convenience,shop,Retail shops,shop=convenience,,,,,,,https://www.circlek.com/store-locator/CA/burlington/14-plains-rd-e/0852651,,43.3068551,-79.8518877,5.896,has_website,,no,,"not checked (beyond --max-checks, or --no-health)",,,,,,
way/183389051,way,Plaza Nissan,car,shop,Auto services,shop=car,,,,,,,,,43.2047081,-79.8910068,5.899,no_website,,no,,,,,,,,
node/8851735375,node,Tim Hortons,cafe,amenity,Food & drink,amenity=cafe,,,,,,,,,43.3068512,-79.8517308,5.899,no_website,,no,,,,,,,,
node/256347657,node,Russell Williams Family Restaurant,restaurant,amenity,Food & drink,amenity=restaurant,,,,,,,,,43.3070862,-79.8517584,5.923,no_website,,no,,,,,,,,
node/3274719899,node,Dollar Store,variety_store,shop,Retail shops,shop=variety_store,,,,,,,,,43.2106167,-79.8347439,5.924,no_website,,no,,,,,,,,
node/3366100238,node,GoodLife Fitness,fitness_centre,leisure,Fitness & leisure,leisure=fitness_centre,1550 Upper James Street,,,L9B 2L6,+1 905-388-2725,upperjames@goodlifefitness.com,https://www.goodlifefitness.com/clubs/club.209.html,24/7,43.2053594,-79.8952959,5.926,has_website,,no,,"not checked (beyond --max-checks, or --no-health)",,,,,,
node/9339338012,node,Dollarama,variety_store,shop,Retail shops,shop=variety_store,,,,,,,https://www.dollarama.com/en-CA/locations/on/hamilton-1550-upper-james-st,Mo-Sa 08:00-21:00; Su 09:00-18:00,43.205189,-79.8946546,5.928,has_website,,no,,"not checked (beyond --max-checks, or --no-health)",,,,,,
node/14022693801,node,Mak's Source for Sports,sports,shop,Retail shops,shop=sports,1550 Upper James Street,,,,,,,Mo-Fr 10:00-21:00; Sa 09:00-17:00; Su 10:00-17:00,43.2051406,-79.8944855,5.929,no_website,,no,,,,,,,,
node/3366100237,node,Subway,fast_food,amenity,Food & drink,amenity=fast_food,,,,,,,,,43.2047277,-79.8928433,5.935,no_website,,no,,,,,,,,
way/835936954,way,Wentworth Arenas,sports_centre,leisure,Fitness & leisure,leisure=sports_centre,,,,,,,,,43.2480922,-79.945635,5.961,no_website,,no,,,,,,,,
way/56446167,way,Shoppers Drug Mart,pharmacy,healthcare,Health & clinics,healthcare=pharmacy,,,,,,,https://www.shoppersdrugmart.ca/en/store-locator/store/1052,,43.2307301,-79.8077751,5.978,has_website,,no,,"not checked (beyond --max-checks, or --no-health)",,,,,,
node/404133482,node,Big Bee,convenience,shop,Retail shops,shop=convenience,,,,,,,,,43.2388025,-79.8028756,5.985,no_website,,no,,,,,,,,
node/7179984787,node,JYSK,furniture,shop,Retail shops,shop=furniture,1550 Upper James Street,,,L9B 2L6,+1 888-696-5975,,https://www.jysk.ca/store-signup-hamilton,Mo-Sa 10:00-20:00; Su 10:00-18:00,43.2048278,-79.8955661,5.989,has_website,,no,,"not checked (beyond --max-checks, or --no-health)",,,,,,
node/8287672912,node,Puck 'n' Pitch Sports Bar,pub,amenity,Food & drink,amenity=pub,,,,,,,,,43.2478647,-79.9459407,5.989,no_website,,no,,,,,,,,
node/2969507274,node,Montfort Mediterranean Cuisine,restaurant,amenity,Food & drink,amenity=restaurant,,,,,,,,,43.2280377,-79.9360887,5.996,no_website,,no,,,,,,,,
node/8990320507,node,Pupcakes Doggie Daycare,pet,shop,Pet services,shop=pet,,,,,,,,,43.2657513,-79.9457435,5.999,no_website,,no,,,,,,,,
node/2969507276,node,Meadowlands Orthodontics,dentist,healthcare,Health & clinics,healthcare=dentist,,,,,,,,,43.227906,-79.9360431,6.001,no_website,,no,,,,,,,,
node/3153608244,node,Spencer Creek Animal Hospital,veterinary,amenity,Services,amenity=veterinary,,,,,+1 905-627-5510,,,,43.2657403,-79.945873,6.009,no_website,,no,,,,,,,,
node/2969507278,node,Meadowlands Family Health Centre,doctor,healthcare,Health & clinics,healthcare=doctor,,,,,,,,,43.2276652,-79.9360236,6.013,no_website,,no,,,,,,,,
node/2969507279,node,Meadowlands Eye Clinic & Optical Boutique,optician,shop,Retail shops,shop=optician,,,,,,,,,43.2275798,-79.935978,6.015,no_website,,no,,,,,,,,
way/98081349,way,Wentworth Arenas,sports_centre,leisure,Fitness & leisure,leisure=sports_centre,1249 Wilson Street East,,,L8S 4K6,+1-905-525-6233,,,,43.2478596,-79.9462677,6.015,no_website,,no,,,,,,,,
node/7179955381,node,Fabricland,fabric,shop,Retail shops,shop=fabric,1550 Upper James Street,,,,+1 905-318-8714,,https://fabricland.ca/storelocator/ON/Hamilton/,Mo-Fr 10:00-20:00; Sa 10:00-18:00; Su 00:00-17:00,43.2045854,-79.895668,6.017,has_website,,no,,"not checked (beyond --max-checks, or --no-health)",,,,,,
node/3366100240,node,Boston Pizza,restaurant,amenity,Food & drink,amenity=restaurant,,,,,,,,,43.2037458,-79.8919521,6.021,no_website,,no,,,,,,,,
way/174084537,way,Shoppers Drug Mart,pharmacy,healthcare,Health & clinics,healthcare=pharmacy,1411 Upper Sherman Avenue,,,L8W 1C4,,,https://www.shoppersdrugmart.ca/en/store-locator/store/1299,,43.20282,-79.8593925,6.022,has_website,,no,,"not checked (beyond --max-checks, or --no-health)",,,,,,
node/7179955380,node,Flying Squirrel,sports_centre,leisure,Fitness & leisure,leisure=sports_centre,1550 Upper James Street,,,L9B 1J5,+1 289-309-5332,,https://flyingsquirrelsports.ca/hamilton-ontario/ticket-landing-page/,Su-Mo 10:00-21:00; Tu-Th 14:00-21:00; Fr 14:00-23:00; Sa 10:00-23:00,43.204296,-79.895829,6.051,has_website,,no,,"not checked (beyond --max-checks, or --no-health)",,,,,,
way/183388393,way,Kelsey's,restaurant,amenity,Food & drink,amenity=restaurant,1550 Upper James Street,,,L9B 2L6,+1-905-575-8696,,https://www.kelseys.ca/en/locations/on/hamilton/1550-upper-james-st,Th-Sa 11:00-00:00; Su-We 11:00-23:00,43.2036791,-79.8933258,6.058,has_website,,no,,"not checked (beyond --max-checks, or --no-health)",,,,,,
node/3954437754,node,State & Main,restaurant,amenity,Food & drink,amenity=restaurant,1591 Upper James Street,,,,+1-905-387-5454,,https://www.stateandmain.ca/,,43.203337,-79.8917883,6.062,has_website,,no,,"not checked (beyond --max-checks, or --no-health)",,,,,,
node/3954437745,node,Burger's Priest,fast_food,amenity,Food & drink,amenity=fast_food,,,,,,,,,43.2033767,-79.8921217,6.065,no_website,,no,,,,,,,,
node/4358925527,node,Freshii,restaurant,amenity,Food & drink,amenity=restaurant,,,,,,,,,43.2033588,-79.8920283,6.065,no_website,,no,,,,,,,,
node/3954437753,node,Sport Clips,hairdresser,shop,Salons & barbers,shop=hairdresser,,,,,,,,,43.2033418,-79.8919465,6.065,no_website,,no,,,,,,,,
node/7237786635,node,RE/MAX,estate_agent,office,Professional services,office=estate_agent,,,,,,,,,43.2031233,-79.8912632,6.074,no_website,,no,,,,,,,,
node/8990350057,node,Valley City Barbershop,hairdresser,shop,Salons & barbers,shop=hairdresser,40,,,,,,,,43.265087,-79.9468626,6.076,no_website,,no,,,,,,,,
node/3952059628,node,On the Run,convenience,shop,Retail shops,shop=convenience,,,,,,,,,43.22787,-79.9371873,6.082,no_website,,no,,,,,,,,
node/211313114,node,Tim Hortons,cafe,amenity,Food & drink,amenity=cafe,,,,,,,,,43.2279011,-79.9372217,6.083,no_website,,no,,,,,,,,
node/3153621260,node,Neighbours Coffee,convenience,shop,Retail shops,shop=convenience,,,,,,,,,43.2649051,-79.94701,6.084,no_website,,no,,,,,,,,
node/13903160009,node,Beattie's Pet Hospital,veterinary,amenity,Services,amenity=veterinary,,,,,,,,,43.2273534,-79.9368944,6.092,no_website,,no,,,,,,,,
node/12973946680,node,Hamilton Electric Bikes,bicycle,shop,Retail shops,shop=bicycle,1931 King Street East,,,L8K1V9,+1-905-545-2424,info@hamiltonelectricbikes.ca,https://hamiltonelectricbikes.ca/,"Mo,Su off; Tu-Fr 10:00-17:00; Sa 10:00-16:00",43.231671,-79.8054434,6.098,has_website,,no,,"not checked (beyond --max-checks, or --no-health)",,,,,,
node/7237786634,node,Sasso,restaurant,amenity,Food & drink,amenity=restaurant,,,,,,,,,43.2029156,-79.8913679,6.099,no_website,,no,,,,,,,,
way/775835859,way,Bay King Chrysler Dodge Jeep Ram,car,shop,Auto services,shop=car,,,,,,,,,43.2025922,-79.8896812,6.102,no_website,,no,,,,,,,,
node/1962783536,node,Lone Star Texas Grill,restaurant,amenity,Food & drink,amenity=restaurant,,,,,,,,"Su-Th 11:30-22:00; Fr,Sa 11:30-23:00",43.2285413,-79.9380885,6.107,no_website,,no,,,,,,,,
node/3366100244,node,Once Upon a Child,clothes,shop,Retail shops,shop=clothes,1550 Upper James Street,Hamilton,ON,L9B 2L6,,,https://www.onceuponachild.com,Mo-Fr 09:30-20:00; Sa 09:30-19:00; Su 11:00-18:00,43.203847,-79.8961898,6.108,has_website,,no,,"not checked (beyond --max-checks, or --no-health)",,,,,,
node/1962783623,node,Carter's OshKosh,clothes,shop,Retail shops,shop=clothes,,,,,,,https://www.cartersoshkosh.ca/,,43.2286751,-79.9382453,6.111,has_website,,no,,"not checked (beyond --max-checks, or --no-health)",,,,,,
node/1962783615,node,Moores,clothes,shop,Retail shops,shop=clothes,,,,,,,https://www.mooresclothing.com/,,43.2287855,-79.9383499,6.112,has_website,,no,,"not checked (beyond --max-checks, or --no-health)",,,,,,
way/775835858,way,Airport Ford Lincoln,car,shop,Auto services,shop=car,,,,,,,,,43.2026246,-79.8905821,6.115,no_website,,no,,,,,,,,
node/1620546571,node,The Red Lounge,bar,amenity,Food & drink,amenity=bar,,,,,,,,,43.2474867,-79.7982507,6.117,no_website,,no,,,,,,,,
node/1962783648,node,PetSmart,pet,shop,Pet services,shop=pet,14 Martindale Crescent,,,L9K 1J9,+1-905-648-9600,,https://www.petsmart.ca/stores/ca/on/ancaster-store0919.html,Mo-Sa 09:00-21:00; Su 10:00-19:00,43.2291871,-79.9387524,6.118,has_website,,no,,"not checked (beyond --max-checks, or --no-health)",,,,,,
way/183388399,way,Wendy's,fast_food,amenity,Food & drink,amenity=fast_food,1550 Upper James Street,,,L9B 1K2,+1-905-389-1787,,https://locations.wendys.com/canada/on/hamilton/1550-upper-james-street,Su-Th 06:30-00:00; Fr-Sa 06:30-01:00,43.2032722,-79.8941338,6.12,has_website,,no,,"not checked (beyond --max-checks, or --no-health)",,,,,,
way/183388394,way,Taco Bell,fast_food,amenity,Food & drink,amenity=fast_food,1550 Upper James Street,,,L9B 1K3,+1 905-387-6006,,https://locations.tacobell.ca/en/on/hamilton/1550-upper-james-st,Su-Th 10:30-02:00; Fr-Sa 10:30-03:00,43.2033333,-79.8945092,6.122,has_website,,no,,"not checked (beyond --max-checks, or --no-health)",,,,,,
node/1962783495,node,Structube,furniture,shop,Retail shops,shop=furniture,,,,,,,,,43.2295388,-79.9390851,6.123,no_website,,no,,,,,,,,
node/3366100245,node,Freedom Mobile,mobile_phone,shop,Retail shops,shop=mobile_phone,,,,,,,,,43.2037289,-79.8963334,6.124,no_website,,no,,,,,,,,
node/3954437744,node,Broadway Diner,restaurant,amenity,Food & drink,amenity=restaurant,,,,L9B 2L6,+1-905-574-7444,info.broadwaydiner@gmail.com,,Tu-Su 08:00-20:00; Mo 08:00-15:00,43.2037576,-79.896589,6.127,no_website,,no,,,,,,,,
node/2811512101,node,Big Bee,convenience,shop,Retail shops,shop=convenience,,,,,,,,,43.2470348,-79.7981678,6.132,no_website,,no,,,,,,,,
node/8990364426,node,MS Investments Used Car Sales,car,shop,Auto services,shop=car,,,,,+1 905-628-4060,,,,43.2655372,-79.9475027,6.135,no_website,,no,,,,,,,,
way/775835855,way,Shoppers Drug Mart,pharmacy,healthcare,Health & clinics,healthcare=pharmacy,1599 Rymal Road East,,,L9B 0H7,+1-905-387-3333,asdm975@shoppersdrugmart.ca,https://www.shoppersdrugmart.ca/en/store-locator/store/975,Mo-Su 08:00-22:00,43.2026906,-79.8924204,6.145,has_website,,no,,"not checked (beyond --max-checks, or --no-health)",,,,,,
node/12821469577,node,Allure Hair Salon,hairdresser,shop,Salons & barbers,shop=hairdresser,,,,,+1-905-545-7770,,,,43.2473288,-79.7978431,6.153,no_website,,no,,,,,,,,
node/12821469576,node,Super Pizza & Wings,fast_food,amenity,Food & drink,amenity=fast_food,,,,,+1-905-545-3888,,,,43.2472992,-79.7977619,6.16,no_website,,no,,,,,,,,
node/1962783551,node,Sherwin-Williams,paint,shop,Retail shops,shop=paint,14 Martindale Crescent,,,L9K1J9,+1-905-648-4994,,https://www.sherwin-williams.com/store-locator/paint-store/ancaster/on/763593,"Mo-Fr 07:00-18:00,Sa 08:00-17:00,Su 10:00-16:00",43.2284523,-79.9388088,6.162,has_website,,no,,"not checked (beyond --max-checks, or --no-health)",,,,,,
node/1962783546,node,Sport Chek,sports,shop,Retail shops,shop=sports,,,,,,,,Mo-Fr 10:00-20:00; Sa 09:30-18:00; Su 10:00-17:00,43.2296816,-79.9397958,6.166,no_website,,no,,,,,,,,
node/1962829665,node,Golf Town,sports,shop,Retail shops,shop=sports,,,,,,,,Mo-Fr 10:00-20:00; Sa 10:00-18:00; Su 10:00-17:00,43.2273266,-79.9381677,6.181,no_website,,no,,,,,,,,
way/836505829,way,Kastrau,garden_centre,shop,Retail shops,shop=garden_centre,,,,,,,,,43.2446193,-79.9475736,6.184,no_website,,no,,,,,,,,
node/13832154701,node,Flexwell Physio,physiotherapist,healthcare,Health & clinics,healthcare=physiotherapist,,,,,+1-289-309-6297,,,,43.2032578,-79.8971856,6.195,no_website,,no,,,,,,,,
node/13832159801,node,FYidoctors,optician,shop,Retail shops,shop=optician,95 Rymal Road West,,,L9B 1B7,+1-905-648-3762,hamilton.westmountain@fyidoctors.com,https://fyidoctors.com/pages/west-mountain-eye-clinic-optometrist-hamilton,"Mo-Tu, Th 09:00-17:00; We 09:00-19:00; Fr 09:00-15:00",43.2033929,-79.8978733,6.199,has_website,,no,,"not checked (beyond --max-checks, or --no-health)",,,,,,
node/13832155403,node,Hamilton Mountain Dental Group,dentist,healthcare,Health & clinics,healthcare=dentist,,,,,,,,,43.2032461,-79.8972752,6.199,no_website,,no,,,,,,,,
node/1970033320,node,Glesgo Dry Cleaners,dry_cleaning,shop,Retail shops,shop=dry_cleaning,,,,,,,,Mo-Sa 08:00-18:00; Su 11:00-16:00,43.2273388,-79.9384405,6.2,no_website,,no,,,,,,,,
node/14077954001,node,Pa-La's Pride & Groom,pet_grooming,shop,Pet services,shop=pet_grooming,41 Rymal Road East,,,L9B 1B5,+1-905-388-5930,,https://paw-lasprideandgroom.yolasite.com/,We-Sa 08:30-18:30,43.2027837,-79.8953668,6.201,has_website,,no,,"not checked (beyond --max-checks, or --no-health)",,,,,,
node/13832155401,node,Dr. Catherine Cooke Chiropractic Clinic,alternative,healthcare,Health & clinics,healthcare=alternative,,,,,+1-905-574-3274,,,,43.2032099,-79.8973511,6.205,no_website,,no,,,,,,,,
node/1962944367,node,Rudy Cheeseburgers,fast_food,amenity,Food & drink,amenity=fast_food,,,,,,,,,43.2274335,-79.9386107,6.206,no_website,,no,,,,,,,,
node/1970033341,node,Hair in the Meadows,hairdresser,shop,Salons & barbers,shop=hairdresser,,,,,,,www.hairinthemeadows.ca/,,43.2273417,-79.9385464,6.207,has_website,,no,,"not checked (beyond --max-checks, or --no-health)",,,,,,
node/1970033340,node,Royal Pho,fast_food,amenity,Food & drink,amenity=fast_food,,,,,,,https://www.royalpho.ca/,"Tu-Th,Su 11:00-20:00; Fr,Sa 11:00-21:00; Mo off",43.2273759,-79.9386013,6.209,has_website,,no,,"not checked (beyond --max-checks, or --no-health)",,,,,,
node/1962783541,node,Best Buy,electronics,shop,Retail shops,shop=electronics,"14 Martindale Crescent, Unit 1",Ancaster,Ontario,L9K 1J9,+1 866 237 8289,,https://bestbuy.ca,Mo-Sa 10:00-20:00; Su 11:00-18:00,43.2297871,-79.9404932,6.21,has_website,,no,,"not checked (beyond --max-checks, or --no-health)",,,,,,
way/329728840,way,Hamilton Volvo,car,shop,Auto services,shop=car,57 Rymal Road West,,,,,,https://www.hamiltonvolvo.com/,,43.2029599,-79.8965411,6.211,has_website,,no,,"not checked (beyond --max-checks, or --no-health)",,,,,,
node/14077954101,node,Auto Wash Wizards COIN-OP CAR WASH,car_wash,amenity,Services,amenity=car_wash,41 Rymal Road West,,,L9B 1B5,+1-905-318-3382,info@autowashwizards.ca,http://autowashwizards.ca,24/7,43.2026687,-79.8954328,6.214,has_website,,no,,"not checked (beyond --max-checks, or --no-health)",,,,,,
way/329729326,way,Tim Hortons,cafe,amenity,Food & drink,amenity=cafe,25 Rymal Road West,,,,,,https://locations.timhortons.ca/en/on/hamilton/25-rymal-rd-w/,24/7,43.2024774,-79.8946704,6.217,has_website,,no,,"not checked (beyond --max-checks, or --no-health)",,,,,,
node/2811515701,node,Lovely Auto Sales,car,shop,Auto services,shop=car,,,,,,,,,43.24677,-79.7970921,6.223,no_website,,no,,,,,,,,
node/7237786663,node,China Palace,restaurant,amenity,Food & drink,amenity=restaurant,,,,,,,,,43.2018763,-79.8922159,6.228,no_website,,no,,,,,,,,
node/7237786664,node,PharmaChoice,pharmacy,healthcare,Health & clinics,healthcare=pharmacy,,,,,,,,,43.2017835,-79.8918584,6.231,no_website,,no,,,,,,,,
node/1962783642,node,Second Cup,cafe,amenity,Food & drink,amenity=cafe,,,,,,,,,43.2285618,-79.9398815,6.232,no_website,,no,,,,,,,,
node/7237786665,node,Wings & Donairs,fast_food,amenity,Food & drink,amenity=fast_food,,,,,,,,,43.2017293,-79.891639,6.232,no_website,,no,,,,,,,,
way/211394769,way,Tim Hortons,cafe,amenity,Food & drink,amenity=cafe,,,,,,,,,43.236229,-79.800872,6.234,no_website,,no,,,,,,,,
node/1962783539,node,Subway,fast_food,amenity,Food & drink,amenity=fast_food,,,,,,,,,43.2284699,-79.9398654,6.236,no_website,,no,,,,,,,,
node/1962829613,node,Magicuts,hairdresser,shop,Salons & barbers,shop=hairdresser,,,,,,,,,43.2283941,-79.9398244,6.237,no_website,,no,,,,,,,,
node/1970033324,node,Quick Stitch Tailor Shoppe & Dry Cleaning,dry_cleaning,shop,Retail shops,shop=dry_cleaning,,,,,,,,,43.2284303,-79.9398446,6.237,no_website,,no,,,,,,,,
way/329729483,way,McDonald's,fast_food,amenity,Food & drink,amenity=fast_food,20 Rymal Road East,,,L9B 1T7,+1-905-387-9282,,https://www.mcdonalds.com/ca/en-ca/location/hamilton/rymal-rd/20-rymal-road-east/5178.html,24/7,43.2018668,-79.8927029,6.239,has_website,,no,,"not checked (beyond --max-checks, or --no-health)",,,,,,
node/1970033329,node,Golf Links Dental,dentist,healthcare,Health & clinics,healthcare=dentist,,,,,,,,,43.2283179,-79.9398098,6.24,no_website,,no,,,,,,,,
way/183890284,way,Tim Hortons,cafe,amenity,Food & drink,amenity=cafe,,,,,,,,,43.2021596,-79.850602,6.261,no_website,,no,,,,,,,,
way/183084145,way,Dollarama,variety_store,shop,Retail shops,shop=variety_store,,,,,,,http://www.dollarama.ca/,,43.2286221,-79.9404341,6.268,has_website,,no,,"not checked (beyond --max-checks, or --no-health)",,,,,,
node/8990317672,node,Perogie Bar,bar,amenity,Food & drink,amenity=bar,,,,,,,,,43.265661,-79.9491934,6.273,no_website,,no,,,,,,,,
way/183890280,way,Esso,convenience,shop,Retail shops,shop=convenience,,,,,,,https://www.esso.ca/en-ca/find-station/esso-hamilton-on-esso-200304102,,43.2019227,-79.8506687,6.285,has_website,,no,,"not checked (beyond --max-checks, or --no-health)",,,,,,
way/183084138,way,McDonald's,fast_food,amenity,Food & drink,amenity=fast_food,1015,,,,,,,,43.2286824,-79.9408212,6.292,no_website,,no,,,,,,,,
way/183250840,way,Tim Hortons,cafe,amenity,Food & drink,amenity=cafe,,,,,,,,,43.2659524,-79.9494635,6.3,no_website,,no,,,,,,,,
way/262890598,way,McDonald's,fast_food,amenity,Food & drink,amenity=fast_food,,,,,,,,,43.2651927,-79.9497799,6.311,no_website,,no,,,,,,,,
node/3153609794,node,Subway,fast_food,amenity,Food & drink,amenity=fast_food,,,,,,,,,43.2660595,-79.9496184,6.314,no_website,,no,,,,,,,,
node/1962829652,node,I.D.A.,pharmacy,healthcare,Health & clinics,healthcare=pharmacy,,,,,,,,,43.2285325,-79.9411489,6.323,no_website,,no,,,,,,,,
node/3153609793,node,Circle K,convenience,shop,Retail shops,shop=convenience,,,,,,,,,43.2661487,-79.9497653,6.327,no_website,,no,,,,,,,,
node/4404886997,node,DSW,shoes,shop,Retail shops,shop=shoes,,,,,,,,,43.2300791,-79.9425144,6.34,no_website,,no,,,,,,,,
node/1962829596,node,Phoenix Fitness,sports_centre,leisure,Fitness & leisure,leisure=sports_centre,,,,,,,http://phoenixfitnessclubs.ca/,,43.2285365,-79.9413944,6.34,has_website,,no,,"not checked (beyond --max-checks, or --no-health)",,,,,,
node/419363303,node,West Plains Bistro,restaurant,amenity,Food & drink,amenity=restaurant,133 Plains Rd E,Burlington,,,+1-905-333-9449,,https://www.westplainsbistro.com/,,43.3103574,-79.8486689,6.345,has_website,,no,,"not checked (beyond --max-checks, or --no-health)",,,,,,
way/262890829,way,Pizza Pizza,fast_food,amenity,Food & drink,amenity=fast_food,,,,,,,,,43.2652976,-79.9502083,6.347,no_website,,no,,,,,,,,
way/183084136,way,Staples,stationery,shop,Retail shops,shop=stationery,1015 Golf Links Road,Ancaster,Ontario,L9K 1L6,,,https://stores.staples.ca/on/ancaster/office-supplies-ca-59.html,Mo-Su 11:00-18:00,43.2287589,-79.9418567,6.361,has_website,,no,,"not checked (beyond --max-checks, or --no-health)",,,,,,
node/11291372560,node,Mark's,clothes,shop,Retail shops,shop=clothes,,,,,,,,,43.2301312,-79.9428682,6.363,no_website,,no,,,,,,,,
way/367535262,way,Wendy's,fast_food,amenity,Food & drink,amenity=fast_food,,,,,,,,,43.3104993,-79.848484,6.365,no_website,,no,,,,,,,,
node/3954437748,node,Circle K,convenience,shop,Retail shops,shop=convenience,,,,,,,https://www.circlek.com/store-locator/CA/hamilton/1660-upper-james-st/0801287,,43.2010396,-79.8945849,6.368,has_website,,no,,"not checked (beyond --max-checks, or --no-health)",,,,,,
node/8990368185,node,Highland Physiotherapy,physiotherapist,healthcare,Health & clinics,healthcare=physiotherapist,,,,,+1 905-628-5518,,,,43.2653917,-79.9506768,6.386,no_website,,no,,,,,,,,
node/1962691087,node,Swiss Chalet,restaurant,amenity,Food & drink,amenity=restaurant,,,,,,,,,43.227291,-79.9413621,6.406,no_website,,no,,,,,,,,
node/8990368186,node,Chan’s Restaurant,restaurant,amenity,Food & drink,amenity=restaurant,,,,,,,,,43.2661805,-79.9508332,6.413,no_website,,no,,,,,,,,
node/3153612719,node,Pita Pit,fast_food,amenity,Food & drink,amenity=fast_food,,,,,,,,,43.2662252,-79.9508231,6.413,no_website,,no,,,,,,,,
node/8990368182,node,Pizza Pizza,fast_food,amenity,Food & drink,amenity=fast_food,,,,,,,,,43.2661181,-79.950849,6.413,no_website,,no,,,,,,,,
way/432009682,way,Mitsubishi,car,shop,Auto services,shop=car,1670 Upper James Street,,,,,,http://www.mountainmitsubishi.com/,,43.2006571,-79.8948308,6.415,has_website,,no,,"not checked (beyond --max-checks, or --no-health)",,,,,,
node/8990368189,node,Lee’s Dundas I.D.A. Pharmacy,pharmacy,healthcare,Health & clinics,healthcare=pharmacy,49 King Street East,,,,+1 905-627-4584,,,,43.265879,-79.9509528,6.417,no_website,,no,,,,,,,,
node/8990368187,node,Royal East Dental,dentist,healthcare,Health & clinics,healthcare=dentist,,,,,,,,,43.265991,-79.950931,6.417,no_website,,no,,,,,,,,
node/8990368190,node,Avondale Food Stores,convenience,shop,Retail shops,shop=convenience,,,,,,,,,43.2660457,-79.9509212,6.418,no_website,,no,,,,,,,,
node/8990368183,node,Barber Shop Joseph,hairdresser,shop,Salons & barbers,shop=hairdresser,,,,,,,,,43.2659318,-79.950951,6.418,no_website,,no,,,,,,,,
node/12821469583,node,Tim Hortons,cafe,amenity,Food & drink,amenity=cafe,,,,,,,,,43.2460832,-79.7947646,6.422,no_website,,no,,,,,,,,
way/402065760,way,DOT Furniture,furniture,shop,Retail shops,shop=furniture,,,,,,,,,43.3109368,-79.847833,6.427,no_website,,no,,,,,,,,
node/8990357826,node,Optix Eyecare,optician,shop,Retail shops,shop=optician,49 King Street East,,,,+1 905-627-8811,,,,43.2658841,-79.9510983,6.429,no_website,,no,,,,,,,,
way/263439071,way,Les Chater Family YMCA,sports_centre,leisure,Fitness & leisure,leisure=sports_centre,356 Rymal Road East,,,L9B 1C2,+1-905-667-1515,leschater.membership@ymcahbb.ca,https://www.ymcahbb.ca/locations/les-chater-family-ymca,Mo-Fr 06:00-22:00; Sa-Su 08:00-18:00,43.1983345,-79.87835,6.436,has_website,,no,,"not checked (beyond --max-checks, or --no-health)",,,,,,
node/211874614,node,Shoppers Drug Mart,pharmacy,healthcare,Health & clinics,healthcare=pharmacy,,,,,,,https://www.shoppersdrugmart.ca/en/store-locator/store/698,Mo-Su 09:00-22:00,43.226959,-79.941743,6.451,has_website,,no,,"not checked (beyond --max-checks, or --no-health)",,,,,,
node/11278693967,node,Starbucks,cafe,amenity,Food & drink,amenity=cafe,,,,,,,,Mo-Su 05:30-21:00,43.2294323,-79.9436395,6.454,no_website,,no,,,,,,,,
node/1549723028,node,Tim Hortons,cafe,amenity,Food & drink,amenity=cafe,,,,,,,,24/7,43.2627398,-79.9521213,6.461,no_website,,no,,,,,,,,
node/6235083894,node,I.D.A.,pharmacy,healthcare,Health & clinics,healthcare=pharmacy,,,,,,,,,43.2049568,-79.9108018,6.463,no_website,,no,,,,,,,,
node/11278693966,node,Chipotle,fast_food,amenity,Food & drink,amenity=fast_food,,,,,,,,Mo-Su 10:45-23:00,43.229403,-79.9437607,6.464,no_website,,no,,,,,,,,
node/2811517201,node,Sana Grill,restaurant,amenity,Food & drink,amenity=restaurant,,,,,,,,,43.2460098,-79.7942375,6.465,no_website,,no,,,,,,,,
node/7020507837,node,Barely Bent Books,books,shop,Retail shops,shop=books,46 King Street East,Dundas,ON,L9H 1B8,,,,"Tu-Th 10:00-18:00, Fr 14:30-18:00, Sa 10:00-17:00",43.2656925,-79.9516102,6.466,no_website,,no,,,,,,,,
node/2686065874,node,Anytime Fitness,fitness_centre,leisure,Fitness & leisure,leisure=fitness_centre,,,,,,,,24/7,43.2627165,-79.9522229,6.469,no_website,,no,,,,,,,,
node/4482322989,node,Rexall,pharmacy,healthcare,Health & clinics,healthcare=pharmacy,,,,,,,,,43.1978986,-79.8711581,6.471,no_website,,no,,,,,,,,
node/1620615985,node,Rexall,pharmacy,healthcare,Health & clinics,healthcare=pharmacy,,,,,,,https://www.rexall.ca/,,43.2354347,-79.7980994,6.476,has_website,,no,,"not checked (beyond --max-checks, or --no-health)",,,,,,
node/2686065876,node,Pet Valu,pet,shop,Pet services,shop=pet,,,,,,,https://store.petvalu.ca/location/2149,Mo-Fr 09:00-20:00; Sa 09:00-18:00; Su 10:00-18:00,43.2627013,-79.9523188,6.477,has_website,,no,,"not checked (beyond --max-checks, or --no-health)",,,,,,
way/27898135,way,The Home Depot,doityourself,shop,Retail shops,shop=doityourself,122 Martindale Crescent,,,L9K 1J9,+1-905-304-5900,,https://stores.homedepot.ca/on/ancaster/home-improvement-ancaster-on-7007.html,Mo-Fr 07:00-21:00; Sa 07:00-20:00; Su 08:00-20:00,43.2304031,-79.9446985,6.482,has_website,,no,,"not checked (beyond --max-checks, or --no-health)",,,,,,
node/9101475911,node,J & G Quality Meats,butcher,shop,Retail shops,shop=butcher,175 Plains Road East,Burlington,Ontario,L7T 2C4,+1-905-634-0196,,,Tu-Sa 09:00-17:00,43.3113438,-79.8473506,6.483,no_website,,no,,,,,,,,
node/4854164415,node,Family Dentist,dentist,healthcare,Health & clinics,healthcare=dentist,,,,,,,,,43.1977676,-79.8706698,6.486,no_website,,no,,,,,,,,
node/2686065875,node,Domino's,fast_food,amenity,Food & drink,amenity=fast_food,,,,,,,,,43.2626619,-79.9524523,6.487,no_website,,no,,,,,,,,
node/4854164728,node,Ultimate Optics Inc.,optician,shop,Retail shops,shop=optician,,,,,,,,,43.1977382,-79.8705357,6.49,no_website,,no,,,,,,,,
node/4854164414,node,It's Pizza Time,restaurant,amenity,Food & drink,amenity=restaurant,,,,,,,,,43.1977148,-79.8704526,6.493,no_website,,no,,,,,,,,
way/1386026726,way,TriniTech Automotive,car_repair,shop,Auto services,shop=car_repair,,,,,+1 905-481-3685,,https://www.trinitechautomotive.com/,,43.2459604,-79.7937805,6.503,has_website,,no,,"not checked (beyond --max-checks, or --no-health)",,,,,,
node/13723898105,node,Plato's Closet,clothes,shop,Retail shops,shop=clothes,,,,,,,,,43.197602,-79.8700703,6.506,no_website,,no,,,,,,,,
node/404133496,node,Pizza Pizza,fast_food,amenity,Food & drink,amenity=fast_food,,,,,,,,,43.2356964,-79.7974442,6.515,no_website,,no,,,,,,,,
node/2686065285,node,Dollarama,variety_store,shop,Retail shops,shop=variety_store,,,,,,,http://www.dollarama.ca/,,43.2628109,-79.9528188,6.518,has_website,,no,,"not checked (beyond --max-checks, or --no-health)",,,,,,
node/7237693104,node,Subway,fast_food,amenity,Food & drink,amenity=fast_food,,,,,,,,,43.2101341,-79.922874,6.521,no_website,,no,,,,,,,,
node/8990375165,node,CUTIS Cosmetic & Laser Centre,beauty,shop,Salons & barbers,shop=beauty,25,,,,,,,,43.266025,-79.9522854,6.526,no_website,,no,,,,,,,,
way/163832955,way,Tim Hortons,cafe,amenity,Food & drink,amenity=cafe,,,,,,,,,43.1974001,-79.8707208,6.527,no_website,,no,,,,,,,,
node/7237693103,node,Pizza Nova,fast_food,amenity,Food & drink,amenity=fast_food,,,,,,,,,43.2100567,-79.9229111,6.529,no_website,,no,,,,,,,,
node/7237693102,node,Massage Addict,massage,shop,Salons & barbers,shop=massage,,,,,,,,,43.209971,-79.9229355,6.538,no_website,,no,,,,,,,,
node/2811512103,node,Come by Chance,pub,amenity,Food & drink,amenity=pub,,,,,,,,,43.2442907,-79.7935423,6.556,no_website,,no,,,,,,,,
node/8990386080,node,CUTIS,beauty,shop,Salons & barbers,shop=beauty,,,,,,,,,43.2660837,-79.952645,6.556,no_website,,no,,,,,,,,
node/211287594,node,Tim Hortons,cafe,amenity,Food & drink,amenity=cafe,,,,,,,,Mo-Su 05:00-23:00,43.2275259,-79.9439938,6.579,no_website,,no,,,,,,,,
node/8990387810,node,Body Soul Holistic Day Spa,beauty,shop,Salons & barbers,shop=beauty,,,,,,,,,43.2660779,-79.953085,6.591,no_website,,no,,,,,,,,
node/211287771,node,Wendy's,fast_food,amenity,Food & drink,amenity=fast_food,,,,,,,,,43.2275009,-79.9441998,6.595,no_website,,no,,,,,,,,
node/8990386411,node,7th Heaven Fashion,clothes,shop,Retail shops,shop=clothes,,,,,,,,,43.2660992,-79.9532269,6.603,no_website,,no,,,,,,,,
node/8990386409,node,Timeless Beauty Lingerie,clothes,shop,Retail shops,shop=clothes,,,,,,,,,43.266119,-79.9532902,6.608,no_website,,no,,,,,,,,
way/446384939,way,Thirsty Cactus Cantina & Grill,restaurant,amenity,Food & drink,amenity=restaurant,2 King Street West,Dundas,,,,,https://thirstycactus.ca/,"Mo-Th,Su 11:30-23:00; Fr-Sa 11:30-24:00",43.2659221,-79.9535142,6.622,has_website,,no,,"not checked (beyond --max-checks, or --no-health)",,,,,,
node/14141316905,node,Punky's Flat,restaurant,amenity,Food & drink,amenity=restaurant,,,,,,,,,43.2658191,-79.9535492,6.623,no_website,,no,,,,,,,,
node/8990386410,node,Viva Aesthetics,beauty,shop,Salons & barbers,shop=beauty,1 Cross Street,Dundas,ON,,,,,,43.2661447,-79.9534952,6.625,no_website,,no,,,,,,,,
node/3948874324,node,Kiosk,convenience,shop,Retail shops,shop=convenience,,,,,,,,,43.2718398,-79.9518559,6.632,no_website,,no,,,,,,,,
node/3954437746,node,Mountain Hyundai,car,shop,Auto services,shop=car,1739 Upper James Street,Hamilton,,,,,https://www.mountainhyundai.com/,,43.1983257,-79.8947312,6.662,has_website,,no,,"not checked (beyond --max-checks, or --no-health)",,,,,,
node/8990470277,node,French Revolution Bakery & Crêperie,bakery,shop,Retail shops,shop=bakery,,,,,,,https://www.frbakery.ca/,"Tu 10:00-16:00; We-Fr 10:00-17:00; Sa 09:00-16:00; Su,Mo off",43.265893,-79.9541221,6.67,has_website,,no,,"not checked (beyond --max-checks, or --no-health)",,,,,,
node/3703966989,node,Freewheel Cycle,bicycle,shop,Retail shops,shop=bicycle,9 King Street West,Dundas,ON,L9H 1T5,+1-905 628-5126,,https://www.freewheelcycle.com/,"Tu-Fr 10:00-18:00; Sa 10:00-17:00; Su,Mo off",43.2662286,-79.9541382,6.678,has_website,,no,,"not checked (beyond --max-checks, or --no-health)",,,,,,
node/8990386755,node,The Burnt Tongue,restaurant,amenity,Food & drink,amenity=restaurant,,,,,,,,Mo-Su 11:00-20:00,43.266258,-79.9542915,6.691,no_website,,no,,,,,,,,
node/14141316901,node,Modella Ladieswear,clothes,shop,Retail shops,shop=clothes,,,,,,,,Mo-Th 10:00-18:00; Fr 10:00-18:50; Su 11:00-17:00; Sa off,43.2662748,-79.9544159,6.701,no_website,,no,,,,,,,,
node/14141316902,node,Modella Soiree,clothes,shop,Retail shops,shop=clothes,,,,,,,,Mo-Th 10:00-18:00; Fr 10:00-19:00; Su 11:00-17:00; Sa off,43.2662906,-79.9545523,6.712,no_website,,no,,,,,,,,
node/4436649592,node,Red Door Cucina,restaurant,amenity,Food & drink,amenity=restaurant,21 King Street West,Dundas,,,,,https://www.reddoorcucina.com/,,43.2666968,-79.9545459,6.719,has_website,,no,,"not checked (beyond --max-checks, or --no-health)",,,,,,
node/8990470279,node,Dundas Valley Dentistry,dentist,healthcare,Health & clinics,healthcare=dentist,,,,,,,,Mo 10:00-18:00; Tu-Th 08:00-17:00; Fr-Su off,43.2658539,-79.9547482,6.72,no_website,,no,,,,,,,,
node/14141316903,node,Modella Plus Size,clothes,shop,Retail shops,shop=clothes,,,,,,,,Mo-Th 10:00-18:00; Fr 10:00-19:00; Su 11:00-17:00; Sa off,43.2663063,-79.9546472,6.72,no_website,,no,,,,,,,,
node/12718402455,node,Costco Tire Centre,tyres,shop,Auto services,shop=tyres,,,,,,,,,43.2301278,-79.9479281,6.731,no_website,,no,,,,,,,,
node/12718402453,node,Costco Food Court,fast_food,amenity,Food & drink,amenity=fast_food,,,,,,,,,43.2301471,-79.9480253,6.737,no_website,,no,,,,,,,,
node/14141282993,node,Valley Town Eye Care,optometrist,healthcare,Health & clinics,healthcare=optometrist,,,,,,,,,43.2661023,-79.9549118,6.737,no_website,,no,,,,,,,,
node/8990387811,node,Jax Sweet Shoppe,bakery,shop,Retail shops,shop=bakery,,,,,,,,"Tu 09:00-16:00; We,Th 09:00-18:00; Fr,Sa 09:00-20:00; Su 09:00-18:00; Mo off",43.2663681,-79.9550077,6.75,no_website,,no,,,,,,,,
way/100576995,way,Rosedale Arena & Rosedale Seniors Club,sports_centre,leisure,Fitness & leisure,leisure=sports_centre,100 Greenhill Avenue,Hamilton,ON,L8K 6M4,,,,,43.2188784,-79.8069945,6.751,no_website,,no,,,,,,,,
node/14141282996,node,Cumbrae's,butcher,shop,Retail shops,shop=butcher,,,,,,,,Mo-Sa 09:30-18:00; Su 10:00-17:00,43.2661289,-79.9551578,6.757,no_website,,no,,,,,,,,
node/4436649849,node,Collins Brewhouse,restaurant,amenity,Food & drink,amenity=restaurant,,,,,,,https://collinsbrewhouse.ca/pdf/menus/drinks/Collins-Drink-Menu.pdf,,43.2663918,-79.9551543,6.762,has_website,,no,,"not checked (beyond --max-checks, or --no-health)",,,,,,
way/97928279,way,Pat Quinn Parkdale Arena,sports_centre,leisure,Fitness & leisure,leisure=sports_centre,,,,,,,,,43.2363273,-79.7938918,6.763,no_website,,no,,,,,,,,
node/3954437755,node,The Egg & I,restaurant,amenity,Food & drink,amenity=restaurant,,,,,,,https://eggandi.ca/,,43.197625,-79.8960266,6.766,has_website,,no,,"not checked (beyond --max-checks, or --no-health)",,,,,,
node/13723903201,node,Shawarma,restaurant,amenity,Food & drink,amenity=restaurant,675 Rymal Road East,,,,,,,,43.1957492,-79.8617365,6.769,no_website,,no,,,,,,,,
node/13723890203,node,Little Ceasars,restaurant,amenity,Food & drink,amenity=restaurant,675 Rymal Road East,,,,,,,,43.1957301,-79.8616507,6.772,no_website,,no,,,,,,,,
way/1501815476,way,McDonald's,fast_food,amenity,Food & drink,amenity=fast_food,,,,,,,,,43.2000927,-79.8395426,6.786,no_website,,no,,,,,,,,
node/3098092823,node,Detour Cafe,cafe,amenity,Food & drink,amenity=cafe,41 King Street West,,,,+1 289-238-8184,,https://detourcoffee.com/pages/dundas-king-st,Mo-Su 08:00-17:00,43.2664238,-79.9554652,6.787,has_website,,no,,"not checked (beyond --max-checks, or --no-health)",,,,,,
node/12718402454,node,Costco Pharmacy,pharmacy,healthcare,Health & clinics,healthcare=pharmacy,,,,,,,,,43.2301605,-79.9487494,6.789,no_website,,no,,,,,,,,
node/14141282999,node,Lillian's Style Shoppe,shoes,shop,Retail shops,shop=shoes,,,,,,,,"Tu-Sa 11:00-17:00; Su 00:00-16:00; Mo,PH off",43.2661853,-79.9555852,6.793,no_website,,no,,,,,,,,
node/8287672910,node,Harper's Garden Centre,garden_centre,shop,Retail shops,shop=garden_centre,1039 Wilson Street East,Ancaster,,L9H 5E3,+1 905 648 2157,,https://harpersgardencentre.ca/,"Mo-Fr 09:00-18:00; Sa,Su 09:00-19:00",43.2426247,-79.9547786,6.802,has_website,,no,,"not checked (beyond --max-checks, or --no-health)",,,,,,
node/14141283000,node,The Valley Restaurant,restaurant,amenity,Food & drink,amenity=restaurant,,,,,,,,Tu-Sa 11:30-20:30; Su 11:30-19:30; Mo off,43.2662014,-79.9557258,6.804,no_website,,no,,,,,,,,
node/13769621175,node,Safe Gold,jewelry,shop,Retail shops,shop=jewelry,"1070 Stone Church Road East, Unit 35",Hamilton,,,,,https://safegold.ca,,43.1987121,-79.8432177,6.816,has_website,,no,,"not checked (beyond --max-checks, or --no-health)",,,,,,
node/7833029182,node,Bombay Grill,restaurant,amenity,Food & drink,amenity=restaurant,,,,,,,,,43.1986317,-79.8433188,6.822,no_website,,no,,,,,,,,
node/1993662278,node,Bangkok Spoon,restaurant,amenity,Food & drink,amenity=restaurant,57 King Street West,Dundas,,L9H 1T5,,,https://www.bangkokspoon.com/,,43.2664551,-79.9559218,6.824,has_website,,no,,"not checked (beyond --max-checks, or --no-health)",,,,,,
node/3272250181,node,Dairy Queen,fast_food,amenity,Food & drink,amenity=fast_food,,,,,,,,,43.1989609,-79.8419844,6.826,no_website,,no,,,,,,,,
node/1993662290,node,Starbucks,cafe,amenity,Food & drink,amenity=cafe,,,,,,,,,43.2662257,-79.9559898,6.826,no_website,,no,,,,,,,,
node/4436788052,node,The V Spot Vegan Cafe & Eatery,restaurant,amenity,Food & drink,amenity=restaurant,,,,,,,,,43.2657223,-79.9561211,6.827,no_website,,no,,,,,,,,
node/7833029181,node,Circle K,convenience,shop,Retail shops,shop=convenience,,,,,,,,24/7,43.19897,-79.841519,6.839,no_website,,no,,,,,,,,
node/3272251365,node,Rexall,pharmacy,healthcare,Health & clinics,healthcare=pharmacy,,,,,,,,,43.1995124,-79.8396893,6.84,no_website,,no,,,,,,,,
node/14156400995,node,Oliver & Co. Home,furniture,shop,Retail shops,shop=furniture,,,,,,,,,43.266257,-79.9562442,6.846,no_website,,no,,,,,,,,
node/1934454303,node,A&W,fast_food,amenity,Food & drink,amenity=fast_food,,,,,,,,,43.2269949,-79.9474009,6.85,no_website,,no,,,,,,,,
node/14156400992,node,Marlin Travel,travel_agency,shop,Retail shops,shop=travel_agency,,,,,,,,,43.2665732,-79.956277,6.855,no_website,,no,,,,,,,,
node/7833029183,node,Mi Pho Song Yu,restaurant,amenity,Food & drink,amenity=restaurant,,,,,,,,,43.1983493,-79.8431742,6.855,no_website,,no,,,,,,,,
node/14156400993,node,The Handmade House,gift,shop,Retail shops,shop=gift,,,,,,,,,43.2665795,-79.9563698,6.862,no_website,,no,,,,,,,,
node/3480403696,node,Dyments Market,greengrocer,shop,Retail shops,shop=greengrocer,,,,,,,,,43.2822439,-79.9498315,6.878,no_website,,no,,,,,,,,
way/183115186,way,Mohawk 4 Ice centre,sports_centre,leisure,Fitness & leisure,leisure=sports_centre,,,,,,,,,43.2094247,-79.8170454,6.882,no_website,,no,,,,,,,,
node/3272250188,node,Dollar Tree,variety_store,shop,Retail shops,shop=variety_store,,,,,,,,,43.1980988,-79.8428293,6.891,no_website,,no,,,,,,,,
node/2811524201,node,Mr. Sub,fast_food,amenity,Food & drink,amenity=fast_food,,,,,,,,,43.2432369,-79.7895083,6.9,no_website,,no,,,,,,,,
node/6983989175,node,Tepperman's Ancaster,appliance,shop,Retail shops,shop=appliance,45 Legend Court,,,,,,https://teppermans.com/,,43.2281608,-79.9489748,6.903,has_website,,no,,"not checked (beyond --max-checks, or --no-health)",,,,,,
node/3272251366,node,Pizza Hut,restaurant,amenity,Food & drink,amenity=restaurant,,,,,,,,,43.1987856,-79.8398498,6.909,no_website,,no,,,,,,,,
node/7833029184,node,GoodLife Fitness,fitness_centre,leisure,Fitness & leisure,leisure=fitness_centre,,,,,,,,,43.1981231,-79.8419779,6.913,no_website,,no,,,,,,,,
node/7833033585,node,Subway,fast_food,amenity,Food & drink,amenity=fast_food,,,,,,,,,43.1987406,-79.8398638,6.914,no_website,,no,,,,,,,,
node/7833033586,node,Optical Clearance Outlet,optician,shop,Retail shops,shop=optician,"1405 Upper Ottawa Street, Unit 3",Hamilton,Ontario,L8W 3J6,+1-905-318-2020,,,"Mo 09:00-18:00, Tu-Fr 09:00-17:00",43.1986922,-79.839882,6.918,no_website,,no,,,,,,,,
node/5138446016,node,Quatrefoil Restaurant,restaurant,amenity,Food & drink,amenity=restaurant,,,,,,,,,43.2672918,-79.9569076,6.919,no_website,,no,,,,,,,,
node/7833033587,node,Hub Burritos,fast_food,amenity,Food & drink,amenity=fast_food,,,,,,,,,43.1986296,-79.8399012,6.924,no_website,,no,,,,,,,,
node/7833033588,node,Red Rockets,fast_food,amenity,Food & drink,amenity=fast_food,,,,,,,,,43.1985804,-79.8399179,6.928,no_website,,no,,,,,,,,
node/9224948761,node,LifeLabs,laboratory,healthcare,Health & clinics,healthcare=laboratory,60 Hatt Street,Dundas,ON,L9H 7T6,,,https://www.lifelabs.com/,Mo-Fr 08:00-16:00,43.2653105,-79.957493,6.93,has_website,,no,,"not checked (beyond --max-checks, or --no-health)",,,,,,
node/13155707828,node,Nutech Electronics,electronics,shop,Retail shops,shop=electronics,166 Parkdale Avenue North,Hamilton,Ontario,L8H 5X2,+1-905-547-8420,,https://nutechelectronics.com,Mo-Su 09:00-17:00,43.2409569,-79.7898445,6.931,has_website,,no,,"not checked (beyond --max-checks, or --no-health)",,,,,,
node/7833033589,node,Glitter & Gold,beauty,shop,Salons & barbers,shop=beauty,,,,,+1-905-389-8990,,,,43.1985452,-79.839931,6.932,no_website,,no,,,,,,,,
node/12518691544,node,Taps Bar & Grill,bar,amenity,Food & drink,amenity=bar,128 Parkdale Avenue North,Hamilton,Ontario,,+1-905-393-8805,,,Sa-Th 10:00-22:00; Fr 10:00-23:00,43.2398999,-79.790204,6.932,no_website,,no,,,,,,,,
node/12518691543,node,K.C. Convenience,convenience,shop,Retail shops,shop=convenience,,,,,,,,,43.2397963,-79.7902148,6.934,no_website,,no,,,,,,,,
node/7833033600,node,Studio Cessentials,beauty,shop,Salons & barbers,shop=beauty,,,,,,,,,43.1983668,-79.8399858,6.948,no_website,,no,,,,,,,,
node/2811524302,node,Rexall,pharmacy,healthcare,Health & clinics,healthcare=pharmacy,,,,,,,https://www.rexall.ca/,,43.2429692,-79.7889303,6.952,has_website,,no,,"not checked (beyond --max-checks, or --no-health)",,,,,,
node/3272251367,node,Cedar Falafel & Shawarma,fast_food,amenity,Food & drink,amenity=fast_food,,,,,,,,,43.1981254,-79.8405497,6.956,no_website,,no,,,,,,,,
node/7833033602,node,The Warehouse,beauty,shop,Salons & barbers,shop=beauty,,,,,,,,,43.1982513,-79.8400406,6.958,no_website,,no,,,,,,,,
node/9224948760,node,LifeLabs,laboratory,healthcare,Health & clinics,healthcare=laboratory,280 Queenston Road,Hamilton,ON,L8K 1H1,,,https://www.lifelabs.com/,Mo-Fr 07:00-16:30; Sa 07:00-11:00,43.2340447,-79.7924268,6.96,has_website,,no,,"not checked (beyond --max-checks, or --no-health)",,,,,,
node/7833033608,node,Hamilton Coin Laundry,laundry,shop,Retail shops,shop=laundry,,,,,,,,,43.1980853,-79.8404152,6.964,no_website,,no,,,,,,,,
node/7729241319,node,Lords Auto Spa,car_wash,amenity,Services,amenity=car_wash,401 Parkdale Avenue North,Hamilton,,,+1-289-700-6872,,https://www.lordsautospa.com/,Mo-Sa 09:00-17:00,43.2477094,-79.7875831,6.969,has_website,,no,,"not checked (beyond --max-checks, or --no-health)",,,,,,
node/14156400991,node,Willow Salon,hairdresser,shop,Salons & barbers,shop=hairdresser,,,,,,,,,43.2667416,-79.9577076,6.972,no_website,,no,,,,,,,,
node/1962783483,node,Hair by Nature of Ancaster,hairdresser,shop,Salons & barbers,shop=hairdresser,27 Legend Court,Ancaster,Ontario,L9K 1J3,+1 905 304 1324,,www.hairbynatureofancaster.com,Tu 09:00-18:00; We-Th 09:00-20:00; Fr-Sa 09:00-17:00,43.2273266,-79.9493551,6.973,has_website,,no,,"not checked (beyond --max-checks, or --no-health)",,,,,,
node/11758863369,node,Little Caesars,fast_food,amenity,Food & drink,amenity=fast_food,Queenston Road,,,,,,,,43.234012,-79.7922726,6.973,no_website,,no,,,,,,,,
node/7833033604,node,South City Chinese Food,restaurant,amenity,Food & drink,amenity=restaurant,,,,,+1-905-387-7788,,,,43.1980905,-79.8400953,6.973,no_website,,no,,,,,,,,
node/7833033606,node,Golden Crown Hair Salon,hairdresser,shop,Salons & barbers,shop=hairdresser,,,,,,,,,43.1980286,-79.840274,6.974,no_website,,no,,,,,,,,
node/3273644827,node,East Mountain Animal Hospital,veterinary,amenity,Services,amenity=veterinary,,,,,,,,,43.1988659,-79.8375399,6.976,no_website,,no,,,,,,,,
node/7833033605,node,Raoabe Restaurant,restaurant,amenity,Food & drink,amenity=restaurant,,,,,,,,,43.1980275,-79.840176,6.977,no_website,,no,,,,,,,,
node/1993662293,node,Indian Village Resturant,restaurant,amenity,Food & drink,amenity=restaurant,,,,,,,,,43.2664796,-79.9578406,6.978,no_website,,no,,,,,,,,
node/1993662279,node,Cafe Domestique,cafe,amenity,Food & drink,amenity=cafe,,,,,,,,,43.2664874,-79.957909,6.984,no_website,,no,,,,,,,,
node/1993798909,node,sunnyside Grill,restaurant,amenity,Food & drink,amenity=restaurant,,,,,,,,,43.2667146,-79.9579569,6.992,no_website,,no,,,,,,,,
node/1993798913,node,Aloha Cafe & Juice Bar,fast_food,amenity,Food & drink,amenity=fast_food,,,,,,,,,43.2667234,-79.9580836,7.002,no_website,,no,,,,,,,,
node/13202875808,node,Ancaster Sports Centre,sports_centre,leisure,Fitness & leisure,leisure=sports_centre,1030 Lower Lions Club Road,Dundas,Ontario,L9H 5E3,+1-289-309-5466,info@ancastersportscentre.com,https://ancastersportscentre.com/,"Mo-Fr 09:00-00:30, Sa-Su 08:00-00:30",43.2426732,-79.9573669,7.005,has_website,,no,,"not checked (beyond --max-checks, or --no-health)",,,,,,
way/287906451,way,The Gym,fitness_centre,leisure,Fitness & leisure,leisure=fitness_centre,288 Queenston Road,Hamilton,Ontario,,+1 905 393 9091,,TheGymHamilton.com,"Tu 10:00-19:00, Th 09:00-18:00, Fr 09:00-19:00, Mo,We,Sa ""appointment""",43.2338892,-79.7919125,7.005,has_website,,no,,"not checked (beyond --max-checks, or --no-health)",,,,,,
node/11758804269,node,Mike's Computer Store,computer,shop,Retail shops,shop=computer,287 Queenston Road,,,,+1-289-276-0265,,http://www.mikescomputershop.com/,,43.2343274,-79.7916667,7.007,has_website,,no,,"not checked (beyond --max-checks, or --no-health)",,,,,,
node/1993798910,node,Pharmasave,pharmacy,healthcare,Health & clinics,healthcare=pharmacy,,,,,,,,,43.2667332,-79.9581615,7.008,no_website,,no,,,,,,,,
way/183099998,way,Jack Astor's,restaurant,amenity,Food & drink,amenity=restaurant,,,,,,,,,43.2268825,-79.9495593,7.01,no_website,,no,,,,,,,,
node/12158750137,node,Shy's Place,restaurant,amenity,Food & drink,amenity=restaurant,11 Coreslab Drive,,,,+1 9056907497,,https://www.shysplace.ca/,Tu-Fr 11:30-21:30; Sa-Su 10:30-21:30,43.3060631,-79.9256632,7.012,has_website,,no,,"not checked (beyond --max-checks, or --no-health)",,,,,,
node/14156400984,node,Dy's Plumbing Service,plumber,craft,Trades & contractors,craft=plumber,,,,,,,,,43.2661186,-79.9583683,7.014,no_website,,no,,,,,,,,
node/14156400990,node,Dundas Valley Medical Centre,clinic,healthcare,Health & clinics,healthcare=clinic,,,,,,,,,43.266883,-79.9582531,7.018,no_website,,no,,,,,,,,
way/98057080,way,Crunch Fitness,sports_centre,leisure,Fitness & leisure,leisure=sports_centre,1215 Stone Church Road East,,,L8W 2C6,,,https://crunchfitness.ca/,,43.1987878,-79.8363979,7.022,has_website,,no,,"not checked (beyond --max-checks, or --no-health)",,,,,,
node/11758804069,node,Narula's Authentic Indian Cuisine,restaurant,amenity,Food & drink,amenity=restaurant,291 Queenston Road,,,,+1 905 545 9000,,http://Narulas.ca,,43.2342597,-79.7914414,7.027,has_website,,no,,"not checked (beyond --max-checks, or --no-health)",,,,,,
node/11758803969,node,Mens Style Barber Shop,hairdresser,shop,Salons & barbers,shop=hairdresser,293 Queenston Road,,,,,,,,43.2342329,-79.7913682,7.033,no_website,,no,,,,,,,,
node/14156400989,node,Dundas Animal Hospital,veterinary,amenity,Services,amenity=veterinary,,,,,,,,,43.2668509,-79.9584615,7.035,no_website,,no,,,,,,,,
way/97928434,way,Hamilton Hyundai,car,shop,Auto services,shop=car,324 Parkdale Avenue North,Hamilton,ON,L8H 5X9,+1 905 545 5150,,https://hamiltonhyundai.ca/,,43.2453111,-79.7872514,7.036,has_website,,no,,"not checked (beyond --max-checks, or --no-health)",,,,,,
node/1993798921,node,Emilio's Eatery,fast_food,amenity,Food & drink,amenity=fast_food,,,,,,,,,43.2668194,-79.958597,7.045,no_website,,no,,,,,,,,
node/1962745075,node,Ren's Pets,pet,shop,Pet services,shop=pet,,,,,,,,,43.226666,-79.9499103,7.046,no_website,,no,,,,,,,,
node/14156400985,node,The Printed Word,books,shop,Retail shops,shop=books,,,,,,,,,43.2660365,-79.9588545,7.051,no_website,,no,,,,,,,,
node/283208489,node,Wendy's,fast_food,amenity,Food & drink,amenity=fast_food,,,,,,,,,43.3108499,-79.9168474,7.055,no_website,,no,,,,,,,,
node/1962745076,node,La Senza,clothes,shop,Retail shops,shop=clothes,,,,,,,https://www.lasenza.com/,,43.2266328,-79.9500659,7.059,has_website,,no,,"not checked (beyond --max-checks, or --no-health)",,,,,,
node/11758790270,node,Wayne's Auto World,car,shop,Auto services,shop=car,303 Queenston Road,,,,+1 905 544 5568,,http://WaynesAutoWorld.ca,,43.2342608,-79.7909968,7.061,has_website,,no,,"not checked (beyond --max-checks, or --no-health)",,,,,,
node/14156400986,node,The Kitchen Witch,gift,shop,Retail shops,shop=gift,,,,,,,,,43.2665977,-79.9589023,7.065,no_website,,no,,,,,,,,
node/1853043076,node,Tim Hortons,cafe,amenity,Food & drink,amenity=cafe,469 Highway 6 North,,,,,,,,43.3109378,-79.9169432,7.067,no_website,,no,,,,,,,,
node/1993798899,node,Winchester Arms,pub,amenity,Food & drink,amenity=pub,,,,,,,,,43.2666661,-79.9590663,7.079,no_website,,no,,,,,,,,
node/1962745078,node,Addition Elle,clothes,shop,Retail shops,shop=clothes,,,,,,,,,43.2265879,-79.9503798,7.084,no_website,,no,,,,,,,,
node/14190883004,node,The Donut Stop,cafe,amenity,Food & drink,amenity=cafe,617 Parkdale Avenue North,Hamilton,Ontario,L8H 5Z1,+1-905-545-2618,,https://www.donutstop.shop/,Mo-Fr 04:00-21:30; Sa-Su 07:00-21:30,43.2527072,-79.7854505,7.089,has_website,,no,,"not checked (beyond --max-checks, or --no-health)",,,,,,
node/14190888108,node,Rona,doityourself,shop,Retail shops,shop=doityourself,633 Parkdale Avenue North,Hamilton,Ontario,L8H 5Z1,+1-905-547-3444,,https://rona.ca,Mo-Fr 07:00-20:00; Sa 07:00-18:00; Su 08:00-18:00,43.2531905,-79.7853577,7.094,has_website,,no,,"not checked (beyond --max-checks, or --no-health)",,,,,,
node/7833033611,node,Super Sausage,butcher,shop,Retail shops,shop=butcher,,,,,,,,,43.196701,-79.8406763,7.099,no_website,,no,,,,,,,,
node/14156400987,node,Tirecraft Dundas,car_repair,shop,Auto services,shop=car_repair,,,,,,,,,43.2664794,-79.9593842,7.101,no_website,,no,,,,,,,,
way/43939208,way,Kingdom Concrete Drilling & Sawing Inc.,metal_construction,craft,Trades & contractors,craft=metal_construction,667 Parkdale Avenue North,Hamilton,,L8H 5Z1,+1-905-547-4414,king-dom@bellnet.ca,https://www.kingdomconcretedrillingandsawing.com,"24/7 ""call for appointment""",43.2550987,-79.7851456,7.104,has_website,,no,,"not checked (beyond --max-checks, or --no-health)",,,,,,
node/1962745080,node,International Clothiers,clothes,shop,Retail shops,shop=clothes,,,,,,,,,43.2265429,-79.9506426,7.105,no_website,,no,,,,,,,,
way/841539996,way,Hamilton Hyundai Parts & Services,car_repair,shop,Auto services,shop=car_repair,1815 Barton Street East,Hamilton,ON,L8H 5X9,+1 905 549 5150,,https://www.hamiltonhyundaipartscanada.ca/,,43.2450065,-79.7864503,7.106,has_website,,no,,"not checked (beyond --max-checks, or --no-health)",,,,,,
node/7833033610,node,Pet Country Market,pet,shop,Pet services,shop=pet,1439 Upper Ottawa Street,Hamilton,Ontario,L8W 3J6,+1-289-335-1177,,,Mo-Fr 09:00-19:00; Sa 09:00-17:30; Su 10:00-17:00,43.1966237,-79.8406943,7.106,no_website,,no,,,,,,,,
node/3274128148,node,Dollarama,variety_store,shop,Retail shops,shop=variety_store,,,,,,,http://www.dollarama.ca/,,43.193864,-79.8526354,7.11,has_website,,no,,"not checked (beyond --max-checks, or --no-health)",,,,,,
way/176090741,way,Rona+,doityourself,shop,Retail shops,shop=doityourself,,,,,,,,,43.3138184,-79.91069,7.113,no_website,,no,,,,,,,,
node/1962745082,node,Fairweather,clothes,shop,Retail shops,shop=clothes,,,,,,,,,43.2265234,-79.9508062,7.118,no_website,,no,,,,,,,,
node/13234430353,node,Caked Coffee,cafe,amenity,Food & drink,amenity=cafe,,,,,,,,,43.31566,-79.8405724,7.122,no_website,,no,,,,,,,,
way/254905696,way,Shoppers Drug Mart,pharmacy,healthcare,Health & clinics,healthcare=pharmacy,133 King Street West,Dundas,Ontario,,,,https://www.shoppersdrugmart.ca/en/store-locator/store/1056,Mo-Sa 08:00-20:00,43.2671249,-79.9595125,7.124,has_website,,no,,"not checked (beyond --max-checks, or --no-health)",,,,,,
node/11940203378,node,Momo Sushi,restaurant,amenity,Food & drink,amenity=restaurant,,,,,+1 2892300765,,,Mo off; Tu-Sa 12:00-20:00; Su 14:00-19:00,43.3157202,-79.8405206,7.13,no_website,,no,,,,,,,,
node/8502111831,node,L&L Alterations,tailor,shop,Retail shops,shop=tailor,368 Plains Road East,,,,+1 9056324719,,,"Mo,Su off; Tu-Fr 10:00-18:00; Sa 10:00-17:00",43.3157726,-79.8404827,7.136,no_website,,no,,,,,,,,
node/3273644828,node,Donut Diner,restaurant,amenity,Food & drink,amenity=restaurant,,,,,,,,,43.1982003,-79.8345688,7.145,no_website,,no,,,,,,,,
node/8502111833,node,Ornella Barber & Hair Styling,hairdresser,shop,Salons & barbers,shop=hairdresser,372 Plains Road East,Burlington,Ontario,L7T 0A4,+1-905-639-9888,,,Tu 09:00-16:30; We-Fr 09:00-17:00; Sa 09:00-16:00,43.315832,-79.8403935,7.145,no_website,,no,,,,,,,,
node/4683381458,node,Spa Vaidosa & Skin Care Centre,beauty,shop,Salons & barbers,shop=beauty,374 Plains Road East,Burlington,,L7T 0A4,+1-905-639-4531,,https://www.spavaidosa.com/,Tu-Fr 10:00-19:00; Sa 09:00-17:00,43.3158856,-79.8402976,7.153,has_website,,no,,"not checked (beyond --max-checks, or --no-health)",,,,,,
node/1962745087,node,Reitmans,clothes,shop,Retail shops,shop=clothes,,,,,,,,,43.2264373,-79.9513079,7.159,no_website,,no,,,,,,,,
node/8502111832,node,evolve Chiropractic Wellness Studio,alternative,healthcare,Health & clinics,healthcare=alternative,,,,,,,,,43.3160095,-79.8401722,7.17,no_website,,no,,,,,,,,
node/8502111830,node,Aldershot Dental Hygiene,dentist,healthcare,Health & clinics,healthcare=dentist,,,,,,,,,43.3160515,-79.8401051,7.176,no_website,,no,,,,,,,,
way/834783267,way,Staples,stationery,shop,Retail shops,shop=stationery,,,,,,,https://stores.staples.ca/on/hamilton/office-supplies-ca-456.html,,43.314806,-79.9096081,7.176,has_website,,no,,"not checked (beyond --max-checks, or --no-health)",,,,,,
node/8502111829,node,Elite Massage,massage,shop,Salons & barbers,shop=massage,,,,,,,,,43.3160886,-79.8400542,7.182,no_website,,no,,,,,,,,
node/8502111828,node,Salon 360,hairdresser,shop,Salons & barbers,shop=hairdresser,,,,,,,,,43.3161091,-79.8400166,7.185,no_website,,no,,,,,,,,
node/1962691084,node,Flowers by the Dozen,florist,shop,Retail shops,shop=florist,,,,,,,www.flowersbythedozen.com,,43.2262924,-79.9516794,7.193,has_website,,no,,"not checked (beyond --max-checks, or --no-health)",,,,,,
node/1962691016,node,LensCrafters,optician,shop,Retail shops,shop=optician,,,,,,,https://www.lenscrafters.com/,,43.2262811,-79.9517896,7.201,has_website,,no,,"not checked (beyond --max-checks, or --no-health)",,,,,,
node/1962691090,node,Milestones,restaurant,amenity,Food & drink,amenity=restaurant,,,,,,,,,43.2261579,-79.9524718,7.257,no_website,,no,,,,,,,,
node/4360514964,node,Waterdown Collision,car_repair,shop,Auto services,shop=car_repair,,,,,,,,,43.3134385,-79.9156679,7.259,no_website,,no,,,,,,,,
node/3954437747,node,Kia of Hamilton,car,shop,Auto services,shop=car,1885 Upper James Street,,,,,,https://www.kiaofhamilton.com/,,43.1930976,-79.8970436,7.272,has_website,,no,,"not checked (beyond --max-checks, or --no-health)",,,,,,
node/11425966873,node,McDonald's,fast_food,amenity,Food & drink,amenity=fast_food,,,,,,,,,43.3161251,-79.9089066,7.286,no_website,,no,,,,,,,,
node/7931466636,node,The MVMNT Clinic: Lilja Chiropractic + Wellness,clinic,healthcare,Health & clinics,healthcare=clinic,182 King Street West,,,,,,https://www.themvmntclinic.ca/,,43.2670742,-79.9617421,7.301,has_website,,no,,"not checked (beyond --max-checks, or --no-health)",,,,,,
node/3272251368,node,Brown Barrel,bar,amenity,Food & drink,amenity=bar,,,,,,,,,43.1944046,-79.8418914,7.303,no_website,,no,,,,,,,,
node/1962691015,node,Kelsey's,restaurant,amenity,Food & drink,amenity=restaurant,,,,,,,,,43.2260739,-79.9531612,7.311,no_website,,no,,,,,,,,
node/2713171305,node,Performance Improvements Hamilton,car_parts,shop,Auto services,shop=car_parts,1515 Upper Ottawa Street,Hamilton,,L8W 3E2,,,https://www.performanceimprovements.com/speed-shops,,43.1942528,-79.842021,7.315,has_website,,no,,"not checked (beyond --max-checks, or --no-health)",,,,,,
node/13646943403,node,Namu,restaurant,amenity,Food & drink,amenity=restaurant,186 King Street West,,,L9H1V4,+1-289-238-8738,namumodernrestaurant@gmail.com,http://namurestaurant.ca,Tu-Th 17:00-21:00; Fr-Sa 17:00-22:00,43.2672404,-79.9619612,7.321,has_website,,no,,"not checked (beyond --max-checks, or --no-health)",,,,,,
node/12586055617,node,Petro-Canada,convenience,shop,Retail shops,shop=convenience,,,,,,,,,43.2580765,-79.7824233,7.327,no_website,,no,,,,,,,,
way/264519099,way,Subway,fast_food,amenity,Food & drink,amenity=fast_food,,,,,,,,,43.1922511,-79.8497766,7.34,no_website,,no,,,,,,,,
way/401046927,way,The Dirt Depot,garden_centre,shop,Retail shops,shop=garden_centre,163 Highway 5 West,,,,+1-905-658-8787,,https://thedirtdepot.com/,,43.3041887,-79.9350149,7.344,has_website,,no,,"not checked (beyond --max-checks, or --no-health)",,,,,,
way/43940673,way,J.L. Grightmire Arena,ice_rink,leisure,Fitness & leisure,leisure=ice_rink,,,,,,,,,43.2660082,-79.96254,7.346,no_website,,no,,,,,,,,
node/211290791,node,Starbucks,cafe,amenity,Food & drink,amenity=cafe,,,,,,,,Mo-Sa 06:30-21:00; Su 06:30-19:00,43.2267254,-79.954199,7.353,no_website,,no,,,,,,,,
way/264498251,way,Wendy's,fast_food,amenity,Food & drink,amenity=fast_food,,,,,,,,,43.1921964,-79.8493587,7.354,no_website,,no,,,,,,,,
node/1962691046,node,Booster Juice,fast_food,amenity,Food & drink,amenity=fast_food,,,,,,,,,43.2261344,-79.9538344,7.356,no_website,,no,,,,,,,,
node/1962691014,node,Henry's,photo,shop,Retail shops,shop=photo,,,,,,,https://www.henrys.com/,,43.2260211,-79.9537532,7.356,has_website,,no,,"not checked (beyond --max-checks, or --no-health)",,,,,,
node/1962691007,node,Concept Dental Care,dentist,healthcare,Health & clinics,healthcare=dentist,,,,,+1-905-304-8880,,,,43.2260374,-79.9539677,7.371,no_website,,no,,,,,,,,
node/2811528001,node,Big Bear Food Mart,convenience,shop,Retail shops,shop=convenience,,,,,,,,,43.2423864,-79.78378,7.374,no_website,,no,,,,,,,,
node/14156400988,node,Arrow Automotive Repairs,car_repair,shop,Auto services,shop=car_repair,,,,,,,,,43.2672289,-79.9626392,7.375,no_website,,no,,,,,,,,
node/211298406,node,Indigo,books,shop,Retail shops,shop=books,,,,,,,,,43.2267191,-79.9545424,7.378,no_website,,no,,,,,,,,
node/8647250774,node,Royal LePage,estate_agent,office,Professional services,office=estate_agent,987 Rymal Road East,Hamilton,ON,L8W 3M2,+1 877-574-4601,,https://www.royallepagestate.ca/,Mo-Fr 09:00-21:00,43.1920184,-79.848945,7.382,has_website,,no,,"not checked (beyond --max-checks, or --no-health)",,,,,,
node/4360258627,node,Bruce Trail Veterinary Hospital,veterinary,amenity,Services,amenity=veterinary,,,,,+1-905-689-2000,,http://www.brucetrailvet.com/,,43.3172374,-79.9086485,7.392,has_website,,no,,"not checked (beyond --max-checks, or --no-health)",,,,,,
node/8485665459,node,Youngs Insurance Brokers Burlington,insurance,office,Professional services,office=insurance,444 Plains Road East,,,,+1 905-335-6925,,https://youngsinsuranceburlington.ca/,,43.3175073,-79.8378364,7.395,has_website,,no,,"not checked (beyond --max-checks, or --no-health)",,,,,,
node/13719642493,node,Direct Carpet Runners,carpet,shop,Retail shops,shop=carpet,"1527 Upper Ottawa Street, Unit Unit 15b",Hamilton,ON,L8W 3J4,+1-289-309-1986,support@directcarpetrunners.ca,https://directcarpetrunners.ca,24/7,43.1933235,-79.8421439,7.409,has_website,,no,,"not checked (beyond --max-checks, or --no-health)",,,,,,
way/834783240,way,Take 5 Oil Change,car_repair,shop,Auto services,shop=car_repair,,,,,,,,,43.3162798,-79.9121925,7.412,no_website,,no,,,,,,,,
way/183124616,way,The Villages of Glancaster,property_management,office,Professional services,office=property_management,,,,,,,https://thevog.site,,43.1994991,-79.9212536,7.413,has_website,,no,,"not checked (beyond --max-checks, or --no-health)",,,,,,
node/13325753696,node,Boonstra Heating and Air Conditioning,hvac,craft,Trades & contractors,craft=hvac,"120 Nebo Rd, Unit Unit #2",Hamilton,Ontario,L8W 2E4,+1-289-348-1593,info@boonstraright-time.ca,https://www.boonstraright-time.ca/,24/7,43.1945863,-79.8373883,7.417,has_website,,no,,"not checked (beyond --max-checks, or --no-health)",,,,,,
node/4360258629,node,Dollar Tree,variety_store,shop,Retail shops,shop=variety_store,,,,,,,,,43.3174174,-79.9088945,7.418,no_website,,no,,,,,,,,
node/4360241382,node,Popeyes,fast_food,amenity,Food & drink,amenity=fast_food,"80 Dundas Street East, Unit 1",,,,+1-905-689-9463,,http://www.izzyspastawinebar.ca/,,43.3169837,-79.9104442,7.424,has_website,,no,,"not checked (beyond --max-checks, or --no-health)",,,,,,
node/2620558067,node,Pho Nam Thanh,restaurant,amenity,Food & drink,amenity=restaurant,,,,,,,,,43.3170274,-79.910516,7.431,no_website,,no,,,,,,,,
node/4360241387,node,Vision Clinic,optician,shop,Retail shops,shop=optician,,,,,,,https://thevisionclinic.ca/,,43.3170566,-79.910565,7.436,has_website,,no,,"not checked (beyond --max-checks, or --no-health)",,,,,,
node/2620558057,node,Ren's Pet Depot,pet,shop,Pet services,shop=pet,,,,,,,,,43.3175532,-79.9090801,7.438,no_website,,no,,,,,,,,
node/4360241388,node,Waterdown Family Dentistry,dentist,healthcare,Health & clinics,healthcare=dentist,,,,,+1-905-689-8889,,http://www.waterdownfamilydentistry.com/,,43.3170848,-79.910612,7.44,has_website,,no,,"not checked (beyond --max-checks, or --no-health)",,,,,,
node/4360241386,node,Supercuts,hairdresser,shop,Salons & barbers,shop=hairdresser,,,,,,,,,43.3171196,-79.9106704,7.445,no_website,,no,,,,,,,,
node/4360241383,node,Little Caesars,fast_food,amenity,Food & drink,amenity=fast_food,,,,,,,,,43.3171505,-79.910722,7.45,no_website,,no,,,,,,,,
node/4360241381,node,Booster Juice,fast_food,amenity,Food & drink,amenity=fast_food,,,,,,,,,43.3171883,-79.9107854,7.456,no_website,,no,,,,,,,,
node/2620558066,node,Osmow's,fast_food,amenity,Food & drink,amenity=fast_food,"80 Dundas Street East, Unit 8",Waterdown,Ontario,L9H 7K6,+1 905-690-9700,,https://osmows.com/shawarma-waterdown-dundas-st/,Su-Th 11:00-23:00; Fr-Sa 11:00-00:00,43.3172124,-79.9108257,7.46,has_website,,no,,"not checked (beyond --max-checks, or --no-health)",,,,,,
node/1866772165,node,City Smiles Dental,dentist,healthcare,Health & clinics,healthcare=dentist,,,,,+1-905-589-7474,,https://www.citysmilesdental.ca/,,43.3177265,-79.9093329,7.464,has_website,,no,,"not checked (beyond --max-checks, or --no-health)",,,,,,
node/4360241384,node,Pedi n Nails,beauty,shop,Salons & barbers,shop=beauty,,,,,,,,,43.317243,-79.9108768,7.465,no_website,,no,,,,,,,,
node/7768538712,node,Dollar Tree,variety_store,shop,Retail shops,shop=variety_store,,,,,,,,,43.3179514,-79.8369728,7.468,no_website,,no,,,,,,,,
node/1866772177,node,AJ's Grill,fast_food,amenity,Food & drink,amenity=fast_food,,,,,,,http://www.ajsgrill.ca,,43.3177832,-79.9094158,7.472,has_website,,no,,"not checked (beyond --max-checks, or --no-health)",,,,,,
node/4436788054,node,Betula,restaurant,amenity,Food & drink,amenity=restaurant,,,,,,,,,43.2679527,-79.96368,7.472,no_website,,no,,,,,,,,
node/2620558065,node,Sunset Grill,restaurant,amenity,Food & drink,amenity=restaurant,,,,,,,,,43.3173118,-79.910992,7.476,no_website,,no,,,,,,,,
node/1866772156,node,Pita Pit,fast_food,amenity,Food & drink,amenity=fast_food,,,,,,,https://www.pitapit.com/,,43.3178209,-79.9094708,7.478,has_website,,no,,"not checked (beyond --max-checks, or --no-health)",,,,,,
node/4360258631,node,Real Burger,fast_food,amenity,Food & drink,amenity=fast_food,,,,,,,http://realburgerco.com/,,43.3178434,-79.9095037,7.481,has_website,,no,,"not checked (beyond --max-checks, or --no-health)",,,,,,
node/3954437749,node,Mazda of Hamilton,car,shop,Auto services,shop=car,1977 Upper James Street,,,,,,https://www.mazdaofhamilton.com/,,43.1912074,-79.897446,7.484,has_website,,no,,"not checked (beyond --max-checks, or --no-health)",,,,,,
node/1866772155,node,China Wok,fast_food,amenity,Food & drink,amenity=fast_food,"94 Dundas Street East, Unit 12",,,L9H 0C2,,,http://www.chinawok8888.ca/,"Mo,We-Th 11:00-20:30; Fr-Sa 11:00-21:00; Su 12:00-20:30",43.317879,-79.9095558,7.486,has_website,,no,,"not checked (beyond --max-checks, or --no-health)",,,,,,
node/1866772175,node,Great Clips,hairdresser,shop,Salons & barbers,shop=hairdresser,,,,,,,,,43.3179052,-79.9095941,7.49,no_website,,no,,,,,,,,
node/1866772162,node,Beachin' Tan,beauty,shop,Salons & barbers,shop=beauty,,,,,,,,,43.3179764,-79.9096983,7.501,no_website,,no,,,,,,,,
way/256371784,way,Harry Howell Arena,sports_centre,leisure,Fitness & leisure,leisure=sports_centre,27 Highway 5,,,,,,,,43.3130489,-79.9226956,7.51,no_website,,no,,,,,,,,
node/4360258628,node,DK Nail Spa,beauty,shop,Salons & barbers,shop=beauty,,,,,,,,,43.3180658,-79.9098291,7.514,no_website,,no,,,,,,,,
node/1866579605,node,Pizzaville,fast_food,amenity,Food & drink,amenity=fast_food,,,,,,,,,43.3181097,-79.9098932,7.521,no_website,,no,,,,,,,,
node/4360258626,node,Allstate,insurance,office,Professional services,office=insurance,,,,,,,,,43.3181644,-79.9099732,7.529,no_website,,no,,,,,,,,
node/4360258630,node,Hakim Optical,optician,shop,Retail shops,shop=optician,,,,,,,,,43.3182243,-79.9100608,7.538,no_website,,no,,,,,,,,
node/9054957825,node,KGC Therapy,physiotherapist,healthcare,Health & clinics,healthcare=physiotherapist,1575 Upper Ottawa Street,Hamilton,ON,L8W 3E2,+19053839727,,https://www.kgctherapy.com/,Mo 09:00-19:00; Tu 07:00-19:00; We 09:00-18:00; Th 08:00-19:00; Fr 09:00-13:00; Sa 08:00-13:30,43.1914128,-79.843005,7.587,has_website,,no,,"not checked (beyond --max-checks, or --no-health)",,,,,,
node/9054957824,node,Odyssey Hair Salon & Spa,hairdresser,shop,Salons & barbers,shop=hairdresser,1575 Upper Ottawa Street,Hamilton,ON,L8W 3E2,+19053833333,,https://www.odysseyhairsalon.com/,Mo-Tu 09:30-17:00; We-Fr 09:30-20:00; Sa 09:00-16:00,43.1913877,-79.8428883,7.592,has_website,,no,,"not checked (beyond --max-checks, or --no-health)",,,,,,
way/770926020,way,A&W,fast_food,amenity,Food & drink,amenity=fast_food,,,,,,,,,43.3185563,-79.9107764,7.595,no_website,,no,,,,,,,,
node/9054957823,node,The Co-operators - Claims Office,insurance,office,Professional services,office=insurance,"1575 Upper Ottawa Street, Unit Unit 4B",Hamilton,ON,L8W 3E2,+18776825246,,https://www.cooperators.ca/en/Claims/,Mo-Fr 09:00-17:00,43.1913466,-79.8428204,7.598,has_website,,no,,"not checked (beyond --max-checks, or --no-health)",,,,,,
node/14181382184,node,Oakville Hakka House,restaurant,amenity,Food & drink,amenity=restaurant,,,,,,,,,43.3189097,-79.8358519,7.601,no_website,,no,,,,,,,,
way/318012362,way,Shoppers Drug Mart,pharmacy,healthcare,Health & clinics,healthcare=pharmacy,503 Plains Road East,Burlington,Ontario,,,,https://www.shoppersdrugmart.ca/en/store-locator/store/1042,,43.3192566,-79.8369174,7.603,has_website,,no,,"not checked (beyond --max-checks, or --no-health)",,,,,,
node/7768538714,node,Burlington Optical,optician,shop,Retail shops,shop=optician,,,,,,,,,43.3189359,-79.8357936,7.606,no_website,,no,,,,,,,,
node/1866577748,node,The Keg,restaurant,amenity,Food & drink,amenity=restaurant,,,,,,,https://thekeg.com/en/locations/waterdown,,43.3168224,-79.9161519,7.609,has_website,,no,,"not checked (beyond --max-checks, or --no-health)",,,,,,
node/7768538715,node,Burlington Cell Phone Repairs,electronics_repair,craft,Trades & contractors,craft=electronics_repair,,,,,,,,,43.3189951,-79.8357185,7.614,no_website,,no,,,,,,,,
node/1866577770,node,Starbucks,cafe,amenity,Food & drink,amenity=cafe,,,,,,,,,43.3184695,-79.9116324,7.614,no_website,,no,,,,,,,,
node/1866577774,node,Subway,fast_food,amenity,Food & drink,amenity=fast_food,,,,,,,,,43.3185202,-79.91156,7.617,no_website,,no,,,,,,,,
node/1866577533,node,Montfort Grill House,restaurant,amenity,Food & drink,amenity=restaurant,,,,,,,https://www.montfortrestaurant.ca/,,43.3185788,-79.911501,7.621,has_website,,no,,"not checked (beyond --max-checks, or --no-health)",,,,,,
node/7768538722,node,Unbound Coffee + Gelato,cafe,amenity,Food & drink,amenity=cafe,"516 Plains Road East, Unit 6",Burlington,Ontario,L7T 2E2,,,https://www.instagram.com/unbound.coffee/,Mo-Su 08:00-20:00,43.3191498,-79.8355187,7.637,social_only,instagram,no,,,,,,,,
node/11981269003,node,Crooksy's,bar,amenity,Food & drink,amenity=bar,,,,,,,https://www.crooksys.ca/,Mo-Th 11:30-22:00; Fr-Sa 11:30-01:00; Su 12:00-21:00,43.2828926,-79.7859601,7.641,has_website,,no,,"not checked (beyond --max-checks, or --no-health)",,,,,,
node/10264963513,node,Dr Ngi Optometrist,doctor,healthcare,Health & clinics,healthcare=doctor,11-516 Plains Road East,Burlington,,L7T 2E2,+1 905 634-5400,DrNgiOffice@Gmail.com,https://drngioptometry.ca,,43.3191791,-79.8354878,7.641,has_website,,no,,"not checked (beyond --max-checks, or --no-health)",,,,,,
node/7768538721,node,Liberty Tax,tax_advisor,office,Professional services,office=tax_advisor,,,,,,,,,43.3191886,-79.8354627,7.642,no_website,,no,,,,,,,,
node/3272251369,node,Harvey's,fast_food,amenity,Food & drink,amenity=fast_food,,,,,,,,,43.1907243,-79.8435544,7.645,no_website,,no,,,,,,,,
node/9054957821,node,Island Jerk Hut,restaurant,amenity,Food & drink,amenity=restaurant,1575 Upper Ottawa Street,Hamilton,ON,L8W 3E2,+1-905-381-4244,,,Tu-Sa 11:00-21:00,43.190843,-79.8429741,7.648,no_website,,no,,,,,,,,
node/7768538720,node,Aardvark Comics,books,shop,Retail shops,shop=books,,,,,,,,,43.3192322,-79.8354004,7.649,no_website,,no,,,,,,,,
way/287904432,way,Rona+,doityourself,shop,Retail shops,shop=doityourself,,,,,,,,,43.2447562,-79.7796872,7.65,no_website,,no,,,,,,,,
node/7768538719,node,Danny's Nails,beauty,shop,Salons & barbers,shop=beauty,,,,,,,,,43.3192794,-79.8353456,7.655,no_website,,no,,,,,,,,
node/9054957820,node,Izzi Dental Care,dentist,healthcare,Health & clinics,healthcare=dentist,"1575 Upper Ottawa Street, Unit Unit 2B",Hamilton,ON,L8W 3E2,+1-905-318-5266,,https://www.hamiltonmountaindentist.ca/,Mo-Th 10:00-20:00; Fr 10:00-18:00; Sa 10:00-17:00,43.1907888,-79.8428255,7.657,has_website,,no,,"not checked (beyond --max-checks, or --no-health)",,,,,,
node/9054957819,node,City Shawarma,restaurant,amenity,Food & drink,amenity=restaurant,1575 Upper Ottawa Street,Hamilton,ON,L8W 3E2,+1-905-318-1111,,,Mo-Sa 11:00-21:00,43.190766,-79.8427348,7.662,no_website,,no,,,,,,,,
node/7768538717,node,Domino's,fast_food,amenity,Food & drink,amenity=fast_food,,,,,,,,,43.3193655,-79.8352248,7.668,no_website,,no,,,,,,,,
node/1866577722,node,Mark's,clothes,shop,Retail shops,shop=clothes,,,,,,,https://www.marks.com/en/store-details/on/waterdown-567.html,,43.3182783,-79.9137889,7.669,has_website,,no,,"not checked (beyond --max-checks, or --no-health)",,,,,,
node/9054957817,node,Pharmasave,pharmacy,healthcare,Health & clinics,healthcare=pharmacy,"1575 Upper Ottawa Street, Unit Unit A5",Hamilton,ON,L8W 3E2,,,,Mo-Fr 09:00-17:00,43.1907268,-79.8425599,7.67,no_website,,no,,,,,,,,
way/689919958,way,KFC,fast_food,amenity,Food & drink,amenity=fast_food,,,,,,,,,43.3188787,-79.9121513,7.673,no_website,,no,,,,,,,,
node/9054955815,node,Sherwin-Williams,paint,shop,Retail shops,shop=paint,"1575 Upper Ottawa Street, Unit Unit 6-7",Hamilton,ON,L8W 3E2,+1-905-574-3607,,https://www.sherwin-williams.com/store-locator/paint-store/hamilton/on/768876,Mo-Fr 07:00-19:00; Sa 08:00-17:00; Su 10:00-16:00,43.1906874,-79.8423918,7.679,has_website,,no,,"not checked (beyond --max-checks, or --no-health)",,,,,,
node/4360282223,node,Sport Chek,sports,shop,Retail shops,shop=sports,,,,,,,,,43.3185426,-79.9136427,7.69,no_website,,no,,,,,,,,
node/7196226409,node,Stacked Pancake & Breakfast House,restaurant,amenity,Food & drink,amenity=restaurant,"16 Clappison Avenue, Unit D25",Waterdown,,L8B 0Y2,,,,,43.3192341,-79.9116851,7.694,no_website,,no,,,,,,,,
node/9054955810,node,Wellwise,convenience,shop,Retail shops,shop=convenience,1575 Upper Ottawa Street,Hamilton,ON,L8W 3E2,+1 905-560-5661,,https://shop.wellwise.ca/pages/store-8482,Mo-Fr 09:00-18:00; Sa 09:00-17:00; Su 11:00-17:00,43.1905685,-79.8420172,7.701,has_website,,no,,"not checked (beyond --max-checks, or --no-health)",,,,,,
node/10291320502,node,Ontario Tech Roofing Hamilton,roofer,craft,Trades & contractors,craft=roofer,50 Nardi Court,,,,,,https://www.ontariotechroofing.com/roof-repair-hamilton/,,43.2260585,-79.7871629,7.703,has_website,,no,,"not checked (beyond --max-checks, or --no-health)",,,,,,
node/7793711293,node,Magnolia Dental,dentist,healthcare,Health & clinics,healthcare=dentist,"16 Clappison Ave, Unit d2-04",Waterdown,ON,L8B 0Y2,+1 905-690-2121,magnoliadental2121@gmail.com,https://magnoliadental.ca/,"Mo,We 09:00-17:00; Tu,Th 11:00-19:00; Sa 09:00-14:00",43.3193398,-79.9117591,7.707,has_website,,no,,"not checked (beyond --max-checks, or --no-health)",,,,,,
node/13683655331,node,Grindstone Physiotherapy,physiotherapist,healthcare,Health & clinics,healthcare=physiotherapist,,,,,,,,,43.3195551,-79.9121002,7.74,no_website,,no,,,,,,,,
node/3272251371,node,Mr. Grande Pizza,fast_food,amenity,Food & drink,amenity=fast_food,,,,,,,,,43.1902706,-79.8415209,7.746,no_website,,no,,,,,,,,
way/176090766,way,Boston Pizza,restaurant,amenity,Food & drink,amenity=restaurant,,,,,,,,,43.3187743,-79.9147301,7.751,no_website,,no,,,,,,,,
node/2811530701,node,7-Eleven,convenience,shop,Retail shops,shop=convenience,,,,,,,https://stores.7-eleven.ca/store/29130,,43.2414478,-79.7790052,7.774,has_website,,no,,"not checked (beyond --max-checks, or --no-health)",,,,,,
way/176200913,way,Mercedes-Benz Burlington,car,shop,Auto services,shop=car,441 North Service Road,,,,,,www.mercedesbenzburlington.ca,,43.3239442,-79.8495815,7.778,has_website,,no,,"not checked (beyond --max-checks, or --no-health)",,,,,,
node/4044978959,node,OK Tire,tyres,shop,Auto services,shop=tyres,,,,,,,,,43.3204875,-79.8351389,7.785,no_website,,no,,,,,,,,
node/12207900681,node,Treasure Hunt,variety_store,shop,Retail shops,shop=variety_store,30 Horseshoe Crescent,Hamilton,Ontario,L0R 2H2,+1-905-689-8474,,,Mo-Sa 09:30-20:00,43.3179792,-79.9178671,7.788,no_website,,no,,,,,,,,
node/1993798920,node,Blair's Variety,convenience,shop,Retail shops,shop=convenience,,,,,,,,,43.2695322,-79.9673155,7.793,no_website,,no,,,,,,,,
node/4044978955,node,Elite Motors,car,shop,Auto services,shop=car,,,,,,,,,43.3207302,-79.8350461,7.813,no_website,,no,,,,,,,,
node/7770159412,node,Trek Bicycle Burlington,bicycle,shop,Retail shops,shop=bicycle,560 Plains Road East,Burlington,On,L7T 2E3,+1 905 333 3720,,https://www.trekbikes.com/ca/en_CA/retail/burlington/,Su 12:00-17:00;Tu-Fr 10:00-18:00;Sa 10:00-17:00,43.3204948,-79.833884,7.826,has_website,,no,,"not checked (beyond --max-checks, or --no-health)",,,,,,
node/7770159414,node,Aroma Kitchen,restaurant,amenity,Food & drink,amenity=restaurant,,,,,,,,,43.3205337,-79.8338067,7.833,no_website,,no,,,,,,,,
node/7770159421,node,Shapings,clothes,shop,Retail shops,shop=clothes,,,,,,,,,43.320605,-79.8337166,7.843,no_website,,no,,,,,,,,
node/7770159422,node,Mr. Sub,fast_food,amenity,Food & drink,amenity=fast_food,,,,,,,,,43.3206429,-79.8336759,7.848,no_website,,no,,,,,,,,
way/98057127,way,Splitsville Entertainment,bowling_alley,leisure,Fitness & leisure,leisure=bowling_alley,1525 Stone Church Road East,,,L8W 3P8,+1-905-387-3660,,https://www.splitsville.ca/locations/hamilton-bowling/,,43.1958956,-79.8221596,7.852,has_website,,no,,"not checked (beyond --max-checks, or --no-health)",,,,,,
node/7770159424,node,L&L Unisex Alterations,tailor,shop,Retail shops,shop=tailor,,,,,,,,,43.3206819,-79.8336241,7.854,no_website,,no,,,,,,,,
node/1866577761,node,Dollarama,variety_store,shop,Retail shops,shop=variety_store,,,,,,,https://www.dollarama.com/,,43.3201085,-79.9141241,7.864,has_website,,no,,"not checked (beyond --max-checks, or --no-health)",,,,,,
node/13683655326,node,Crunch Fitness,fitness_centre,leisure,Fitness & leisure,leisure=fitness_centre,,,,,,,,,43.3201533,-79.9144632,7.88,no_website,,no,,,,,,,,
node/13684947399,node,EMCO,hardware,shop,Retail shops,shop=hardware,1660 Upper Ottawa Street,,,,+1-905-318-5077,,https://emco.ca/stores/emco-hamilton/,Mo-Fr 06:30-16:00,43.1880798,-79.8453746,7.882,has_website,,no,,"not checked (beyond --max-checks, or --no-health)",,,,,,
node/7770697088,node,Booked Experiences,books,shop,Retail shops,shop=books,,,,,,,,,43.3212714,-79.8341102,7.898,no_website,,no,,,,,,,,
node/7770697086,node,Tribal Gypsy,gift,shop,Retail shops,shop=gift,,,,,,,,,43.3213293,-79.8342022,7.901,no_website,,no,,,,,,,,
node/7770691980,node,Sona Grill,fast_food,amenity,Food & drink,amenity=fast_food,,,,,,,,,43.3213658,-79.834243,7.904,no_website,,no,,,,,,,,
way/98057097,way,Home Hardware,hardware,shop,Retail shops,shop=hardware,,,,,,,,,43.1896653,-79.8379427,7.908,no_website,,no,,,,,,,,
node/6407027213,node,CharityHub,cafe,amenity,Food & drink,amenity=cafe,,,,,,,,,43.1891469,-79.8396426,7.914,no_website,,no,,,,,,,,
node/3272251372,node,Tim Hortons,cafe,amenity,Food & drink,amenity=cafe,,,,,,,,,43.1890171,-79.8401683,7.914,no_website,,no,,,,,,,,
node/419363324,node,Dairy Queen,fast_food,amenity,Food & drink,amenity=fast_food,,,,,,,,,43.3214609,-79.8336215,7.933,no_website,,no,,,,,,,,
node/419363330,node,Pizza Pizza,fast_food,amenity,Food & drink,amenity=fast_food,,,,,,,,,43.3217562,-79.8334494,7.969,no_website,,no,,,,,,,,
node/4129219177,node,Baci's,restaurant,amenity,Food & drink,amenity=restaurant,,,,,,,,,43.1939054,-79.8232309,7.998,no_website,,no,,,,,,,,
